  1007013836

 MYSTRAN Version 18.0.A   JUL 19 2026 MYSTRAN developed by Dr Bill Case
*** Please report any problems to mystransolver@gmail.com ***                                                                                                                                                                                                   

 >> MYSTRAN BEGIN  : 10/ 7/2026 at  1:38:36.110 The input file is duel3a.dat                                                                                                                                                                                                                                                      


 >> LINK  0 BEGIN


SOL 101                                                                                                                                                                                                                                                         
CEND                                                                                                                                                                                                                                                            
TITLE = SAP2000 PROBLEM 2-001-THICK                                                                                                                                                                                                                             
ECHO = BOTH                                                                                                                                                                                                                                                     
SPC = 1                                                                                                                                                                                                                                                         
GPSTRESS=ALL                                                                                                                                                                                                                                                    
STRFIELD=ALL                                                                                                                                                                                                                                                    
SUBCASE 1                                                                                                                                                                                                                                                       
  LABEL = LC1_MEMBRANE                                                                                                                                                                                                                                          
  LOAD = 1                                                                                                                                                                                                                                                      
  DISPLACEMENT = ALL                                                                                                                                                                                                                                            
  STRESS(CENTER,CORNER) = ALL                                                                                                                                                                                                                                   
  FORCES(CENTER,CORNER)= ALL                                                                                                                                                                                                                                    
SUBCASE 2                                                                                                                                                                                                                                                       
  LABEL = LC2_BENDING                                                                                                                                                                                                                                           
  LOAD = 2                                                                                                                                                                                                                                                      
  DISPLACEMENT = ALL                                                                                                                                                                                                                                            
  FORCES(CENTER,CORNER)= ALL                                                                                                                                                                                                                                    
  STRESS(CENTER,CORNER) = ALL                                                                                                                                                                                                                                   
OUTPUT(POST)                                                                                                                                                                                                                                                    
SET 1 = 1,2,3,4,5                                                                                                                                                                                                                                               
SET 2 = 11,12,13,14,15                                                                                                                                                                                                                                          
SET 3 = 21,22,23,24,25                                                                                                                                                                                                                                          
SET 4 = 31,32,33,34,35,36,37,38,39,40                                                                                                                                                                                                                           
SET 5 = 41,42,43,44,45,46,47,48,49,50                                                                                                                                                                                                                           
SET 6 = 51,52,53,54,55,56,57,58,59,60                                                                                                                                                                                                                           
                                                                                                                                                                                                                                                                
SURFACE 100 SET 1 NORMAL Z                                                                                                                                                                                                                                      
SURFACE 200 SET 2 NORMAL Z                                                                                                                                                                                                                                      
SURFACE 300 SET 3 NORMAL Z                                                                                                                                                                                                                                      
SURFACE 400 SET 4 NORMAL Z                                                                                                                                                                                                                                      
SURFACE 500 SET 5 NORMAL Z                                                                                                                                                                                                                                      
SURFACE 600 SET 6 NORMAL Z                                                                                                                                                                                                                                      
                                                                                                                                                                                                                                                                
BEGIN BULK                                                                                                                                                                                                                                                      
ECHO: loadb PARAM,BAILOUT,-1                                                                                                                                                                                                                                                
ECHO: loadb MAT1,1,1.0E6,,0.25                                                                                                                                                                                                                                              
 *INFORMATION: MAT1 ENTRY        1 HAD FIELD FOR G  BLANK. MYSTRAN CALCULATED G  =  4.000000E+05
ECHO: loadb PSHELL,1,1,0.001,1,,1                                                                                                                                                                                                                                           
ECHO:  nextc                                                                                                                                                                                                                                                                 
ECHO: loadb                                                                                                                                                                                                                                                                 
ECHO: loadb GRID,1,,0.,0.,0.                                                                                                                                                                                                                                                
ECHO: loadb GRID,2,,0.,0.12,0.                                                                                                                                                                                                                                              
ECHO: loadb GRID,3,,0.04,0.02,0.                                                                                                                                                                                                                                            
ECHO: loadb GRID,4,,0.08,0.08,0.                                                                                                                                                                                                                                            
ECHO: loadb GRID,5,,0.18,0.03,0.                                                                                                                                                                                                                                            
ECHO: loadb GRID,6,,0.16,0.08,0.                                                                                                                                                                                                                                            
ECHO: loadb GRID,7,,0.24,0.,0.                                                                                                                                                                                                                                              
ECHO: loadb GRID,8,,0.24,0.12,0.                                                                                                                                                                                                                                            
ECHO: loadb                                                                                                                                                                                                                                                                 
ECHO: loadb GRID,401,,0.,1.0                                                                                                                                                                                                                                                
ECHO: loadb GRID,402,,0.,1.12,0.                                                                                                                                                                                                                                            
ECHO: loadb GRID,407,,0.24,1.,0.                                                                                                                                                                                                                                            
ECHO: loadb GRID,408,,0.24,1.12,0.                                                                                                                                                                                                                                          
ECHO: loadb GRID,409,,0.,1.06,0.                                                                                                                                                                                                                                            
ECHO: loadb GRID,410,,0.12,1.12,0.                                                                                                                                                                                                                                          
ECHO: loadb GRID,411,,0.24,1.06,0.                                                                                                                                                                                                                                          
ECHO: loadb GRID,412,,0.12,1.,0.                                                                                                                                                                                                                                            
ECHO: loadb GRID,413,,0.17,1.055,0.                                                                                                                                                                                                                                         
ECHO: loadb GRID,414,,0.06,1.05,0.                                                                                                                                                                                                                                          
ECHO: loadb                                                                                                                                                                                                                                                                 
ECHO: loadb                                                                                                                                                                                                                                                                 
ECHO: loadb GRID,501,,0.,2.,0.                                                                                                                                                                                                                                              
ECHO: loadb GRID,502,,0.,2.12,0.                                                                                                                                                                                                                                            
ECHO: loadb GRID,503,,0.04,2.02,0.                                                                                                                                                                                                                                          
ECHO: loadb GRID,504,,0.08,2.08,0.                                                                                                                                                                                                                                          
ECHO: loadb GRID,505,,0.18,2.03,0.                                                                                                                                                                                                                                          
ECHO: loadb GRID,506,,0.16,2.08,0.                                                                                                                                                                                                                                          
ECHO: loadb GRID,507,,0.24,2.,0.                                                                                                                                                                                                                                            
ECHO: loadb GRID,508,,0.24,2.12,0.                                                                                                                                                                                                                                          
ECHO: loadb GRID,509,,0.,2.06,0.                                                                                                                                                                                                                                            
ECHO: loadb GRID,510,,0.12,2.12,0.                                                                                                                                                                                                                                          
ECHO: loadb GRID,511,,0.24,2.06,0.                                                                                                                                                                                                                                          
ECHO: loadb GRID,512,,0.12,2.,0.                                                                                                                                                                                                                                            
ECHO: loadb GRID,513,,0.17,2.055,0.                                                                                                                                                                                                                                         
ECHO: loadb GRID,514,,0.06,2.05,0.                                                                                                                                                                                                                                          
ECHO: loadb GRID,515,,0.02,2.01,0.                                                                                                                                                                                                                                          
ECHO: loadb GRID,516,,0.04,2.1,0.                                                                                                                                                                                                                                           
ECHO: loadb GRID,517,,0.2,2.1,0.                                                                                                                                                                                                                                            
ECHO: loadb GRID,518,,0.21,2.015,0.                                                                                                                                                                                                                                         
ECHO: loadb GRID,519,,0.11,2.025,0.                                                                                                                                                                                                                                         
ECHO: loadb GRID,520,,0.12,2.08,0.                                                                                                                                                                                                                                          
ECHO: loadb                                                                                                                                                                                                                                                                 
ECHO: loadb GRID,101,,1.,0.,0.                                                                                                                                                                                                                                              
ECHO: loadb GRID,102,,1.,0.12,0.                                                                                                                                                                                                                                            
ECHO: loadb GRID,103,,1.04,0.02,0.                                                                                                                                                                                                                                          
ECHO: loadb GRID,104,,1.08,0.08,0.                                                                                                                                                                                                                                          
ECHO: loadb GRID,105,,1.18,0.03,0.                                                                                                                                                                                                                                          
ECHO: loadb GRID,106,,1.16,0.08,0.                                                                                                                                                                                                                                          
ECHO: loadb GRID,107,,1.24,0.,0.                                                                                                                                                                                                                                            
ECHO: loadb GRID,108,,1.24,0.12,0.                                                                                                                                                                                                                                          
ECHO: loadb                                                                                                                                                                                                                                                                 
ECHO: loadb GRID,201,,1.,1.0                                                                                                                                                                                                                                                
ECHO: loadb GRID,202,,1.,1.12,0.                                                                                                                                                                                                                                            
ECHO: loadb GRID,207,,1.24,1.,0.                                                                                                                                                                                                                                            
ECHO: loadb GRID,208,,1.24,1.12,0.                                                                                                                                                                                                                                          
ECHO: loadb GRID,209,,1.,1.06,0.                                                                                                                                                                                                                                            
ECHO: loadb GRID,210,,1.12,1.12,0.                                                                                                                                                                                                                                          
ECHO: loadb GRID,211,,1.24,1.06,0.                                                                                                                                                                                                                                          
ECHO: loadb GRID,212,,1.12,1.,0.                                                                                                                                                                                                                                            
ECHO: loadb GRID,213,,1.17,1.055,0.                                                                                                                                                                                                                                         
ECHO: loadb GRID,214,,1.06,1.05,0.                                                                                                                                                                                                                                          
ECHO: loadb                                                                                                                                                                                                                                                                 
ECHO: loadb                                                                                                                                                                                                                                                                 
ECHO: loadb GRID,301,,1.,2.,0.                                                                                                                                                                                                                                              
ECHO: loadb GRID,302,,1.,2.12,0.                                                                                                                                                                                                                                            
ECHO: loadb GRID,303,,1.04,2.02,0.                                                                                                                                                                                                                                          
ECHO: loadb GRID,304,,1.08,2.08,0.                                                                                                                                                                                                                                          
ECHO: loadb GRID,305,,1.18,2.03,0.                                                                                                                                                                                                                                          
ECHO: loadb GRID,306,,1.16,2.08,0.                                                                                                                                                                                                                                          
ECHO: loadb GRID,307,,1.24,2.,0.                                                                                                                                                                                                                                            
ECHO: loadb GRID,308,,1.24,2.12,0.                                                                                                                                                                                                                                          
ECHO: loadb GRID,309,,1.,2.06,0.                                                                                                                                                                                                                                            
ECHO: loadb GRID,310,,1.12,2.12,0.                                                                                                                                                                                                                                          
ECHO: loadb GRID,311,,1.24,2.06,0.                                                                                                                                                                                                                                          
ECHO: loadb GRID,312,,1.12,2.,0.                                                                                                                                                                                                                                            
ECHO: loadb GRID,313,,1.17,2.055,0.                                                                                                                                                                                                                                         
ECHO: loadb GRID,314,,1.06,2.05,0.                                                                                                                                                                                                                                          
ECHO: loadb GRID,315,,1.02,2.01,0.                                                                                                                                                                                                                                          
ECHO: loadb GRID,316,,1.04,2.1,0.                                                                                                                                                                                                                                           
ECHO: loadb GRID,317,,1.2,2.1,0.                                                                                                                                                                                                                                            
ECHO: loadb GRID,318,,1.21,2.015,0.                                                                                                                                                                                                                                         
ECHO: loadb GRID,319,,1.11,2.025,0.                                                                                                                                                                                                                                         
ECHO: loadb GRID,320,,1.12,2.08,0.                                                                                                                                                                                                                                          
ECHO: loadb                                                                                                                                                                                                                                                                 
ECHO: loadb GRID,321,,1.02,2.07,0.                                                                                                                                                                                                                                          
ECHO: loadb GRID,322,,1.08,2.1,0.                                                                                                                                                                                                                                           
ECHO: loadb GRID,323,,1.21,2.075,0.                                                                                                                                                                                                                                         
ECHO: loadb GRID,324,,1.14,2.01,0.                                                                                                                                                                                                                                          
ECHO: loadb GRID,325,,1.13,2.055,0.                                                                                                                                                                                                                                         
ECHO: loadb                                                                                                                                                                                                                                                                 
ECHO: loadb PARAM,QUAD4TYP,DKMQ20                                                                                                                                                                                                                                           
ECHO: loadb                                                                                                                                                                                                                                                                 
ECHO: loadb CQUAD4,1,1,1,2,4,3                                                                                                                                                                                                                                              
ECHO: loadb CQUAD4,2,1,7,1,3,5                                                                                                                                                                                                                                              
ECHO: loadb CQUAD4,3,1,4,6,5,3                                                                                                                                                                                                                                              
ECHO: loadb CQUAD4,4,1,2,8,6,4                                                                                                                                                                                                                                              
ECHO: loadb CQUAD4,5,1,8,7,5,6                                                                                                                                                                                                                                              
ECHO:  nextc                                                                                                                                                                                                                                                                 
ECHO: loadb CQUAD4,11,1,401,409,414,412                                                                                                                                                                                                                                     
ECHO: loadb CQUAD4,12,1,409,402,410,414                                                                                                                                                                                                                                     
ECHO: loadb CQUAD4,13,1,412,414,410,413                                                                                                                                                                                                                                     
ECHO: loadb CQUAD4,14,1,413,410,408,411                                                                                                                                                                                                                                     
ECHO: loadb CQUAD4,15,1,412,413,411,407                                                                                                                                                                                                                                     
ECHO:  nextc                                                                                                                                                                                                                                                                 
ECHO: loadb                                                                                                                                                                                                                                                                 
ECHO: loadb PARAM,QUAD8TYP,ANS8BDG6                                                                                                                                                                                                                                         
ECHO: loadb                                                                                                                                                                                                                                                                 
ECHO: loadb CQUAD8,21,1,501,502,504,503,509,516                                                                                                                                                                                                                             
ECHO:  nextc ,514,515                                                                                                                                                                                                                                                        
ECHO: loadb CQUAD8,22,1,507,501,503,505,512,515                                                                                                                                                                                                                             
ECHO:  nextc ,519,518                                                                                                                                                                                                                                                        
ECHO: loadb CQUAD8,23,1,504,506,505,503,520,513                                                                                                                                                                                                                             
ECHO:  nextc ,519,514                                                                                                                                                                                                                                                        
ECHO: loadb CQUAD8,24,1,502,508,506,504,510,517                                                                                                                                                                                                                             
ECHO:  nextc ,520,516                                                                                                                                                                                                                                                        
ECHO: loadb CQUAD8,25,1,508,507,505,506,511,518                                                                                                                                                                                                                             
ECHO:  nextc ,513,517                                                                                                                                                                                                                                                        
ECHO: loadb                                                                                                                                                                                                                                                                 
ECHO: loadb PARAM,TRIA3TYP,MITC3+                                                                                                                                                                                                                                           
ECHO: loadb                                                                                                                                                                                                                                                                 
ECHO: loadb                                                                                                                                                                                                                                                                 
ECHO: loadb CTRIA3,31,1,103,102,104                                                                                                                                                                                                                                         
ECHO: loadb CTRIA3,32,1,103,105,107                                                                                                                                                                                                                                         
ECHO: loadb CTRIA3,33,1,104,106,105                                                                                                                                                                                                                                         
ECHO: loadb CTRIA3,34,1,106,102,108                                                                                                                                                                                                                                         
ECHO: loadb CTRIA3,35,1,105,106,108                                                                                                                                                                                                                                         
ECHO: loadb CTRIA3,36,1,101,102,103                                                                                                                                                                                                                                         
ECHO: loadb CTRIA3,37,1,104,102,106                                                                                                                                                                                                                                         
ECHO: loadb CTRIA3,38,1,105,108,107                                                                                                                                                                                                                                         
ECHO: loadb CTRIA3,39,1,101,103,107                                                                                                                                                                                                                                         
ECHO: loadb CTRIA3,40,1,103,104,105                                                                                                                                                                                                                                         
ECHO:  nextc                                                                                                                                                                                                                                                                 
ECHO: loadb CTRIA3,41,1,209,202,214                                                                                                                                                                                                                                         
ECHO: loadb CTRIA3,42,1,201,214,212                                                                                                                                                                                                                                         
ECHO: loadb CTRIA3,43,1,212,214,210                                                                                                                                                                                                                                         
ECHO: loadb CTRIA3,44,1,212,210,213                                                                                                                                                                                                                                         
ECHO: loadb CTRIA3,45,1,213,208,211                                                                                                                                                                                                                                         
ECHO: loadb CTRIA3,46,1,201,209,214                                                                                                                                                                                                                                         
ECHO: loadb CTRIA3,47,1,214,202,210                                                                                                                                                                                                                                         
ECHO: loadb CTRIA3,48,1,213,210,208                                                                                                                                                                                                                                         
ECHO: loadb CTRIA3,49,1,207,213,211                                                                                                                                                                                                                                         
ECHO: loadb CTRIA3,50,1,212,213,207                                                                                                                                                                                                                                         
ECHO:  nextc                                                                                                                                                                                                                                                                 
ECHO: loadb                                                                                                                                                                                                                                                                 
ECHO: loadb PARAM,TRIA6TYP,MITC6                                                                                                                                                                                                                                            
ECHO: loadb                                                                                                                                                                                                                                                                 
ECHO: loadb CTRIA6,51,1,303,302,304,321,316,314                                                                                                                                                                                                                             
ECHO: loadb CTRIA6,52,1,303,305,307,319,318,324                                                                                                                                                                                                                             
ECHO: loadb CTRIA6,53,1,304,306,305,320,313,325                                                                                                                                                                                                                             
ECHO: loadb CTRIA6,54,1,306,302,308,322,310,317                                                                                                                                                                                                                             
ECHO: loadb CTRIA6,55,1,305,306,308,313,317,323                                                                                                                                                                                                                             
ECHO: loadb CTRIA6,56,1,301,302,303,309,321,315                                                                                                                                                                                                                             
ECHO: loadb CTRIA6,57,1,304,302,306,316,322,320                                                                                                                                                                                                                             
ECHO: loadb CTRIA6,58,1,305,308,307,323,311,318                                                                                                                                                                                                                             
ECHO: loadb CTRIA6,59,1,301,303,307,315,324,312                                                                                                                                                                                                                             
ECHO: loadb CTRIA6,60,1,303,304,305,314,325,319                                                                                                                                                                                                                             
ECHO: loadb SPC1,1,12345,1                                                                                                                                                                                                                                                  
ECHO: loadb SPC1,1,12345,2                                                                                                                                                                                                                                                  
ECHO: loadb SPC1,1,12345,7                                                                                                                                                                                                                                                  
ECHO: loadb SPC1,1,12345,8                                                                                                                                                                                                                                                  
ECHO:  nextc                                                                                                                                                                                                                                                                 
ECHO: loadb SPC1,1,12345,401                                                                                                                                                                                                                                                
ECHO: loadb SPC1,1,12345,402                                                                                                                                                                                                                                                
ECHO: loadb SPC1,1,12345,407                                                                                                                                                                                                                                                
ECHO: loadb SPC1,1,12345,408                                                                                                                                                                                                                                                
ECHO: loadb SPC1,1,12345,409                                                                                                                                                                                                                                                
ECHO: loadb SPC1,1,12345,410                                                                                                                                                                                                                                                
ECHO: loadb SPC1,1,12345,411                                                                                                                                                                                                                                                
ECHO: loadb SPC1,1,12345,412                                                                                                                                                                                                                                                
ECHO:  nextc                                                                                                                                                                                                                                                                 
ECHO: loadb SPC1,1,12345,501                                                                                                                                                                                                                                                
ECHO: loadb SPC1,1,12345,502                                                                                                                                                                                                                                                
ECHO: loadb SPC1,1,12345,507                                                                                                                                                                                                                                                
ECHO: loadb SPC1,1,12345,508                                                                                                                                                                                                                                                
ECHO: loadb SPC1,1,12345,509                                                                                                                                                                                                                                                
ECHO: loadb SPC1,1,12345,510                                                                                                                                                                                                                                                
ECHO: loadb SPC1,1,12345,511                                                                                                                                                                                                                                                
ECHO: loadb SPC1,1,12345,512                                                                                                                                                                                                                                                
ECHO:  nextc                                                                                                                                                                                                                                                                 
ECHO:  nextc                                                                                                                                                                                                                                                                 
ECHO: loadb SPC1,1,12345,101                                                                                                                                                                                                                                                
ECHO: loadb SPC1,1,12345,102                                                                                                                                                                                                                                                
ECHO: loadb SPC1,1,12345,107                                                                                                                                                                                                                                                
ECHO: loadb SPC1,1,12345,108                                                                                                                                                                                                                                                
ECHO:  nextc                                                                                                                                                                                                                                                                 
ECHO: loadb SPC1,1,12345,201                                                                                                                                                                                                                                                
ECHO: loadb SPC1,1,12345,202                                                                                                                                                                                                                                                
ECHO: loadb SPC1,1,12345,207                                                                                                                                                                                                                                                
ECHO: loadb SPC1,1,12345,208                                                                                                                                                                                                                                                
ECHO: loadb SPC1,1,12345,209                                                                                                                                                                                                                                                
ECHO: loadb SPC1,1,12345,210                                                                                                                                                                                                                                                
ECHO: loadb SPC1,1,12345,211                                                                                                                                                                                                                                                
ECHO: loadb SPC1,1,12345,212                                                                                                                                                                                                                                                
ECHO:  nextc                                                                                                                                                                                                                                                                 
ECHO: loadb SPC1,1,12345,301                                                                                                                                                                                                                                                
ECHO: loadb SPC1,1,12345,302                                                                                                                                                                                                                                                
ECHO: loadb SPC1,1,12345,307                                                                                                                                                                                                                                                
ECHO: loadb SPC1,1,12345,308                                                                                                                                                                                                                                                
ECHO: loadb SPC1,1,12345,309                                                                                                                                                                                                                                                
ECHO: loadb SPC1,1,12345,310                                                                                                                                                                                                                                                
ECHO: loadb SPC1,1,12345,311                                                                                                                                                                                                                                                
ECHO: loadb SPC1,1,12345,312                                                                                                                                                                                                                                                
ECHO:  nextc                                                                                                                                                                                                                                                                 
ECHO: loadb SPCD,1,2,1,6E-05                                                                                                                                                                                                                                                
ECHO: loadb SPCD,1,2,2,0.00012                                                                                                                                                                                                                                              
ECHO: loadb SPCD,1,7,1,0.00024                                                                                                                                                                                                                                              
ECHO: loadb SPCD,1,7,2,0.00012                                                                                                                                                                                                                                              
ECHO: loadb SPCD,1,8,1,0.0003                                                                                                                                                                                                                                               
ECHO: loadb SPCD,1,8,2,0.00024                                                                                                                                                                                                                                              
ECHO: loadb                                                                                                                                                                                                                                                                 
ECHO: loadb SPCD,1,102,1,6E-05                                                                                                                                                                                                                                              
ECHO: loadb SPCD,1,102,2,0.00012                                                                                                                                                                                                                                            
ECHO: loadb SPCD,1,107,1,0.00024                                                                                                                                                                                                                                            
ECHO: loadb SPCD,1,107,2,0.00012                                                                                                                                                                                                                                            
ECHO: loadb SPCD,1,108,1,0.0003                                                                                                                                                                                                                                             
ECHO: loadb SPCD,1,108,2,0.00024                                                                                                                                                                                                                                            
ECHO: loadb                                                                                                                                                                                                                                                                 
ECHO: loadb SPCD,1,402,1,6E-05                                                                                                                                                                                                                                              
ECHO: loadb SPCD,1,402,2,0.00012                                                                                                                                                                                                                                            
ECHO: loadb SPCD,1,407,1,0.00024                                                                                                                                                                                                                                            
ECHO: loadb SPCD,1,407,2,0.00012                                                                                                                                                                                                                                            
ECHO: loadb SPCD,1,408,1,0.0003                                                                                                                                                                                                                                             
ECHO: loadb SPCD,1,408,2,0.00024                                                                                                                                                                                                                                            
ECHO: loadb SPCD,1,409,1,3E-05                                                                                                                                                                                                                                              
ECHO: loadb SPCD,1,409,2,6E-05                                                                                                                                                                                                                                              
ECHO: loadb SPCD,1,410,1,18E-05                                                                                                                                                                                                                                             
ECHO: loadb SPCD,1,410,2,18E-05                                                                                                                                                                                                                                             
ECHO: loadb SPCD,1,411,1,27E-05                                                                                                                                                                                                                                             
ECHO: loadb SPCD,1,411,2,18E-05                                                                                                                                                                                                                                             
ECHO: loadb SPCD,1,412,1,12E-05                                                                                                                                                                                                                                             
ECHO: loadb SPCD,1,412,2,6E-05                                                                                                                                                                                                                                              
ECHO: loadb                                                                                                                                                                                                                                                                 
ECHO: loadb SPCD,1,202,1,6E-05                                                                                                                                                                                                                                              
ECHO: loadb SPCD,1,202,2,0.00012                                                                                                                                                                                                                                            
ECHO: loadb SPCD,1,207,1,0.00024                                                                                                                                                                                                                                            
ECHO: loadb SPCD,1,207,2,0.00012                                                                                                                                                                                                                                            
ECHO: loadb SPCD,1,208,1,0.0003                                                                                                                                                                                                                                             
ECHO: loadb SPCD,1,208,2,0.00024                                                                                                                                                                                                                                            
ECHO: loadb SPCD,1,209,1,3E-05                                                                                                                                                                                                                                              
ECHO: loadb SPCD,1,209,2,6E-05                                                                                                                                                                                                                                              
ECHO: loadb SPCD,1,210,1,18E-05                                                                                                                                                                                                                                             
ECHO: loadb SPCD,1,210,2,18E-05                                                                                                                                                                                                                                             
ECHO: loadb SPCD,1,211,1,27E-05                                                                                                                                                                                                                                             
ECHO: loadb SPCD,1,211,2,18E-05                                                                                                                                                                                                                                             
ECHO: loadb SPCD,1,212,1,12E-05                                                                                                                                                                                                                                             
ECHO: loadb SPCD,1,212,2,6E-05                                                                                                                                                                                                                                              
ECHO: loadb                                                                                                                                                                                                                                                                 
ECHO: loadb SPCD,1,502,1,6E-05                                                                                                                                                                                                                                              
ECHO: loadb SPCD,1,502,2,0.00012                                                                                                                                                                                                                                            
ECHO: loadb SPCD,1,507,1,0.00024                                                                                                                                                                                                                                            
ECHO: loadb SPCD,1,507,2,0.00012                                                                                                                                                                                                                                            
ECHO: loadb SPCD,1,508,1,0.0003                                                                                                                                                                                                                                             
ECHO: loadb SPCD,1,508,2,0.00024                                                                                                                                                                                                                                            
ECHO: loadb SPCD,1,509,1,3E-05                                                                                                                                                                                                                                              
ECHO: loadb SPCD,1,509,2,6E-05                                                                                                                                                                                                                                              
ECHO: loadb SPCD,1,510,1,18E-05                                                                                                                                                                                                                                             
ECHO: loadb SPCD,1,510,2,18E-05                                                                                                                                                                                                                                             
ECHO: loadb SPCD,1,511,1,27E-05                                                                                                                                                                                                                                             
ECHO: loadb SPCD,1,511,2,18E-05                                                                                                                                                                                                                                             
ECHO: loadb SPCD,1,512,1,12E-05                                                                                                                                                                                                                                             
ECHO: loadb SPCD,1,512,2,6E-05                                                                                                                                                                                                                                              
ECHO: loadb                                                                                                                                                                                                                                                                 
ECHO: loadb SPCD,1,302,1,6E-05                                                                                                                                                                                                                                              
ECHO: loadb SPCD,1,302,2,0.00012                                                                                                                                                                                                                                            
ECHO: loadb SPCD,1,307,1,0.00024                                                                                                                                                                                                                                            
ECHO: loadb SPCD,1,307,2,0.00012                                                                                                                                                                                                                                            
ECHO: loadb SPCD,1,308,1,0.0003                                                                                                                                                                                                                                             
ECHO: loadb SPCD,1,308,2,0.00024                                                                                                                                                                                                                                            
ECHO: loadb SPCD,1,309,1,3E-05                                                                                                                                                                                                                                              
ECHO: loadb SPCD,1,309,2,6E-05                                                                                                                                                                                                                                              
ECHO: loadb SPCD,1,310,1,18E-05                                                                                                                                                                                                                                             
ECHO: loadb SPCD,1,310,2,18E-05                                                                                                                                                                                                                                             
ECHO: loadb SPCD,1,311,1,27E-05                                                                                                                                                                                                                                             
ECHO: loadb SPCD,1,311,2,18E-05                                                                                                                                                                                                                                             
ECHO: loadb SPCD,1,312,1,12E-05                                                                                                                                                                                                                                             
ECHO: loadb SPCD,1,312,2,6E-05                                                                                                                                                                                                                                              
ECHO: loadb                                                                                                                                                                                                                                                                 
ECHO: loadb                                                                                                                                                                                                                                                                 
ECHO: loadb SPCD,2,2,3,7.2E-06                                                                                                                                                                                                                                              
ECHO: loadb SPCD,2,2,4,0.00012                                                                                                                                                                                                                                              
ECHO: loadb SPCD,2,2,5,-6E-05                                                                                                                                                                                                                                               
ECHO: loadb SPCD,2,7,3,2.88E-05                                                                                                                                                                                                                                             
ECHO: loadb SPCD,2,7,4,0.00012                                                                                                                                                                                                                                              
ECHO: loadb SPCD,2,7,5,-0.00024                                                                                                                                                                                                                                             
ECHO: loadb SPCD,2,8,3,5.04E-05                                                                                                                                                                                                                                             
ECHO: loadb SPCD,2,8,4,0.00024                                                                                                                                                                                                                                              
ECHO: loadb SPCD,2,8,5,-0.0003                                                                                                                                                                                                                                              
ECHO: loadb                                                                                                                                                                                                                                                                 
ECHO: loadb                                                                                                                                                                                                                                                                 
ECHO: loadb SPCD,2,102,3,7.2E-06                                                                                                                                                                                                                                            
ECHO: loadb SPCD,2,102,4,0.00012                                                                                                                                                                                                                                            
ECHO: loadb SPCD,2,102,5,-6E-05                                                                                                                                                                                                                                             
ECHO: loadb SPCD,2,107,3,2.88E-05                                                                                                                                                                                                                                           
ECHO: loadb SPCD,2,107,4,0.00012                                                                                                                                                                                                                                            
ECHO: loadb SPCD,2,107,5,-0.00024                                                                                                                                                                                                                                           
ECHO: loadb SPCD,2,108,3,5.04E-05                                                                                                                                                                                                                                           
ECHO: loadb SPCD,2,108,4,0.00024                                                                                                                                                                                                                                            
ECHO: loadb SPCD,2,108,5,-0.0003                                                                                                                                                                                                                                            
ECHO: loadb                                                                                                                                                                                                                                                                 
ECHO: loadb SPCD,2,402,3,7.2E-06                                                                                                                                                                                                                                            
ECHO: loadb SPCD,2,402,4,0.00012                                                                                                                                                                                                                                            
ECHO: loadb SPCD,2,402,5,-6E-05                                                                                                                                                                                                                                             
ECHO: loadb SPCD,2,407,3,2.88E-05                                                                                                                                                                                                                                           
ECHO: loadb SPCD,2,407,4,0.00012                                                                                                                                                                                                                                            
ECHO: loadb SPCD,2,407,5,-0.00024                                                                                                                                                                                                                                           
ECHO: loadb SPCD,2,408,3,5.04E-05                                                                                                                                                                                                                                           
ECHO: loadb SPCD,2,408,4,0.00024                                                                                                                                                                                                                                            
ECHO: loadb SPCD,2,408,5,-0.0003                                                                                                                                                                                                                                            
ECHO: loadb SPCD,2,409,3,0.0000018                                                                                                                                                                                                                                          
ECHO: loadb SPCD,2,409,4,0.00006                                                                                                                                                                                                                                            
ECHO: loadb SPCD,2,409,5,-0.00003                                                                                                                                                                                                                                           
ECHO: loadb SPCD,2,410,3,0.0000216                                                                                                                                                                                                                                          
ECHO: loadb SPCD,2,410,4,0.00018                                                                                                                                                                                                                                            
ECHO: loadb SPCD,2,410,5,-0.00018                                                                                                                                                                                                                                           
ECHO: loadb SPCD,2,411,3,0.0000378                                                                                                                                                                                                                                          
ECHO: loadb SPCD,2,411,4,0.00018                                                                                                                                                                                                                                            
ECHO: loadb SPCD,2,411,5,-0.00027                                                                                                                                                                                                                                           
ECHO: loadb SPCD,2,412,3,0.0000072                                                                                                                                                                                                                                          
ECHO: loadb SPCD,2,412,4,0.00006                                                                                                                                                                                                                                            
ECHO: loadb SPCD,2,412,5,-0.00012                                                                                                                                                                                                                                           
ECHO: loadb                                                                                                                                                                                                                                                                 
ECHO: loadb SPCD,2,202,3,7.2E-06                                                                                                                                                                                                                                            
ECHO: loadb SPCD,2,202,4,0.00012                                                                                                                                                                                                                                            
ECHO: loadb SPCD,2,202,5,-6E-05                                                                                                                                                                                                                                             
ECHO: loadb SPCD,2,207,3,2.88E-05                                                                                                                                                                                                                                           
ECHO: loadb SPCD,2,207,4,0.00012                                                                                                                                                                                                                                            
ECHO: loadb SPCD,2,207,5,-0.00024                                                                                                                                                                                                                                           
ECHO: loadb SPCD,2,208,3,5.04E-05                                                                                                                                                                                                                                           
ECHO: loadb SPCD,2,208,4,0.00024                                                                                                                                                                                                                                            
ECHO: loadb SPCD,2,208,5,-0.0003                                                                                                                                                                                                                                            
ECHO: loadb SPCD,2,209,3,0.0000018                                                                                                                                                                                                                                          
ECHO: loadb SPCD,2,209,4,0.00006                                                                                                                                                                                                                                            
ECHO: loadb SPCD,2,209,5,-0.00003                                                                                                                                                                                                                                           
ECHO: loadb SPCD,2,210,3,0.0000216                                                                                                                                                                                                                                          
ECHO: loadb SPCD,2,210,4,0.00018                                                                                                                                                                                                                                            
ECHO: loadb SPCD,2,210,5,-0.00018                                                                                                                                                                                                                                           
ECHO: loadb SPCD,2,211,3,0.0000378                                                                                                                                                                                                                                          
ECHO: loadb SPCD,2,211,4,0.00018                                                                                                                                                                                                                                            
ECHO: loadb SPCD,2,211,5,-0.00027                                                                                                                                                                                                                                           
ECHO: loadb SPCD,2,212,3,0.0000072                                                                                                                                                                                                                                          
ECHO: loadb SPCD,2,212,4,0.00006                                                                                                                                                                                                                                            
ECHO: loadb SPCD,2,212,5,-0.00012                                                                                                                                                                                                                                           
ECHO: loadb                                                                                                                                                                                                                                                                 
ECHO: loadb                                                                                                                                                                                                                                                                 
ECHO: loadb                                                                                                                                                                                                                                                                 
ECHO: loadb SPCD,2,502,3,7.2E-06                                                                                                                                                                                                                                            
ECHO: loadb SPCD,2,502,4,0.00012                                                                                                                                                                                                                                            
ECHO: loadb SPCD,2,502,5,-6E-05                                                                                                                                                                                                                                             
ECHO: loadb SPCD,2,507,3,2.88E-05                                                                                                                                                                                                                                           
ECHO: loadb SPCD,2,507,4,0.00012                                                                                                                                                                                                                                            
ECHO: loadb SPCD,2,507,5,-0.00024                                                                                                                                                                                                                                           
ECHO: loadb SPCD,2,508,3,5.04E-05                                                                                                                                                                                                                                           
ECHO: loadb SPCD,2,508,4,0.00024                                                                                                                                                                                                                                            
ECHO: loadb SPCD,2,508,5,-0.0003                                                                                                                                                                                                                                            
ECHO: loadb SPCD,2,509,3,0.0000018                                                                                                                                                                                                                                          
ECHO: loadb SPCD,2,509,4,0.00006                                                                                                                                                                                                                                            
ECHO: loadb SPCD,2,509,5,-0.00003                                                                                                                                                                                                                                           
ECHO: loadb SPCD,2,510,3,0.0000216                                                                                                                                                                                                                                          
ECHO: loadb SPCD,2,510,4,0.00018                                                                                                                                                                                                                                            
ECHO: loadb SPCD,2,510,5,-0.00018                                                                                                                                                                                                                                           
ECHO: loadb SPCD,2,511,3,0.0000378                                                                                                                                                                                                                                          
ECHO: loadb SPCD,2,511,4,0.00018                                                                                                                                                                                                                                            
ECHO: loadb SPCD,2,511,5,-0.00027                                                                                                                                                                                                                                           
ECHO: loadb SPCD,2,512,3,0.0000072                                                                                                                                                                                                                                          
ECHO: loadb SPCD,2,512,4,0.00006                                                                                                                                                                                                                                            
ECHO: loadb SPCD,2,512,5,-0.00012                                                                                                                                                                                                                                           
ECHO: loadb                                                                                                                                                                                                                                                                 
ECHO: loadb SPCD,2,302,3,7.2E-06                                                                                                                                                                                                                                            
ECHO: loadb SPCD,2,302,4,0.00012                                                                                                                                                                                                                                            
ECHO: loadb SPCD,2,302,5,-6E-05                                                                                                                                                                                                                                             
ECHO: loadb SPCD,2,307,3,2.88E-05                                                                                                                                                                                                                                           
ECHO: loadb SPCD,2,307,4,0.00012                                                                                                                                                                                                                                            
ECHO: loadb SPCD,2,307,5,-0.00024                                                                                                                                                                                                                                           
ECHO: loadb SPCD,2,308,3,5.04E-05                                                                                                                                                                                                                                           
ECHO: loadb SPCD,2,308,4,0.00024                                                                                                                                                                                                                                            
ECHO: loadb SPCD,2,308,5,-0.0003                                                                                                                                                                                                                                            
ECHO: loadb SPCD,2,309,3,0.0000018                                                                                                                                                                                                                                          
ECHO: loadb SPCD,2,309,4,0.00006                                                                                                                                                                                                                                            
ECHO: loadb SPCD,2,309,5,-0.00003                                                                                                                                                                                                                                           
ECHO: loadb SPCD,2,310,3,0.0000216                                                                                                                                                                                                                                          
ECHO: loadb SPCD,2,310,4,0.00018                                                                                                                                                                                                                                            
ECHO: loadb SPCD,2,310,5,-0.00018                                                                                                                                                                                                                                           
ECHO: loadb SPCD,2,311,3,0.0000378                                                                                                                                                                                                                                          
ECHO: loadb SPCD,2,311,4,0.00018                                                                                                                                                                                                                                            
ECHO: loadb SPCD,2,311,5,-0.00027                                                                                                                                                                                                                                           
ECHO: loadb SPCD,2,312,3,0.0000072                                                                                                                                                                                                                                          
ECHO: loadb SPCD,2,312,4,0.00006                                                                                                                                                                                                                                            
ECHO: loadb SPCD,2,312,5,-0.00012                                                                                                                                                                                                                                           
ECHO: loadb                                                                                                                                                                                                                                                                 
ECHO: loadb                                                                                                                                                                                                                                                                 
ECHO: loadb ENDDATA                                                                                                                                                                                                                                                         





 >> LINK  0 END


 >> LINK  1 BEGIN

               DEALLOCATED  5.88E-01 MB MEMORY FROM ARRAY STF3

               DEALLOCATED  1.94E-03 MB MEMORY FROM ARRAY STFKEY
               DEALLOCATED  5.88E-01 MB MEMORY FROM ARRAY STF3

 >> LINK  1 END


 >> LINK  2 BEGIN



 *INFORMATION: AUTOSPC Summary, Overall: after identification of all AUTOSPC's                                                               

                                     AUTOSPC_RAT = 1.000000E-08

                       Number of DOF's identified for AUTOSPC in component  1         =            0
                       Number of DOF's identified for AUTOSPC in component  2         =            0
                       Number of DOF's identified for AUTOSPC in component  3         =            0
                       Number of DOF's identified for AUTOSPC in component  4         =            0
                       Number of DOF's identified for AUTOSPC in component  5         =            0
                       Number of DOF's identified for AUTOSPC in component  6         =            0
                                                                                        ------------
                       Total number of DOF's identified overall                       =            0


 >> LINK  2 END


 >> LINK  3 BEGIN

 *INFORMATION: MUMPS symmetry audit for matrix KLL chose mode Y in subr LINK3                          

 *INFORMATION: FOR INTERNAL SUBCASE NUMBER        1 EPSILON ERROR ESTIMATE            =  1.856056E-16 Based on U'*(K*U - P)/(U'*P)

 *INFORMATION: FOR INTERNAL SUBCASE NUMBER        2 EPSILON ERROR ESTIMATE            =  2.081488E-17 Based on U'*(K*U - P)/(U'*P)


 >> LINK  3 END


 >> LINK  5 BEGIN


 >> LINK  5 END


 >> LINK  9 BEGIN



 OUTPUT FOR SUBCASE        1
 SAP2000 PROBLEM 2-001-THICK                                                                                                                                                                                                                                     
 LC1_MEMBRANE                                                                                                                                                                                                                                                    

                                                       D I S P L A C E M E N T S
                                              (in global coordinate system at each grid)
           GRID     COORD      T1            T2            T3            R1            R2            R3
                     SYS
              1        0  0.0           0.0           0.0           0.0           0.0           1.441964E-18
              2        0  6.000000E-05  1.200000E-04  0.0           0.0           0.0          -1.610476E-18
              3        0  5.000000E-05  4.000000E-05  0.0           0.0           0.0          -6.096355E-19
              4        0  1.200000E-04  1.200000E-04  0.0           0.0           0.0           2.047681E-18
              5        0  1.950000E-04  1.200000E-04  0.0           0.0           0.0           2.235688E-19
              6        0  2.000000E-04  1.600000E-04  0.0           0.0           0.0          -2.656791E-18
              7        0  2.400000E-04  1.200000E-04  0.0           0.0           0.0           1.565562E-18
              8        0  3.000000E-04  2.400000E-04  0.0           0.0           0.0           1.222734E-18
            101        0  0.0           0.0           0.0           0.0           0.0           0.0         
            102        0  6.000000E-05  1.200000E-04  0.0           0.0           0.0           0.0         
            103        0  5.000000E-05  4.000000E-05  0.0           0.0           0.0           0.0         
            104        0  1.200000E-04  1.200000E-04  0.0           0.0           0.0           0.0         
            105        0  1.950000E-04  1.200000E-04  0.0           0.0           0.0           0.0         
            106        0  2.000000E-04  1.600000E-04  0.0           0.0           0.0           0.0         
            107        0  2.400000E-04  1.200000E-04  0.0           0.0           0.0           0.0         
            108        0  3.000000E-04  2.400000E-04  0.0           0.0           0.0           0.0         
            201        0  0.0           0.0           0.0           0.0           0.0           0.0         
            202        0  6.000000E-05  1.200000E-04  0.0           0.0           0.0           0.0         
            207        0  2.400000E-04  1.200000E-04  0.0           0.0           0.0           0.0         
            208        0  3.000000E-04  2.400000E-04  0.0           0.0           0.0           0.0         
            209        0  3.000000E-05  6.000000E-05  0.0           0.0           0.0           0.0         
            210        0  1.800000E-04  1.800000E-04  0.0           0.0           0.0           0.0         
            211        0  2.700000E-04  1.800000E-04  0.0           0.0           0.0           0.0         
            212        0  1.200000E-04  6.000000E-05  0.0           0.0           0.0           0.0         
            213        0  1.975000E-04  1.400000E-04  0.0           0.0           0.0           0.0         
            214        0  8.500000E-05  8.000000E-05  0.0           0.0           0.0           0.0         
            301        0  0.0           0.0           0.0           0.0           0.0          -1.243913E-16
            302        0  6.000000E-05  1.200000E-04  0.0           0.0           0.0           4.016235E-17
            303        0  5.000000E-05  4.000000E-05  0.0           0.0           0.0          -5.112607E-18
            304        0  1.200000E-04  1.200000E-04  0.0           0.0           0.0          -4.460502E-17
            305        0  1.950000E-04  1.200000E-04  0.0           0.0           0.0          -2.417552E-17
            306        0  2.000000E-04  1.600000E-04  0.0           0.0           0.0           3.266307E-18
            307        0  2.400000E-04  1.200000E-04  0.0           0.0           0.0           5.519342E-17
            308        0  3.000000E-04  2.400000E-04  0.0           0.0           0.0          -5.558826E-18
            309        0  3.000000E-05  6.000000E-05  0.0           0.0           0.0           1.256922E-17
            310        0  1.800000E-04  1.800000E-04  0.0           0.0           0.0           4.148208E-18
            311        0  2.700000E-04  1.800000E-04  0.0           0.0           0.0           5.895398E-17
            312        0  1.200000E-04  6.000000E-05  0.0           0.0           0.0          -2.709857E-17
            313        0  1.975000E-04  1.400000E-04  0.0           0.0           0.0          -1.240934E-18
            314        0  8.500000E-05  8.000000E-05  0.0           0.0           0.0          -3.735212E-17
            315        0  2.500000E-05  2.000000E-05  0.0           0.0           0.0           3.718408E-17
            316        0  9.000000E-05  1.200000E-04  0.0           0.0           0.0          -2.255004E-18
            317        0  2.500000E-04  2.000000E-04  0.0           0.0           0.0           1.661796E-17
            318        0  2.175000E-04  1.200000E-04  0.0           0.0           0.0          -4.214218E-18
            319        0  1.225000E-04  8.000000E-05  0.0           0.0           0.0          -1.089767E-17
            320        0  1.600000E-04  1.400000E-04  0.0           0.0           0.0          -2.837455E-17
            321        0  5.500000E-05  8.000000E-05  0.0           0.0           0.0           6.234590E-17
            322        0  1.300000E-04  1.400000E-04  0.0           0.0           0.0           1.815251E-17
            323        0  2.475000E-04  1.800000E-04  0.0           0.0           0.0          -1.372154E-17
            324        0  1.450000E-04  8.000000E-05  0.0           0.0           0.0          -3.830647E-17
            325        0  1.575000E-04  1.200000E-04  0.0           0.0           0.0          -4.073949E-18
            401        0  0.0           0.0           0.0           0.0           0.0          -9.548880E-20
            402        0  6.000000E-05  1.200000E-04  0.0           0.0           0.0           2.323729E-18
            407        0  2.400000E-04  1.200000E-04  0.0           0.0           0.0          -4.382906E-19
            408        0  3.000000E-04  2.400000E-04  0.0           0.0           0.0           7.888820E-19
            409        0  3.000000E-05  6.000000E-05  0.0           0.0           0.0          -8.757438E-19
            410        0  1.800000E-04  1.800000E-04  0.0           0.0           0.0          -1.351748E-18
            411        0  2.700000E-04  1.800000E-04  0.0           0.0           0.0           2.026604E-18
            412        0  1.200000E-04  6.000000E-05  0.0           0.0           0.0          -1.340787E-18
            413        0  1.975000E-04  1.400000E-04  0.0           0.0           0.0           1.624936E-18
            414        0  8.500000E-05  8.000000E-05  0.0           0.0           0.0           1.258989E-18
            501        0  0.0           0.0           0.0           0.0           0.0           4.388652E-17
            502        0  6.000000E-05  1.200000E-04  0.0           0.0           0.0          -2.323342E-17
            503        0  5.000000E-05  4.000000E-05  0.0           0.0           0.0          -3.807761E-17
            504        0  1.200000E-04  1.200000E-04  0.0           0.0           0.0          -7.027335E-17
            505        0  1.950000E-04  1.200000E-04  0.0           0.0           0.0          -1.892430E-16
            506        0  2.000000E-04  1.600000E-04  0.0           0.0           0.0          -4.448705E-17
            507        0  2.400000E-04  1.200000E-04  0.0           0.0           0.0          -5.047725E-19
            508        0  3.000000E-04  2.400000E-04  0.0           0.0           0.0           3.981661E-17
            509        0  3.000000E-05  6.000000E-05  0.0           0.0           0.0          -1.358512E-17
            510        0  1.800000E-04  1.800000E-04  0.0           0.0           0.0          -1.064653E-17
            511        0  2.700000E-04  1.800000E-04  0.0           0.0           0.0          -2.999424E-17
            512        0  1.200000E-04  6.000000E-05  0.0           0.0           0.0          -2.145897E-17
            513        0  1.975000E-04  1.400000E-04  0.0           0.0           0.0          -5.198926E-18
            514        0  8.500000E-05  8.000000E-05  0.0           0.0           0.0          -1.720184E-17
            515        0  2.500000E-05  2.000000E-05  0.0           0.0           0.0          -3.029552E-17
            516        0  9.000000E-05  1.200000E-04  0.0           0.0           0.0           3.243113E-17
            517        0  2.500000E-04  2.000000E-04  0.0           0.0           0.0          -4.174421E-17
            518        0  2.175000E-04  1.200000E-04  0.0           0.0           0.0          -1.973726E-17
            519        0  1.225000E-04  8.000000E-05  0.0           0.0           0.0           4.947568E-18
            520        0  1.600000E-04  1.400000E-04  0.0           0.0           0.0          -3.008418E-17
                         ------------- ------------- ------------- ------------- ------------- -------------
                MAX* :    3.000000E-04  2.400000E-04  0.0           0.0           0.0           6.234590E-17
                MIN* :    0.0           0.0           0.0           0.0           0.0          -1.892430E-16

                ABS* :    3.000000E-04  2.400000E-04  0.0           0.0           0.0           1.892430E-16
                *for output set


 OUTPUT FOR SUBCASE        1
 SAP2000 PROBLEM 2-001-THICK                                                                                                                                                                                                                                     
 LC1_MEMBRANE                                                                                                                                                                                                                                                    

                                                       E L E M E N T   E N G I N E E R I N G   F O R C E S
                                                           F O R   E L E M E N T   T Y P E   Q U A D 4  
  Element Location               N o r m a l   F o r c e s                       M o m e n t s                   T r a n s v e r s e
     ID                                                                                                        S h e a r   F o r c e s
                              Nxx           Nyy           Nxy           Mxx           Myy           Mxy            Qx           Qy
        1                 1.333333E+00  1.333333E+00 -4.000000E-01  0.0           0.0           0.0           0.0           0.0         
           GRD       1    1.333333E+00  1.333333E+00 -4.000000E-01  0.0           0.0           0.0           0.0           0.0         
           GRD       2    1.333333E+00  1.333333E+00 -4.000000E-01  0.0           0.0           0.0           0.0           0.0         
           GRD       4    1.333333E+00  1.333333E+00 -4.000000E-01  0.0           0.0           0.0           0.0           0.0         
           GRD       3    1.333333E+00  1.333333E+00 -4.000000E-01  0.0           0.0           0.0           0.0           0.0         
        2                 1.333333E+00  1.333333E+00 -4.000000E-01  0.0           0.0           0.0           0.0           0.0         
           GRD       7    1.333333E+00  1.333333E+00 -4.000000E-01  0.0           0.0           0.0           0.0           0.0         
           GRD       1    1.333333E+00  1.333333E+00 -4.000000E-01  0.0           0.0           0.0           0.0           0.0         
           GRD       3    1.333333E+00  1.333333E+00 -4.000000E-01  0.0           0.0           0.0           0.0           0.0         
           GRD       5    1.333333E+00  1.333333E+00 -4.000000E-01  0.0           0.0           0.0           0.0           0.0         
        3                 1.333333E+00  1.333333E+00 -4.000000E-01  0.0           0.0           0.0           0.0           0.0         
           GRD       4    1.333333E+00  1.333333E+00 -4.000000E-01  0.0           0.0           0.0           0.0           0.0         
           GRD       6    1.333333E+00  1.333333E+00 -4.000000E-01  0.0           0.0           0.0           0.0           0.0         
           GRD       5    1.333333E+00  1.333333E+00 -4.000000E-01  0.0           0.0           0.0           0.0           0.0         
           GRD       3    1.333333E+00  1.333333E+00 -4.000000E-01  0.0           0.0           0.0           0.0           0.0         
        4                 1.333333E+00  1.333333E+00 -4.000000E-01  0.0           0.0           0.0           0.0           0.0         
           GRD       2    1.333333E+00  1.333333E+00 -4.000000E-01  0.0           0.0           0.0           0.0           0.0         
           GRD       8    1.333333E+00  1.333333E+00 -4.000000E-01  0.0           0.0           0.0           0.0           0.0         
           GRD       6    1.333333E+00  1.333333E+00 -4.000000E-01  0.0           0.0           0.0           0.0           0.0         
           GRD       4    1.333333E+00  1.333333E+00 -4.000000E-01  0.0           0.0           0.0           0.0           0.0         
        5                 1.333333E+00  1.333333E+00 -4.000000E-01  0.0           0.0           0.0           0.0           0.0         
           GRD       8    1.333333E+00  1.333333E+00 -4.000000E-01  0.0           0.0           0.0           0.0           0.0         
           GRD       7    1.333333E+00  1.333333E+00 -4.000000E-01  0.0           0.0           0.0           0.0           0.0         
           GRD       5    1.333333E+00  1.333333E+00 -4.000000E-01  0.0           0.0           0.0           0.0           0.0         
           GRD       6    1.333333E+00  1.333333E+00 -4.000000E-01  0.0           0.0           0.0           0.0           0.0         
       11                 1.333333E+00  1.333333E+00 -4.000000E-01  0.0           0.0           0.0           0.0           0.0         
           GRD     401    1.333333E+00  1.333333E+00 -4.000000E-01  0.0           0.0           0.0           0.0           0.0         
           GRD     409    1.333333E+00  1.333333E+00 -4.000000E-01  0.0           0.0           0.0           0.0           0.0         
           GRD     414    1.333333E+00  1.333333E+00 -4.000000E-01  0.0           0.0           0.0           0.0           0.0         
           GRD     412    1.333333E+00  1.333333E+00 -4.000000E-01  0.0           0.0           0.0           0.0           0.0         
       12                 1.333333E+00  1.333333E+00 -4.000000E-01  0.0           0.0           0.0           0.0           0.0         
           GRD     409    1.333333E+00  1.333333E+00 -4.000000E-01  0.0           0.0           0.0           0.0           0.0         
           GRD     402    1.333333E+00  1.333333E+00 -4.000000E-01  0.0           0.0           0.0           0.0           0.0         
           GRD     410    1.333333E+00  1.333333E+00 -4.000000E-01  0.0           0.0           0.0           0.0           0.0         
           GRD     414    1.333333E+00  1.333333E+00 -4.000000E-01  0.0           0.0           0.0           0.0           0.0         
       13                 1.333333E+00  1.333333E+00 -4.000000E-01  0.0           0.0           0.0           0.0           0.0         
           GRD     412    1.333333E+00  1.333333E+00 -4.000000E-01  0.0           0.0           0.0           0.0           0.0         
           GRD     414    1.333333E+00  1.333333E+00 -4.000000E-01  0.0           0.0           0.0           0.0           0.0         
           GRD     410    1.333333E+00  1.333333E+00 -4.000000E-01  0.0           0.0           0.0           0.0           0.0         
           GRD     413    1.333333E+00  1.333333E+00 -4.000000E-01  0.0           0.0           0.0           0.0           0.0         
       14                 1.333333E+00  1.333333E+00 -4.000000E-01  0.0           0.0           0.0           0.0           0.0         
           GRD     413    1.333333E+00  1.333333E+00 -4.000000E-01  0.0           0.0           0.0           0.0           0.0         
           GRD     410    1.333333E+00  1.333333E+00 -4.000000E-01  0.0           0.0           0.0           0.0           0.0         
           GRD     408    1.333333E+00  1.333333E+00 -4.000000E-01  0.0           0.0           0.0           0.0           0.0         
           GRD     411    1.333333E+00  1.333333E+00 -4.000000E-01  0.0           0.0           0.0           0.0           0.0         
       15                 1.333333E+00  1.333333E+00 -4.000000E-01  0.0           0.0           0.0           0.0           0.0         
           GRD     412    1.333333E+00  1.333333E+00 -4.000000E-01  0.0           0.0           0.0           0.0           0.0         
           GRD     413    1.333333E+00  1.333333E+00 -4.000000E-01  0.0           0.0           0.0           0.0           0.0         
           GRD     411    1.333333E+00  1.333333E+00 -4.000000E-01  0.0           0.0           0.0           0.0           0.0         
           GRD     407    1.333333E+00  1.333333E+00 -4.000000E-01  0.0           0.0           0.0           0.0           0.0         
                          ------------- ------------- ------------- ------------- ------------- ------------- ------------- -------------
                MAX* :    1.333333E+00  1.333333E+00 -4.000000E-01  0.000000E+00  0.000000E+00  0.000000E+00  0.000000E+00  0.000000E+00
                MIN* :    1.333333E+00  1.333333E+00 -4.000000E-01  0.000000E+00  0.000000E+00  0.000000E+00  0.000000E+00  0.000000E+00

                ABS* :    1.333333E+00  1.333333E+00  4.000000E-01  0.000000E+00  0.000000E+00  0.000000E+00  0.000000E+00  0.000000E+00
                *for output set


                                 F O R C E S   A T   G R I D   P O I N T S   - -   S U R F A C E     100
0                      SURFACE X-AXIS X  NORMAL(Z-AXIS)  Z        REFERENCE COORDINATE SYSTEM FOR SURFACE DEFINITION CID        0

        GRID       ELEM             NXX           NYY           NXY           MXX           MYY           MXY            QX            QY
        1         1       1.333333E+00  1.333333E+00 -4.000000E-01  0.0           0.0           0.0           0.0           0.0
        2         1       1.333333E+00  1.333333E+00 -4.000000E-01  0.0           0.0           0.0           0.0           0.0
        4         1       1.333333E+00  1.333333E+00 -4.000000E-01  0.0           0.0           0.0           0.0           0.0
        3         1       1.333333E+00  1.333333E+00 -4.000000E-01  0.0           0.0           0.0           0.0           0.0
        7         2       1.333333E+00  1.333333E+00 -4.000000E-01  0.0           0.0           0.0           0.0           0.0
        5         2       1.333333E+00  1.333333E+00 -4.000000E-01  0.0           0.0           0.0           0.0           0.0
        6         3       1.333333E+00  1.333333E+00 -4.000000E-01  0.0           0.0           0.0           0.0           0.0
        8         4       1.333333E+00  1.333333E+00 -4.000000E-01  0.0           0.0           0.0           0.0           0.0



                                 F O R C E S   A T   G R I D   P O I N T S   - -   S U R F A C E     200
0                      SURFACE X-AXIS X  NORMAL(Z-AXIS)  Z        REFERENCE COORDINATE SYSTEM FOR SURFACE DEFINITION CID        0

        GRID       ELEM             NXX           NYY           NXY           MXX           MYY           MXY            QX            QY
      401        11       1.333333E+00  1.333333E+00 -4.000000E-01  0.0           0.0           0.0           0.0           0.0
      409        11       1.333333E+00  1.333333E+00 -4.000000E-01  0.0           0.0           0.0           0.0           0.0
      414        11       1.333333E+00  1.333333E+00 -4.000000E-01  0.0           0.0           0.0           0.0           0.0
      412        11       1.333333E+00  1.333333E+00 -4.000000E-01  0.0           0.0           0.0           0.0           0.0
      402        12       1.333333E+00  1.333333E+00 -4.000000E-01  0.0           0.0           0.0           0.0           0.0
      410        12       1.333333E+00  1.333333E+00 -4.000000E-01  0.0           0.0           0.0           0.0           0.0
      413        13       1.333333E+00  1.333333E+00 -4.000000E-01  0.0           0.0           0.0           0.0           0.0
      408        14       1.333333E+00  1.333333E+00 -4.000000E-01  0.0           0.0           0.0           0.0           0.0
      411        14       1.333333E+00  1.333333E+00 -4.000000E-01  0.0           0.0           0.0           0.0           0.0
      407        15       1.333333E+00  1.333333E+00 -4.000000E-01  0.0           0.0           0.0           0.0           0.0



 OUTPUT FOR SUBCASE        1
 SAP2000 PROBLEM 2-001-THICK                                                                                                                                                                                                                                     
 LC1_MEMBRANE                                                                                                                                                                                                                                                    

                                                       E L E M E N T   E N G I N E E R I N G   F O R C E S
                                                           F O R   E L E M E N T   T Y P E   Q U A D 8  
  Element Location               N o r m a l   F o r c e s                       M o m e n t s                   T r a n s v e r s e
     ID                                                                                                        S h e a r   F o r c e s
                              Nxx           Nyy           Nxy           Mxx           Myy           Mxy            Qx           Qy
       21  CENTER         1.502745E+00  1.163922E+00 -3.623529E-01  0.0           0.0           0.0           0.0           0.0         
           GRD     501    1.502745E+00  1.163922E+00 -3.623529E-01  0.0           0.0           0.0           0.0           0.0         
           GRD     502    1.502745E+00  1.163922E+00 -3.623529E-01  0.0           0.0           0.0           0.0           0.0         
           GRD     504    1.502745E+00  1.163922E+00 -3.623529E-01  0.0           0.0           0.0           0.0           0.0         
           GRD     503    1.502745E+00  1.163922E+00 -3.623529E-01  0.0           0.0           0.0           0.0           0.0         
           GRD     509    1.502745E+00  1.163922E+00 -3.623529E-01  0.0           0.0           0.0           0.0           0.0         
           GRD     516    1.502745E+00  1.163922E+00 -3.623529E-01  0.0           0.0           0.0           0.0           0.0         
           GRD     514    1.502745E+00  1.163922E+00 -3.623529E-01  0.0           0.0           0.0           0.0           0.0         
           GRD     515    1.502745E+00  1.163922E+00 -3.623529E-01  0.0           0.0           0.0           0.0           0.0         
       22  CENTER         1.354371E+00  1.312295E+00  3.994464E-01  0.0           0.0           0.0           0.0           0.0         
           GRD     507    1.354371E+00  1.312295E+00  3.994464E-01  0.0           0.0           0.0           0.0           0.0         
           GRD     501    1.354371E+00  1.312295E+00  3.994464E-01  0.0           0.0           0.0           0.0           0.0         
           GRD     503    1.354371E+00  1.312295E+00  3.994464E-01  0.0           0.0           0.0           0.0           0.0         
           GRD     505    1.354371E+00  1.312295E+00  3.994464E-01  0.0           0.0           0.0           0.0           0.0         
           GRD     512    1.354371E+00  1.312295E+00  3.994464E-01  0.0           0.0           0.0           0.0           0.0         
           GRD     515    1.354371E+00  1.312295E+00  3.994464E-01  0.0           0.0           0.0           0.0           0.0         
           GRD     519    1.354371E+00  1.312295E+00  3.994464E-01  0.0           0.0           0.0           0.0           0.0         
           GRD     518    1.354371E+00  1.312295E+00  3.994464E-01  0.0           0.0           0.0           0.0           0.0         
       23  CENTER         1.369622E+00  1.297045E+00  3.983505E-01  0.0           0.0           0.0           0.0           0.0         
           GRD     504    1.369622E+00  1.297045E+00  3.983505E-01  0.0           0.0           0.0           0.0           0.0         
           GRD     506    1.369622E+00  1.297045E+00  3.983505E-01  0.0           0.0           0.0           0.0           0.0         
           GRD     505    1.369622E+00  1.297045E+00  3.983505E-01  0.0           0.0           0.0           0.0           0.0         
           GRD     503    1.369622E+00  1.297045E+00  3.983505E-01  0.0           0.0           0.0           0.0           0.0         
           GRD     520    1.369622E+00  1.297045E+00  3.983505E-01  0.0           0.0           0.0           0.0           0.0         
           GRD     513    1.369622E+00  1.297045E+00  3.983505E-01  0.0           0.0           0.0           0.0           0.0         
           GRD     519    1.369622E+00  1.297045E+00  3.983505E-01  0.0           0.0           0.0           0.0           0.0         
           GRD     514    1.369622E+00  1.297045E+00  3.983505E-01  0.0           0.0           0.0           0.0           0.0         
       24  CENTER         1.333333E+00  1.333333E+00  4.000000E-01  0.0           0.0           0.0           0.0           0.0         
           GRD     502    1.333333E+00  1.333333E+00  4.000000E-01  0.0           0.0           0.0           0.0           0.0         
           GRD     508    1.333333E+00  1.333333E+00  4.000000E-01  0.0           0.0           0.0           0.0           0.0         
           GRD     506    1.333333E+00  1.333333E+00  4.000000E-01  0.0           0.0           0.0           0.0           0.0         
           GRD     504    1.333333E+00  1.333333E+00  4.000000E-01  0.0           0.0           0.0           0.0           0.0         
           GRD     510    1.333333E+00  1.333333E+00  4.000000E-01  0.0           0.0           0.0           0.0           0.0         
           GRD     517    1.333333E+00  1.333333E+00  4.000000E-01  0.0           0.0           0.0           0.0           0.0         
           GRD     520    1.333333E+00  1.333333E+00  4.000000E-01  0.0           0.0           0.0           0.0           0.0         
           GRD     516    1.333333E+00  1.333333E+00  4.000000E-01  0.0           0.0           0.0           0.0           0.0         
       25  CENTER         1.240501E+00  1.426166E+00 -3.890785E-01  0.0           0.0           0.0           0.0           0.0         
           GRD     508    1.240501E+00  1.426166E+00 -3.890785E-01  0.0           0.0           0.0           0.0           0.0         
           GRD     507    1.240501E+00  1.426166E+00 -3.890785E-01  0.0           0.0           0.0           0.0           0.0         
           GRD     505    1.240501E+00  1.426166E+00 -3.890785E-01  0.0           0.0           0.0           0.0           0.0         
           GRD     506    1.240501E+00  1.426166E+00 -3.890785E-01  0.0           0.0           0.0           0.0           0.0         
           GRD     511    1.240501E+00  1.426166E+00 -3.890785E-01  0.0           0.0           0.0           0.0           0.0         
           GRD     518    1.240501E+00  1.426166E+00 -3.890785E-01  0.0           0.0           0.0           0.0           0.0         
           GRD     513    1.240501E+00  1.426166E+00 -3.890785E-01  0.0           0.0           0.0           0.0           0.0         
           GRD     517    1.240501E+00  1.426166E+00 -3.890785E-01  0.0           0.0           0.0           0.0           0.0         
                          ------------- ------------- ------------- ------------- ------------- ------------- ------------- -------------
                MAX* :    1.502745E+00  1.426166E+00  4.000000E-01  0.000000E+00  0.000000E+00  0.000000E+00  0.000000E+00  0.000000E+00
                MIN* :    1.240501E+00  1.163922E+00 -3.890785E-01  0.000000E+00  0.000000E+00  0.000000E+00  0.000000E+00  0.000000E+00

                ABS* :    1.502745E+00  1.426166E+00  4.000000E-01  0.000000E+00  0.000000E+00  0.000000E+00  0.000000E+00  0.000000E+00
                *for output set


                                 F O R C E S   A T   G R I D   P O I N T S   - -   S U R F A C E     300
0                      SURFACE X-AXIS X  NORMAL(Z-AXIS)  Z        REFERENCE COORDINATE SYSTEM FOR SURFACE DEFINITION CID        0

        GRID       ELEM             NXX           NYY           NXY           MXX           MYY           MXY            QX            QY
      501        21       1.333333E+00  1.333333E+00  4.000000E-01  0.0           0.0           0.0           0.0           0.0
      502        21       1.333333E+00  1.333333E+00  4.000000E-01  0.0           0.0           0.0           0.0           0.0
      504        21       1.333333E+00  1.333333E+00  4.000000E-01  0.0           0.0           0.0           0.0           0.0
      503        21       1.333333E+00  1.333333E+00  4.000000E-01  0.0           0.0           0.0           0.0           0.0
      509        21       1.333333E+00  1.333333E+00  4.000000E-01  0.0           0.0           0.0           0.0           0.0
      516        21       1.333333E+00  1.333333E+00  4.000000E-01  0.0           0.0           0.0           0.0           0.0
      514        21       1.333333E+00  1.333333E+00  4.000000E-01  0.0           0.0           0.0           0.0           0.0
      515        21       1.333333E+00  1.333333E+00  4.000000E-01  0.0           0.0           0.0           0.0           0.0
      507        22       1.333333E+00  1.333333E+00  4.000000E-01  0.0           0.0           0.0           0.0           0.0
      505        22       1.333333E+00  1.333333E+00  4.000000E-01  0.0           0.0           0.0           0.0           0.0
      512        22       1.333333E+00  1.333333E+00  4.000000E-01  0.0           0.0           0.0           0.0           0.0
      519        22       1.333333E+00  1.333333E+00  4.000000E-01  0.0           0.0           0.0           0.0           0.0
      518        22       1.333333E+00  1.333333E+00  4.000000E-01  0.0           0.0           0.0           0.0           0.0
      506        23       1.333333E+00  1.333333E+00  4.000000E-01  0.0           0.0           0.0           0.0           0.0
      520        23       1.333333E+00  1.333333E+00  4.000000E-01  0.0           0.0           0.0           0.0           0.0
      513        23       1.333333E+00  1.333333E+00  4.000000E-01  0.0           0.0           0.0           0.0           0.0
      508        24       1.333333E+00  1.333333E+00  4.000000E-01  0.0           0.0           0.0           0.0           0.0
      510        24       1.333333E+00  1.333333E+00  4.000000E-01  0.0           0.0           0.0           0.0           0.0
      517        24       1.333333E+00  1.333333E+00  4.000000E-01  0.0           0.0           0.0           0.0           0.0
      511        25       1.333333E+00  1.333333E+00  4.000000E-01  0.0           0.0           0.0           0.0           0.0



 OUTPUT FOR SUBCASE        1
 SAP2000 PROBLEM 2-001-THICK                                                                                                                                                                                                                                     
 LC1_MEMBRANE                                                                                                                                                                                                                                                    

                                                       E L E M E N T   E N G I N E E R I N G   F O R C E S
                                                           F O R   E L E M E N T   T Y P E   T R I A 3  
  Element Location               N o r m a l   F o r c e s                       M o m e n t s                   T r a n s v e r s e
     ID                                                                                                        S h e a r   F o r c e s
                              Nxx           Nyy           Nxy           Mxx           Myy           Mxy            Qx           Qy
       31                 1.333333E+00  1.333333E+00 -4.000000E-01  0.0           0.0           0.0           0.0           0.0         
       32                 1.333333E+00  1.333333E+00 -4.000000E-01  0.0           0.0           0.0           0.0           0.0         
       33                 1.333333E+00  1.333333E+00 -4.000000E-01  0.0           0.0           0.0           0.0           0.0         
       34                 1.333333E+00  1.333333E+00 -4.000000E-01  0.0           0.0           0.0           0.0           0.0         
       35                 1.333333E+00  1.333333E+00 -4.000000E-01  0.0           0.0           0.0           0.0           0.0         
       36                 1.333333E+00  1.333333E+00 -4.000000E-01  0.0           0.0           0.0           0.0           0.0         
       37                 1.333333E+00  1.333333E+00 -4.000000E-01  0.0           0.0           0.0           0.0           0.0         
       38                 1.333333E+00  1.333333E+00 -4.000000E-01  0.0           0.0           0.0           0.0           0.0         
       39                 1.333333E+00  1.333333E+00 -4.000000E-01  0.0           0.0           0.0           0.0           0.0         
       40                 1.333333E+00  1.333333E+00 -4.000000E-01  0.0           0.0           0.0           0.0           0.0         
       41                 1.333333E+00  1.333333E+00 -4.000000E-01  0.0           0.0           0.0           0.0           0.0         
       42                 1.333333E+00  1.333333E+00 -4.000000E-01  0.0           0.0           0.0           0.0           0.0         
       43                 1.333333E+00  1.333333E+00 -4.000000E-01  0.0           0.0           0.0           0.0           0.0         
       44                 1.333333E+00  1.333333E+00 -4.000000E-01  0.0           0.0           0.0           0.0           0.0         
       45                 1.333333E+00  1.333333E+00 -4.000000E-01  0.0           0.0           0.0           0.0           0.0         
       46                 1.333333E+00  1.333333E+00 -4.000000E-01  0.0           0.0           0.0           0.0           0.0         
       47                 1.333333E+00  1.333333E+00 -4.000000E-01  0.0           0.0           0.0           0.0           0.0         
       48                 1.333333E+00  1.333333E+00 -4.000000E-01  0.0           0.0           0.0           0.0           0.0         
       49                 1.333333E+00  1.333333E+00 -4.000000E-01  0.0           0.0           0.0           0.0           0.0         
       50                 1.333333E+00  1.333333E+00 -4.000000E-01  0.0           0.0           0.0           0.0           0.0         
                          ------------- ------------- ------------- ------------- ------------- ------------- ------------- -------------
                MAX* :    1.333333E+00  1.333333E+00 -4.000000E-01  0.000000E+00  0.000000E+00  0.000000E+00  0.000000E+00  0.000000E+00
                MIN* :    1.333333E+00  1.333333E+00 -4.000000E-01  0.000000E+00  0.000000E+00  0.000000E+00  0.000000E+00  0.000000E+00

                ABS* :    1.333333E+00  1.333333E+00  4.000000E-01  0.000000E+00  0.000000E+00  0.000000E+00  0.000000E+00  0.000000E+00
                *for output set


                                 F O R C E S   A T   G R I D   P O I N T S   - -   S U R F A C E     400
0                      SURFACE X-AXIS X  NORMAL(Z-AXIS)  Z        REFERENCE COORDINATE SYSTEM FOR SURFACE DEFINITION CID        0

        GRID       ELEM             NXX           NYY           NXY           MXX           MYY           MXY            QX            QY
      103        31       1.333333E+00  1.333333E+00 -4.000000E-01  0.0           0.0           0.0           0.0           0.0
      102        31       1.333333E+00  1.333333E+00 -4.000000E-01  0.0           0.0           0.0           0.0           0.0
      104        31       1.333333E+00  1.333333E+00 -4.000000E-01  0.0           0.0           0.0           0.0           0.0
      105        32       1.333333E+00  1.333333E+00 -4.000000E-01  0.0           0.0           0.0           0.0           0.0
      107        32       1.333333E+00  1.333333E+00 -4.000000E-01  0.0           0.0           0.0           0.0           0.0
      106        33       1.333333E+00  1.333333E+00 -4.000000E-01  0.0           0.0           0.0           0.0           0.0
      108        34       1.333333E+00  1.333333E+00 -4.000000E-01  0.0           0.0           0.0           0.0           0.0
      101        36       1.333333E+00  1.333333E+00 -4.000000E-01  0.0           0.0           0.0           0.0           0.0



                                 F O R C E S   A T   G R I D   P O I N T S   - -   S U R F A C E     500
0                      SURFACE X-AXIS X  NORMAL(Z-AXIS)  Z        REFERENCE COORDINATE SYSTEM FOR SURFACE DEFINITION CID        0

        GRID       ELEM             NXX           NYY           NXY           MXX           MYY           MXY            QX            QY
      209        41       1.333333E+00  1.333333E+00 -4.000000E-01  0.0           0.0           0.0           0.0           0.0
      202        41       1.333333E+00  1.333333E+00 -4.000000E-01  0.0           0.0           0.0           0.0           0.0
      214        41       1.333333E+00  1.333333E+00 -4.000000E-01  0.0           0.0           0.0           0.0           0.0
      201        42       1.333333E+00  1.333333E+00 -4.000000E-01  0.0           0.0           0.0           0.0           0.0
      212        42       1.333333E+00  1.333333E+00 -4.000000E-01  0.0           0.0           0.0           0.0           0.0
      210        43       1.333333E+00  1.333333E+00 -4.000000E-01  0.0           0.0           0.0           0.0           0.0
      213        44       1.333333E+00  1.333333E+00 -4.000000E-01  0.0           0.0           0.0           0.0           0.0
      208        45       1.333333E+00  1.333333E+00 -4.000000E-01  0.0           0.0           0.0           0.0           0.0
      211        45       1.333333E+00  1.333333E+00 -4.000000E-01  0.0           0.0           0.0           0.0           0.0
      207        49       1.333333E+00  1.333333E+00 -4.000000E-01  0.0           0.0           0.0           0.0           0.0



 OUTPUT FOR SUBCASE        1
 SAP2000 PROBLEM 2-001-THICK                                                                                                                                                                                                                                     
 LC1_MEMBRANE                                                                                                                                                                                                                                                    

                                                       E L E M E N T   E N G I N E E R I N G   F O R C E S
                                                           F O R   E L E M E N T   T Y P E   T R I A 6  
  Element Location               N o r m a l   F o r c e s                       M o m e n t s                   T r a n s v e r s e
     ID                                                                                                        S h e a r   F o r c e s
                              Nxx           Nyy           Nxy           Mxx           Myy           Mxy            Qx           Qy
       51                 1.057471E+00  1.609195E+00 -2.896552E-01  0.0           0.0           0.0           0.0           0.0         
           GRD     303    1.057471E+00  1.609195E+00 -2.896552E-01  0.0           0.0           0.0           0.0           0.0         
           GRD     302    1.057471E+00  1.609195E+00 -2.896552E-01  0.0           0.0           0.0           0.0           0.0         
           GRD     304    1.057471E+00  1.609195E+00 -2.896552E-01  0.0           0.0           0.0           0.0           0.0         
           GRD     321    1.057471E+00  1.609195E+00 -2.896552E-01  0.0           0.0           0.0           0.0           0.0         
           GRD     316    1.057471E+00  1.609195E+00 -2.896552E-01  0.0           0.0           0.0           0.0           0.0         
           GRD     314    1.057471E+00  1.609195E+00 -2.896552E-01  0.0           0.0           0.0           0.0           0.0         
       52                 1.390186E+00  1.276481E+00  3.959391E-01  0.0           0.0           0.0           0.0           0.0         
           GRD     303    1.390186E+00  1.276481E+00  3.959391E-01  0.0           0.0           0.0           0.0           0.0         
           GRD     305    1.390186E+00  1.276481E+00  3.959391E-01  0.0           0.0           0.0           0.0           0.0         
           GRD     307    1.390186E+00  1.276481E+00  3.959391E-01  0.0           0.0           0.0           0.0           0.0         
           GRD     319    1.390186E+00  1.276481E+00  3.959391E-01  0.0           0.0           0.0           0.0           0.0         
           GRD     318    1.390186E+00  1.276481E+00  3.959391E-01  0.0           0.0           0.0           0.0           0.0         
           GRD     324    1.390186E+00  1.276481E+00  3.959391E-01  0.0           0.0           0.0           0.0           0.0         
       53                 1.333333E+00  1.333333E+00  4.000000E-01  0.0           0.0           0.0           0.0           0.0         
           GRD     304    1.333333E+00  1.333333E+00  4.000000E-01  0.0           0.0           0.0           0.0           0.0         
           GRD     306    1.333333E+00  1.333333E+00  4.000000E-01  0.0           0.0           0.0           0.0           0.0         
           GRD     305    1.333333E+00  1.333333E+00  4.000000E-01  0.0           0.0           0.0           0.0           0.0         
           GRD     320    1.333333E+00  1.333333E+00  4.000000E-01  0.0           0.0           0.0           0.0           0.0         
           GRD     313    1.333333E+00  1.333333E+00  4.000000E-01  0.0           0.0           0.0           0.0           0.0         
           GRD     325    1.333333E+00  1.333333E+00  4.000000E-01  0.0           0.0           0.0           0.0           0.0         
       54                 1.145098E+00  1.521569E+00  3.529412E-01  0.0           0.0           0.0           0.0           0.0         
           GRD     306    1.145098E+00  1.521569E+00  3.529412E-01  0.0           0.0           0.0           0.0           0.0         
           GRD     302    1.145098E+00  1.521569E+00  3.529412E-01  0.0           0.0           0.0           0.0           0.0         
           GRD     308    1.145098E+00  1.521569E+00  3.529412E-01  0.0           0.0           0.0           0.0           0.0         
           GRD     322    1.145098E+00  1.521569E+00  3.529412E-01  0.0           0.0           0.0           0.0           0.0         
           GRD     310    1.145098E+00  1.521569E+00  3.529412E-01  0.0           0.0           0.0           0.0           0.0         
           GRD     317    1.145098E+00  1.521569E+00  3.529412E-01  0.0           0.0           0.0           0.0           0.0         
       55                 1.057471E+00  1.609195E+00 -2.896552E-01  0.0           0.0           0.0           0.0           0.0         
           GRD     305    1.057471E+00  1.609195E+00 -2.896552E-01  0.0           0.0           0.0           0.0           0.0         
           GRD     306    1.057471E+00  1.609195E+00 -2.896552E-01  0.0           0.0           0.0           0.0           0.0         
           GRD     308    1.057471E+00  1.609195E+00 -2.896552E-01  0.0           0.0           0.0           0.0           0.0         
           GRD     313    1.057471E+00  1.609195E+00 -2.896552E-01  0.0           0.0           0.0           0.0           0.0         
           GRD     317    1.057471E+00  1.609195E+00 -2.896552E-01  0.0           0.0           0.0           0.0           0.0         
           GRD     323    1.057471E+00  1.609195E+00 -2.896552E-01  0.0           0.0           0.0           0.0           0.0         
       56                 1.333333E+00  1.333333E+00 -4.000000E-01  0.0           0.0           0.0           0.0           0.0         
           GRD     301    1.333333E+00  1.333333E+00 -4.000000E-01  0.0           0.0           0.0           0.0           0.0         
           GRD     302    1.333333E+00  1.333333E+00 -4.000000E-01  0.0           0.0           0.0           0.0           0.0         
           GRD     303    1.333333E+00  1.333333E+00 -4.000000E-01  0.0           0.0           0.0           0.0           0.0         
           GRD     309    1.333333E+00  1.333333E+00 -4.000000E-01  0.0           0.0           0.0           0.0           0.0         
           GRD     321    1.333333E+00  1.333333E+00 -4.000000E-01  0.0           0.0           0.0           0.0           0.0         
           GRD     315    1.333333E+00  1.333333E+00 -4.000000E-01  0.0           0.0           0.0           0.0           0.0         
       57                 1.013333E+00  1.653333E+00  2.400000E-01  0.0           0.0           0.0           0.0           0.0         
           GRD     304    1.013333E+00  1.653333E+00  2.400000E-01  0.0           0.0           0.0           0.0           0.0         
           GRD     302    1.013333E+00  1.653333E+00  2.400000E-01  0.0           0.0           0.0           0.0           0.0         
           GRD     306    1.013333E+00  1.653333E+00  2.400000E-01  0.0           0.0           0.0           0.0           0.0         
           GRD     316    1.013333E+00  1.653333E+00  2.400000E-01  0.0           0.0           0.0           0.0           0.0         
           GRD     322    1.013333E+00  1.653333E+00  2.400000E-01  0.0           0.0           0.0           0.0           0.0         
           GRD     320    1.013333E+00  1.653333E+00  2.400000E-01  0.0           0.0           0.0           0.0           0.0         
       58                 1.702564E+00  9.641026E-01 -1.538462E-01  0.0           0.0           0.0           0.0           0.0         
           GRD     305    1.702564E+00  9.641026E-01 -1.538462E-01  0.0           0.0           0.0           0.0           0.0         
           GRD     308    1.702564E+00  9.641026E-01 -1.538462E-01  0.0           0.0           0.0           0.0           0.0         
           GRD     307    1.702564E+00  9.641026E-01 -1.538462E-01  0.0           0.0           0.0           0.0           0.0         
           GRD     323    1.702564E+00  9.641026E-01 -1.538462E-01  0.0           0.0           0.0           0.0           0.0         
           GRD     311    1.702564E+00  9.641026E-01 -1.538462E-01  0.0           0.0           0.0           0.0           0.0         
           GRD     318    1.702564E+00  9.641026E-01 -1.538462E-01  0.0           0.0           0.0           0.0           0.0         
       59                 1.653333E+00  1.013333E+00  2.400000E-01  0.0           0.0           0.0           0.0           0.0         
           GRD     301    1.653333E+00  1.013333E+00  2.400000E-01  0.0           0.0           0.0           0.0           0.0         
           GRD     303    1.653333E+00  1.013333E+00  2.400000E-01  0.0           0.0           0.0           0.0           0.0         
           GRD     307    1.653333E+00  1.013333E+00  2.400000E-01  0.0           0.0           0.0           0.0           0.0         
           GRD     315    1.653333E+00  1.013333E+00  2.400000E-01  0.0           0.0           0.0           0.0           0.0         
           GRD     324    1.653333E+00  1.013333E+00  2.400000E-01  0.0           0.0           0.0           0.0           0.0         
           GRD     312    1.653333E+00  1.013333E+00  2.400000E-01  0.0           0.0           0.0           0.0           0.0         
       60                 1.702564E+00  9.641026E-01 -1.538462E-01  0.0           0.0           0.0           0.0           0.0         
           GRD     303    1.702564E+00  9.641026E-01 -1.538462E-01  0.0           0.0           0.0           0.0           0.0         
           GRD     304    1.702564E+00  9.641026E-01 -1.538462E-01  0.0           0.0           0.0           0.0           0.0         
           GRD     305    1.702564E+00  9.641026E-01 -1.538462E-01  0.0           0.0           0.0           0.0           0.0         
           GRD     314    1.702564E+00  9.641026E-01 -1.538462E-01  0.0           0.0           0.0           0.0           0.0         
           GRD     325    1.702564E+00  9.641026E-01 -1.538462E-01  0.0           0.0           0.0           0.0           0.0         
           GRD     319    1.702564E+00  9.641026E-01 -1.538462E-01  0.0           0.0           0.0           0.0           0.0         
                          ------------- ------------- ------------- ------------- ------------- ------------- ------------- -------------
                MAX* :    1.702564E+00  1.653333E+00  4.000000E-01  0.000000E+00  0.000000E+00  0.000000E+00  0.000000E+00  0.000000E+00
                MIN* :    1.013333E+00  9.641026E-01 -4.000000E-01  0.000000E+00  0.000000E+00  0.000000E+00  0.000000E+00  0.000000E+00

                ABS* :    1.702564E+00  1.653333E+00  4.000000E-01  0.000000E+00  0.000000E+00  0.000000E+00  0.000000E+00  0.000000E+00
                *for output set


                                 F O R C E S   A T   G R I D   P O I N T S   - -   S U R F A C E     600
0                      SURFACE X-AXIS X  NORMAL(Z-AXIS)  Z        REFERENCE COORDINATE SYSTEM FOR SURFACE DEFINITION CID        0

        GRID       ELEM             NXX           NYY           NXY           MXX           MYY           MXY            QX            QY
      303        51       1.333333E+00  1.333333E+00  4.000000E-01  0.0           0.0           0.0           0.0           0.0
      302        51       1.333333E+00  1.333333E+00  4.000000E-01  0.0           0.0           0.0           0.0           0.0
      304        51       1.333333E+00  1.333333E+00  4.000000E-01  0.0           0.0           0.0           0.0           0.0
      321        51       1.333333E+00  1.333333E+00  4.000000E-01  0.0           0.0           0.0           0.0           0.0
      316        51       1.333333E+00  1.333333E+00  4.000000E-01  0.0           0.0           0.0           0.0           0.0
      314        51       1.333333E+00  1.333333E+00  4.000000E-01  0.0           0.0           0.0           0.0           0.0
      305        52       1.333333E+00  1.333333E+00  4.000000E-01  0.0           0.0           0.0           0.0           0.0
      307        52       1.333333E+00  1.333333E+00  4.000000E-01  0.0           0.0           0.0           0.0           0.0
      319        52       1.333333E+00  1.333333E+00  4.000000E-01  0.0           0.0           0.0           0.0           0.0
      318        52       1.333333E+00  1.333333E+00  4.000000E-01  0.0           0.0           0.0           0.0           0.0
      324        52       1.333333E+00  1.333333E+00  4.000000E-01  0.0           0.0           0.0           0.0           0.0
      306        53       1.333333E+00  1.333333E+00  4.000000E-01  0.0           0.0           0.0           0.0           0.0
      320        53       1.333333E+00  1.333333E+00  4.000000E-01  0.0           0.0           0.0           0.0           0.0
      313        53       1.333333E+00  1.333333E+00  4.000000E-01  0.0           0.0           0.0           0.0           0.0
      325        53       1.333333E+00  1.333333E+00  4.000000E-01  0.0           0.0           0.0           0.0           0.0
      308        54       1.333333E+00  1.333333E+00  4.000000E-01  0.0           0.0           0.0           0.0           0.0
      322        54       1.333333E+00  1.333333E+00  4.000000E-01  0.0           0.0           0.0           0.0           0.0
      310        54       1.333333E+00  1.333333E+00  4.000000E-01  0.0           0.0           0.0           0.0           0.0
      317        54       1.333333E+00  1.333333E+00  4.000000E-01  0.0           0.0           0.0           0.0           0.0
      323        55       1.333333E+00  1.333333E+00  4.000000E-01  0.0           0.0           0.0           0.0           0.0
      301        56       1.333333E+00  1.333333E+00  4.000000E-01  0.0           0.0           0.0           0.0           0.0
      309        56       1.333333E+00  1.333333E+00  4.000000E-01  0.0           0.0           0.0           0.0           0.0
      315        56       1.333333E+00  1.333333E+00  4.000000E-01  0.0           0.0           0.0           0.0           0.0
      311        58       1.333333E+00  1.333333E+00  4.000000E-01  0.0           0.0           0.0           0.0           0.0
      312        59       1.333333E+00  1.333333E+00  4.000000E-01  0.0           0.0           0.0           0.0           0.0



 OUTPUT FOR SUBCASE        1
 SAP2000 PROBLEM 2-001-THICK                                                                                                                                                                                                                                     
 LC1_MEMBRANE                                                                                                                                                                                                                                                    

                                          E L E M E N T   S T R E S S E S   I N   L O C A L   E L E M E N T   C O O R D I N A T E   S Y S T E M
                                                                       F O R   E L E M E N T   T Y P E   Q U A D 4  
    Elem  Location       Stress      Stresses In Reported Coord System    Principal Stresses (Zero Shear)               Transverse   Transverse   % Poly
     ID                Distance     Normal-X     Normal-Y     Shear-XY     Angle     Major        Minor      von Mises    Shear-XZ     Shear-YZ    Fit Err
                                                                                                                         (max through thickness)

        1  CENTER      -5.000E-04  1.17577E+03  1.49090E+03 -3.67658E+02  -56.60  1.73333E+03  9.33333E+02  1.50259E+03  0.00000E+00  0.00000E+00
                        5.000E-04  1.17577E+03  1.49090E+03 -3.67658E+02  -56.60  1.73333E+03  9.33333E+02  1.50259E+03

           GRD       1 -5.000E-04  1.17577E+03  1.49090E+03 -3.67658E+02  -56.60  1.73333E+03  9.33333E+02  1.50259E+03  0.00000E+00  0.00000E+00  2.8E-14
                        5.000E-04  1.17577E+03  1.49090E+03 -3.67658E+02  -56.60  1.73333E+03  9.33333E+02  1.50259E+03

           GRD       2 -5.000E-04  1.17577E+03  1.49090E+03 -3.67658E+02  -56.60  1.73333E+03  9.33333E+02  1.50259E+03  0.00000E+00  0.00000E+00 -7.1E-14
                        5.000E-04  1.17577E+03  1.49090E+03 -3.67658E+02  -56.60  1.73333E+03  9.33333E+02  1.50259E+03

           GRD       4 -5.000E-04  1.17577E+03  1.49090E+03 -3.67658E+02  -56.60  1.73333E+03  9.33333E+02  1.50259E+03  0.00000E+00  0.00000E+00  2.8E-14
                        5.000E-04  1.17577E+03  1.49090E+03 -3.67658E+02  -56.60  1.73333E+03  9.33333E+02  1.50259E+03

           GRD       3 -5.000E-04  1.17577E+03  1.49090E+03 -3.67658E+02  -56.60  1.73333E+03  9.33333E+02  1.50259E+03  0.00000E+00  0.00000E+00 -5.7E-14
                        5.000E-04  1.17577E+03  1.49090E+03 -3.67658E+02  -56.60  1.73333E+03  9.33333E+02  1.50259E+03

        2  CENTER      -5.000E-04  1.30716E+03  1.35951E+03  3.99143E+02   46.88  1.73333E+03  9.33333E+02  1.50259E+03  0.00000E+00  0.00000E+00
                        5.000E-04  1.30716E+03  1.35951E+03  3.99143E+02   46.88  1.73333E+03  9.33333E+02  1.50259E+03

           GRD       7 -5.000E-04  1.30716E+03  1.35951E+03  3.99143E+02   46.88  1.73333E+03  9.33333E+02  1.50259E+03  0.00000E+00  0.00000E+00  0.0E+00
                        5.000E-04  1.30716E+03  1.35951E+03  3.99143E+02   46.88  1.73333E+03  9.33333E+02  1.50259E+03

           GRD       1 -5.000E-04  1.30716E+03  1.35951E+03  3.99143E+02   46.88  1.73333E+03  9.33333E+02  1.50259E+03  0.00000E+00  0.00000E+00  3.4E-14
                        5.000E-04  1.30716E+03  1.35951E+03  3.99143E+02   46.88  1.73333E+03  9.33333E+02  1.50259E+03

           GRD       3 -5.000E-04  1.30716E+03  1.35951E+03  3.99143E+02   46.88  1.73333E+03  9.33333E+02  1.50259E+03  0.00000E+00  0.00000E+00  0.0E+00
                        5.000E-04  1.30716E+03  1.35951E+03  3.99143E+02   46.88  1.73333E+03  9.33333E+02  1.50259E+03

           GRD       5 -5.000E-04  1.30716E+03  1.35951E+03  3.99143E+02   46.88  1.73333E+03  9.33333E+02  1.50259E+03  0.00000E+00  0.00000E+00  3.4E-14
                        5.000E-04  1.30716E+03  1.35951E+03  3.99143E+02   46.88  1.73333E+03  9.33333E+02  1.50259E+03

        3  CENTER      -5.000E-04  1.33333E+03  1.33333E+03  4.00000E+02   45.00  1.73333E+03  9.33333E+02  1.50259E+03  0.00000E+00  0.00000E+00
                        5.000E-04  1.33333E+03  1.33333E+03  4.00000E+02   45.00  1.73333E+03  9.33333E+02  1.50259E+03

           GRD       4 -5.000E-04  1.33333E+03  1.33333E+03  4.00000E+02   45.00  1.73333E+03  9.33333E+02  1.50259E+03  0.00000E+00  0.00000E+00 -5.1E-14
                        5.000E-04  1.33333E+03  1.33333E+03  4.00000E+02   45.00  1.73333E+03  9.33333E+02  1.50259E+03

           GRD       6 -5.000E-04  1.33333E+03  1.33333E+03  4.00000E+02   45.00  1.73333E+03  9.33333E+02  1.50259E+03  0.00000E+00  0.00000E+00  5.1E-14
                        5.000E-04  1.33333E+03  1.33333E+03  4.00000E+02   45.00  1.73333E+03  9.33333E+02  1.50259E+03

           GRD       5 -5.000E-04  1.33333E+03  1.33333E+03  4.00000E+02   45.00  1.73333E+03  9.33333E+02  1.50259E+03  0.00000E+00  0.00000E+00 -5.1E-14
                        5.000E-04  1.33333E+03  1.33333E+03  4.00000E+02   45.00  1.73333E+03  9.33333E+02  1.50259E+03

           GRD       3 -5.000E-04  1.33333E+03  1.33333E+03  4.00000E+02   45.00  1.73333E+03  9.33333E+02  1.50259E+03  0.00000E+00  0.00000E+00  5.1E-14
                        5.000E-04  1.33333E+03  1.33333E+03  4.00000E+02   45.00  1.73333E+03  9.33333E+02  1.50259E+03

        4  CENTER      -5.000E-04  1.33333E+03  1.33333E+03  4.00000E+02   45.00  1.73333E+03  9.33333E+02  1.50259E+03  0.00000E+00  0.00000E+00
                        5.000E-04  1.33333E+03  1.33333E+03  4.00000E+02   45.00  1.73333E+03  9.33333E+02  1.50259E+03

           GRD       2 -5.000E-04  1.33333E+03  1.33333E+03  4.00000E+02   45.00  1.73333E+03  9.33333E+02  1.50259E+03  0.00000E+00  0.00000E+00  3.4E-14
                        5.000E-04  1.33333E+03  1.33333E+03  4.00000E+02   45.00  1.73333E+03  9.33333E+02  1.50259E+03

           GRD       8 -5.000E-04  1.33333E+03  1.33333E+03  4.00000E+02   45.00  1.73333E+03  9.33333E+02  1.50259E+03  0.00000E+00  0.00000E+00 -1.7E-14
                        5.000E-04  1.33333E+03  1.33333E+03  4.00000E+02   45.00  1.73333E+03  9.33333E+02  1.50259E+03

           GRD       6 -5.000E-04  1.33333E+03  1.33333E+03  4.00000E+02   45.00  1.73333E+03  9.33333E+02  1.50259E+03  0.00000E+00  0.00000E+00  3.4E-14
                        5.000E-04  1.33333E+03  1.33333E+03  4.00000E+02   45.00  1.73333E+03  9.33333E+02  1.50259E+03

           GRD       4 -5.000E-04  1.33333E+03  1.33333E+03  4.00000E+02   45.00  1.73333E+03  9.33333E+02  1.50259E+03  0.00000E+00  0.00000E+00 -1.7E-14
                        5.000E-04  1.33333E+03  1.33333E+03  4.00000E+02   45.00  1.73333E+03  9.33333E+02  1.50259E+03

        5  CENTER      -5.000E-04  1.41178E+03  1.25489E+03 -3.92232E+02  -39.35  1.73333E+03  9.33333E+02  1.50259E+03  0.00000E+00  0.00000E+00
                        5.000E-04  1.41178E+03  1.25489E+03 -3.92232E+02  -39.35  1.73333E+03  9.33333E+02  1.50259E+03

           GRD       8 -5.000E-04  1.41178E+03  1.25489E+03 -3.92232E+02  -39.35  1.73333E+03  9.33333E+02  1.50259E+03  0.00000E+00  0.00000E+00 -2.8E-14
                        5.000E-04  1.41178E+03  1.25489E+03 -3.92232E+02  -39.35  1.73333E+03  9.33333E+02  1.50259E+03

           GRD       7 -5.000E-04  1.41178E+03  1.25489E+03 -3.92232E+02  -39.35  1.73333E+03  9.33333E+02  1.50259E+03  0.00000E+00  0.00000E+00  1.7E-14
                        5.000E-04  1.41178E+03  1.25489E+03 -3.92232E+02  -39.35  1.73333E+03  9.33333E+02  1.50259E+03

           GRD       5 -5.000E-04  1.41178E+03  1.25489E+03 -3.92232E+02  -39.35  1.73333E+03  9.33333E+02  1.50259E+03  0.00000E+00  0.00000E+00 -4.3E-14
                        5.000E-04  1.41178E+03  1.25489E+03 -3.92232E+02  -39.35  1.73333E+03  9.33333E+02  1.50259E+03

           GRD       6 -5.000E-04  1.41178E+03  1.25489E+03 -3.92232E+02  -39.35  1.73333E+03  9.33333E+02  1.50259E+03  0.00000E+00  0.00000E+00 -1.7E-14
                        5.000E-04  1.41178E+03  1.25489E+03 -3.92232E+02  -39.35  1.73333E+03  9.33333E+02  1.50259E+03

       11  CENTER      -5.000E-04  1.42495E+03  1.24172E+03 -3.89367E+02  -38.38  1.73333E+03  9.33333E+02  1.50259E+03  0.00000E+00  0.00000E+00
                        5.000E-04  1.42495E+03  1.24172E+03 -3.89367E+02  -38.38  1.73333E+03  9.33333E+02  1.50259E+03

           GRD     401 -5.000E-04  1.42495E+03  1.24172E+03 -3.89367E+02  -38.38  1.73333E+03  9.33333E+02  1.50259E+03  0.00000E+00  0.00000E+00 -4.3E-14
                        5.000E-04  1.42495E+03  1.24172E+03 -3.89367E+02  -38.38  1.73333E+03  9.33333E+02  1.50259E+03

           GRD     409 -5.000E-04  1.42495E+03  1.24172E+03 -3.89367E+02  -38.38  1.73333E+03  9.33333E+02  1.50259E+03  0.00000E+00  0.00000E+00  2.8E-14
                        5.000E-04  1.42495E+03  1.24172E+03 -3.89367E+02  -38.38  1.73333E+03  9.33333E+02  1.50259E+03

           GRD     414 -5.000E-04  1.42495E+03  1.24172E+03 -3.89367E+02  -38.38  1.73333E+03  9.33333E+02  1.50259E+03  0.00000E+00  0.00000E+00 -3.4E-14
                        5.000E-04  1.42495E+03  1.24172E+03 -3.89367E+02  -38.38  1.73333E+03  9.33333E+02  1.50259E+03

           GRD     412 -5.000E-04  1.42495E+03  1.24172E+03 -3.89367E+02  -38.38  1.73333E+03  9.33333E+02  1.50259E+03  0.00000E+00  0.00000E+00  4.3E-14
                        5.000E-04  1.42495E+03  1.24172E+03 -3.89367E+02  -38.38  1.73333E+03  9.33333E+02  1.50259E+03

       12  CENTER      -5.000E-04  1.17811E+03  1.48856E+03 -3.68654E+02  -56.42  1.73333E+03  9.33333E+02  1.50259E+03  0.00000E+00  0.00000E+00
                        5.000E-04  1.17811E+03  1.48856E+03 -3.68654E+02  -56.42  1.73333E+03  9.33333E+02  1.50259E+03

           GRD     409 -5.000E-04  1.17811E+03  1.48856E+03 -3.68654E+02  -56.42  1.73333E+03  9.33333E+02  1.50259E+03  0.00000E+00  0.00000E+00  3.4E-14
                        5.000E-04  1.17811E+03  1.48856E+03 -3.68654E+02  -56.42  1.73333E+03  9.33333E+02  1.50259E+03

           GRD     402 -5.000E-04  1.17811E+03  1.48856E+03 -3.68654E+02  -56.42  1.73333E+03  9.33333E+02  1.50259E+03  0.00000E+00  0.00000E+00 -6.8E-14
                        5.000E-04  1.17811E+03  1.48856E+03 -3.68654E+02  -56.42  1.73333E+03  9.33333E+02  1.50259E+03

           GRD     410 -5.000E-04  1.17811E+03  1.48856E+03 -3.68654E+02  -56.42  1.73333E+03  9.33333E+02  1.50259E+03  0.00000E+00  0.00000E+00  5.1E-14
                        5.000E-04  1.17811E+03  1.48856E+03 -3.68654E+02  -56.42  1.73333E+03  9.33333E+02  1.50259E+03

           GRD     414 -5.000E-04  1.17811E+03  1.48856E+03 -3.68654E+02  -56.42  1.73333E+03  9.33333E+02  1.50259E+03  0.00000E+00  0.00000E+00 -6.8E-14
                        5.000E-04  1.17811E+03  1.48856E+03 -3.68654E+02  -56.42  1.73333E+03  9.33333E+02  1.50259E+03

       13  CENTER      -5.000E-04  1.73292E+03  9.33746E+02  1.81631E+01    1.30  1.73333E+03  9.33333E+02  1.50259E+03  0.00000E+00  0.00000E+00
                        5.000E-04  1.73292E+03  9.33746E+02  1.81631E+01    1.30  1.73333E+03  9.33333E+02  1.50259E+03

           GRD     412 -5.000E-04  1.73292E+03  9.33746E+02  1.81631E+01    1.30  1.73333E+03  9.33333E+02  1.50259E+03  0.00000E+00  0.00000E+00  3.4E-14
                        5.000E-04  1.73292E+03  9.33746E+02  1.81631E+01    1.30  1.73333E+03  9.33333E+02  1.50259E+03

           GRD     414 -5.000E-04  1.73292E+03  9.33746E+02  1.81631E+01    1.30  1.73333E+03  9.33333E+02  1.50259E+03  0.00000E+00  0.00000E+00  3.4E-14
                        5.000E-04  1.73292E+03  9.33746E+02  1.81631E+01    1.30  1.73333E+03  9.33333E+02  1.50259E+03

           GRD     410 -5.000E-04  1.73292E+03  9.33746E+02  1.81631E+01    1.30  1.73333E+03  9.33333E+02  1.50259E+03  0.00000E+00  0.00000E+00  2.8E-14
                        5.000E-04  1.73292E+03  9.33746E+02  1.81631E+01    1.30  1.73333E+03  9.33333E+02  1.50259E+03

           GRD     413 -5.000E-04  1.73292E+03  9.33746E+02  1.81631E+01    1.30  1.73333E+03  9.33333E+02  1.50259E+03  0.00000E+00  0.00000E+00  1.7E-14
                        5.000E-04  1.73292E+03  9.33746E+02  1.81631E+01    1.30  1.73333E+03  9.33333E+02  1.50259E+03

       14  CENTER      -5.000E-04  1.44569E+03  1.22097E+03 -3.83895E+02  -36.84  1.73333E+03  9.33333E+02  1.50259E+03  0.00000E+00  0.00000E+00
                        5.000E-04  1.44569E+03  1.22097E+03 -3.83895E+02  -36.84  1.73333E+03  9.33333E+02  1.50259E+03

           GRD     413 -5.000E-04  1.44569E+03  1.22097E+03 -3.83895E+02  -36.84  1.73333E+03  9.33333E+02  1.50259E+03  0.00000E+00  0.00000E+00  9.9E-14
                        5.000E-04  1.44569E+03  1.22097E+03 -3.83895E+02  -36.84  1.73333E+03  9.33333E+02  1.50259E+03

           GRD     410 -5.000E-04  1.44569E+03  1.22097E+03 -3.83895E+02  -36.84  1.73333E+03  9.33333E+02  1.50259E+03  0.00000E+00  0.00000E+00 -1.3E-13
                        5.000E-04  1.44569E+03  1.22097E+03 -3.83895E+02  -36.84  1.73333E+03  9.33333E+02  1.50259E+03

           GRD     408 -5.000E-04  1.44569E+03  1.22097E+03 -3.83895E+02  -36.84  1.73333E+03  9.33333E+02  1.50259E+03  0.00000E+00  0.00000E+00  1.1E-13
                        5.000E-04  1.44569E+03  1.22097E+03 -3.83895E+02  -36.84  1.73333E+03  9.33333E+02  1.50259E+03

           GRD     411 -5.000E-04  1.44569E+03  1.22097E+03 -3.83895E+02  -36.84  1.73333E+03  9.33333E+02  1.50259E+03  0.00000E+00  0.00000E+00 -1.3E-13
                        5.000E-04  1.44569E+03  1.22097E+03 -3.83895E+02  -36.84  1.73333E+03  9.33333E+02  1.50259E+03

       15  CENTER      -5.000E-04  1.25296E+03  1.41371E+03 -3.91841E+02  -50.80  1.73333E+03  9.33333E+02  1.50259E+03  0.00000E+00  0.00000E+00
                        5.000E-04  1.25296E+03  1.41371E+03 -3.91841E+02  -50.80  1.73333E+03  9.33333E+02  1.50259E+03

           GRD     412 -5.000E-04  1.25296E+03  1.41371E+03 -3.91841E+02  -50.80  1.73333E+03  9.33333E+02  1.50259E+03  0.00000E+00  0.00000E+00  1.2E-13
                        5.000E-04  1.25296E+03  1.41371E+03 -3.91841E+02  -50.80  1.73333E+03  9.33333E+02  1.50259E+03

           GRD     413 -5.000E-04  1.25296E+03  1.41371E+03 -3.91841E+02  -50.80  1.73333E+03  9.33333E+02  1.50259E+03  0.00000E+00  0.00000E+00 -1.4E-13
                        5.000E-04  1.25296E+03  1.41371E+03 -3.91841E+02  -50.80  1.73333E+03  9.33333E+02  1.50259E+03

           GRD     411 -5.000E-04  1.25296E+03  1.41371E+03 -3.91841E+02  -50.80  1.73333E+03  9.33333E+02  1.50259E+03  0.00000E+00  0.00000E+00  1.2E-13
                        5.000E-04  1.25296E+03  1.41371E+03 -3.91841E+02  -50.80  1.73333E+03  9.33333E+02  1.50259E+03

           GRD     407 -5.000E-04  1.25296E+03  1.41371E+03 -3.91841E+02  -50.80  1.73333E+03  9.33333E+02  1.50259E+03  0.00000E+00  0.00000E+00 -1.4E-13
                        5.000E-04  1.25296E+03  1.41371E+03 -3.91841E+02  -50.80  1.73333E+03  9.33333E+02  1.50259E+03
                                  ------------ ------------ ------------         ------------ ------------ ------------ ------------ ------------ --------
 MAX* :                            1.33333E+03  1.33333E+03 -4.00000E+02          1.73333E+03  9.33333E+02  1.50259E+03  0.00000E+00  0.00000E+00  0.1E-12
 MIN* :                            1.33333E+03  1.33333E+03 -4.00000E+02          1.73333E+03  9.33333E+02  1.50259E+03  0.00000E+00  0.00000E+00 -0.1E-12

 ABS* :                            1.33333E+03  1.33333E+03  4.00000E+02          1.73333E+03  9.33333E+02  1.50259E+03  0.00000E+00  0.00000E+00  0.1E-12
 *for output set

 SAP2000 PROBLEM 2-001-THICK                                                                                                     

0                                                                                                          SUBCASE        1
                                  S T R E S S E S   A T   G R I D   P O I N T S   - -     S U R F A C E     100
0                       SURFACE X-AXIS X  NORMAL(Z-AXIS)  Z         REFERENCE COORDINATE SYSTEM FOR SURFACE DEFINITION CID        0
     GRID      ELEMENT            STRESSES IN SURFACE SYSTEM           PRINCIPAL STRESSES            MAX
     ID          ID    FIBER   NORMAL-X   NORMAL-Y   SHEAR-XY     ANGLE      MAJOR      MINOR      SHEAR     VON MISES
        1        0     Z1       1.333333E+03  1.333333E+03  4.000000E+02  45.0000   1.733333E+03  9.333333E+02  4.000000E+02  1.502590E+03
                       Z2       1.333333E+03  1.333333E+03  4.000000E+02  45.0000   1.733333E+03  9.333333E+02  4.000000E+02  1.502590E+03
                       MID      1.333333E+03  1.333333E+03  4.000000E+02  45.0000   1.733333E+03  9.333333E+02  4.000000E+02  1.502590E+03
        2        0     Z1       1.333333E+03  1.333333E+03  4.000000E+02  45.0000   1.733333E+03  9.333333E+02  4.000000E+02  1.502590E+03
                       Z2       1.333333E+03  1.333333E+03  4.000000E+02  45.0000   1.733333E+03  9.333333E+02  4.000000E+02  1.502590E+03
                       MID      1.333333E+03  1.333333E+03  4.000000E+02  45.0000   1.733333E+03  9.333333E+02  4.000000E+02  1.502590E+03
        4        0     Z1       1.333333E+03  1.333333E+03  4.000000E+02  45.0000   1.733333E+03  9.333333E+02  4.000000E+02  1.502590E+03
                       Z2       1.333333E+03  1.333333E+03  4.000000E+02  45.0000   1.733333E+03  9.333333E+02  4.000000E+02  1.502590E+03
                       MID      1.333333E+03  1.333333E+03  4.000000E+02  45.0000   1.733333E+03  9.333333E+02  4.000000E+02  1.502590E+03
        3        0     Z1       1.333333E+03  1.333333E+03  4.000000E+02  45.0000   1.733333E+03  9.333333E+02  4.000000E+02  1.502590E+03
                       Z2       1.333333E+03  1.333333E+03  4.000000E+02  45.0000   1.733333E+03  9.333333E+02  4.000000E+02  1.502590E+03
                       MID      1.333333E+03  1.333333E+03  4.000000E+02  45.0000   1.733333E+03  9.333333E+02  4.000000E+02  1.502590E+03
        7        0     Z1       1.333333E+03  1.333333E+03  4.000000E+02  45.0000   1.733333E+03  9.333333E+02  4.000000E+02  1.502590E+03
                       Z2       1.333333E+03  1.333333E+03  4.000000E+02  45.0000   1.733333E+03  9.333333E+02  4.000000E+02  1.502590E+03
                       MID      1.333333E+03  1.333333E+03  4.000000E+02  45.0000   1.733333E+03  9.333333E+02  4.000000E+02  1.502590E+03
        5        0     Z1       1.333333E+03  1.333333E+03  4.000000E+02  45.0000   1.733333E+03  9.333333E+02  4.000000E+02  1.502590E+03
                       Z2       1.333333E+03  1.333333E+03  4.000000E+02  45.0000   1.733333E+03  9.333333E+02  4.000000E+02  1.502590E+03
                       MID      1.333333E+03  1.333333E+03  4.000000E+02  45.0000   1.733333E+03  9.333333E+02  4.000000E+02  1.502590E+03
        6        0     Z1       1.333333E+03  1.333333E+03  4.000000E+02  45.0000   1.733333E+03  9.333333E+02  4.000000E+02  1.502590E+03
                       Z2       1.333333E+03  1.333333E+03  4.000000E+02  45.0000   1.733333E+03  9.333333E+02  4.000000E+02  1.502590E+03
                       MID      1.333333E+03  1.333333E+03  4.000000E+02  45.0000   1.733333E+03  9.333333E+02  4.000000E+02  1.502590E+03
        8        0     Z1       1.333333E+03  1.333333E+03  4.000000E+02  45.0000   1.733333E+03  9.333333E+02  4.000000E+02  1.502590E+03
                       Z2       1.333333E+03  1.333333E+03  4.000000E+02  45.0000   1.733333E+03  9.333333E+02  4.000000E+02  1.502590E+03
                       MID      1.333333E+03  1.333333E+03  4.000000E+02  45.0000   1.733333E+03  9.333333E+02  4.000000E+02  1.502590E+03

 SAP2000 PROBLEM 2-001-THICK                                                                                                     

0                                                                                                          SUBCASE        1
                                  S T R E S S E S   A T   G R I D   P O I N T S   - -     S U R F A C E     200
0                       SURFACE X-AXIS X  NORMAL(Z-AXIS)  Z         REFERENCE COORDINATE SYSTEM FOR SURFACE DEFINITION CID        0
     GRID      ELEMENT            STRESSES IN SURFACE SYSTEM           PRINCIPAL STRESSES            MAX
     ID          ID    FIBER   NORMAL-X   NORMAL-Y   SHEAR-XY     ANGLE      MAJOR      MINOR      SHEAR     VON MISES
      401        0     Z1       1.333333E+03  1.333333E+03  4.000000E+02  45.0000   1.733333E+03  9.333333E+02  4.000000E+02  1.502590E+03
                       Z2       1.333333E+03  1.333333E+03  4.000000E+02  45.0000   1.733333E+03  9.333333E+02  4.000000E+02  1.502590E+03
                       MID      1.333333E+03  1.333333E+03  4.000000E+02  45.0000   1.733333E+03  9.333333E+02  4.000000E+02  1.502590E+03
      409        0     Z1       1.333333E+03  1.333333E+03  4.000000E+02  45.0000   1.733333E+03  9.333333E+02  4.000000E+02  1.502590E+03
                       Z2       1.333333E+03  1.333333E+03  4.000000E+02  45.0000   1.733333E+03  9.333333E+02  4.000000E+02  1.502590E+03
                       MID      1.333333E+03  1.333333E+03  4.000000E+02  45.0000   1.733333E+03  9.333333E+02  4.000000E+02  1.502590E+03
      414        0     Z1       1.333333E+03  1.333333E+03  4.000000E+02  45.0000   1.733333E+03  9.333333E+02  4.000000E+02  1.502590E+03
                       Z2       1.333333E+03  1.333333E+03  4.000000E+02  45.0000   1.733333E+03  9.333333E+02  4.000000E+02  1.502590E+03
                       MID      1.333333E+03  1.333333E+03  4.000000E+02  45.0000   1.733333E+03  9.333333E+02  4.000000E+02  1.502590E+03
      412        0     Z1       1.333333E+03  1.333333E+03  4.000000E+02  45.0000   1.733333E+03  9.333333E+02  4.000000E+02  1.502590E+03
                       Z2       1.333333E+03  1.333333E+03  4.000000E+02  45.0000   1.733333E+03  9.333333E+02  4.000000E+02  1.502590E+03
                       MID      1.333333E+03  1.333333E+03  4.000000E+02  45.0000   1.733333E+03  9.333333E+02  4.000000E+02  1.502590E+03
      402        0     Z1       1.333333E+03  1.333333E+03  4.000000E+02  45.0000   1.733333E+03  9.333333E+02  4.000000E+02  1.502590E+03
                       Z2       1.333333E+03  1.333333E+03  4.000000E+02  45.0000   1.733333E+03  9.333333E+02  4.000000E+02  1.502590E+03
                       MID      1.333333E+03  1.333333E+03  4.000000E+02  45.0000   1.733333E+03  9.333333E+02  4.000000E+02  1.502590E+03
      410        0     Z1       1.333333E+03  1.333333E+03  4.000000E+02  45.0000   1.733333E+03  9.333333E+02  4.000000E+02  1.502590E+03
                       Z2       1.333333E+03  1.333333E+03  4.000000E+02  45.0000   1.733333E+03  9.333333E+02  4.000000E+02  1.502590E+03
                       MID      1.333333E+03  1.333333E+03  4.000000E+02  45.0000   1.733333E+03  9.333333E+02  4.000000E+02  1.502590E+03
      413        0     Z1       1.333333E+03  1.333333E+03  4.000000E+02  45.0000   1.733333E+03  9.333333E+02  4.000000E+02  1.502590E+03
                       Z2       1.333333E+03  1.333333E+03  4.000000E+02  45.0000   1.733333E+03  9.333333E+02  4.000000E+02  1.502590E+03
                       MID      1.333333E+03  1.333333E+03  4.000000E+02  45.0000   1.733333E+03  9.333333E+02  4.000000E+02  1.502590E+03
      408        0     Z1       1.333333E+03  1.333333E+03  4.000000E+02  45.0000   1.733333E+03  9.333333E+02  4.000000E+02  1.502590E+03
                       Z2       1.333333E+03  1.333333E+03  4.000000E+02  45.0000   1.733333E+03  9.333333E+02  4.000000E+02  1.502590E+03
                       MID      1.333333E+03  1.333333E+03  4.000000E+02  45.0000   1.733333E+03  9.333333E+02  4.000000E+02  1.502590E+03
      411        0     Z1       1.333333E+03  1.333333E+03  4.000000E+02  45.0000   1.733333E+03  9.333333E+02  4.000000E+02  1.502590E+03
                       Z2       1.333333E+03  1.333333E+03  4.000000E+02  45.0000   1.733333E+03  9.333333E+02  4.000000E+02  1.502590E+03
                       MID      1.333333E+03  1.333333E+03  4.000000E+02  45.0000   1.733333E+03  9.333333E+02  4.000000E+02  1.502590E+03
      407        0     Z1       1.333333E+03  1.333333E+03  4.000000E+02  45.0000   1.733333E+03  9.333333E+02  4.000000E+02  1.502590E+03
                       Z2       1.333333E+03  1.333333E+03  4.000000E+02  45.0000   1.733333E+03  9.333333E+02  4.000000E+02  1.502590E+03
                       MID      1.333333E+03  1.333333E+03  4.000000E+02  45.0000   1.733333E+03  9.333333E+02  4.000000E+02  1.502590E+03


 OUTPUT FOR SUBCASE        1
 SAP2000 PROBLEM 2-001-THICK                                                                                                                                                                                                                                     
 LC1_MEMBRANE                                                                                                                                                                                                                                                    

                                          E L E M E N T   S T R E S S E S   I N   L O C A L   E L E M E N T   C O O R D I N A T E   S Y S T E M
                                                                       F O R   E L E M E N T   T Y P E   Q U A D 8  
    Elem  Location       Stress      Stresses In Reported Coord System    Principal Stresses (Zero Shear)               Transverse   Transverse   % Poly
     ID                Distance     Normal-X     Normal-Y     Shear-XY     Angle     Major        Minor      von Mises    Shear-XZ     Shear-YZ    Fit Err
                                                                                                                         (max through thickness)

       21  CENTER      -5.000E-04  1.50275E+03  1.16392E+03 -3.62353E+02  -32.47  1.73333E+03  9.33333E+02  1.50259E+03  0.00000E+00  0.00000E+00
                        5.000E-04  1.50275E+03  1.16392E+03 -3.62353E+02  -32.47  1.73333E+03  9.33333E+02  1.50259E+03

           GRD     501 -5.000E-04  1.50275E+03  1.16392E+03 -3.62353E+02  -32.47  1.73333E+03  9.33333E+02  1.50259E+03  0.00000E+00  0.00000E+00  2.8E-14
                        5.000E-04  1.50275E+03  1.16392E+03 -3.62353E+02  -32.47  1.73333E+03  9.33333E+02  1.50259E+03

           GRD     502 -5.000E-04  1.50275E+03  1.16392E+03 -3.62353E+02  -32.47  1.73333E+03  9.33333E+02  1.50259E+03  0.00000E+00  0.00000E+00 -7.1E-14
                        5.000E-04  1.50275E+03  1.16392E+03 -3.62353E+02  -32.47  1.73333E+03  9.33333E+02  1.50259E+03

           GRD     504 -5.000E-04  1.50275E+03  1.16392E+03 -3.62353E+02  -32.47  1.73333E+03  9.33333E+02  1.50259E+03  0.00000E+00  0.00000E+00  2.8E-14
                        5.000E-04  1.50275E+03  1.16392E+03 -3.62353E+02  -32.47  1.73333E+03  9.33333E+02  1.50259E+03

           GRD     503 -5.000E-04  1.50275E+03  1.16392E+03 -3.62353E+02  -32.47  1.73333E+03  9.33333E+02  1.50259E+03  0.00000E+00  0.00000E+00 -5.7E-14
                        5.000E-04  1.50275E+03  1.16392E+03 -3.62353E+02  -32.47  1.73333E+03  9.33333E+02  1.50259E+03

           GRD     509 -5.000E-04  1.50275E+03  1.16392E+03 -3.62353E+02  -32.47  1.73333E+03  9.33333E+02  1.50259E+03  0.00000E+00  0.00000E+00  0.0E+00
                        5.000E-04  1.50275E+03  1.16392E+03 -3.62353E+02  -32.47  1.73333E+03  9.33333E+02  1.50259E+03

           GRD     516 -5.000E-04  1.50275E+03  1.16392E+03 -3.62353E+02  -32.47  1.73333E+03  9.33333E+02  1.50259E+03  0.00000E+00  0.00000E+00  0.0E+00
                        5.000E-04  1.50275E+03  1.16392E+03 -3.62353E+02  -32.47  1.73333E+03  9.33333E+02  1.50259E+03

           GRD     514 -5.000E-04  1.50275E+03  1.16392E+03 -3.62353E+02  -32.47  1.73333E+03  9.33333E+02  1.50259E+03  0.00000E+00  0.00000E+00  3.4E-14
                        5.000E-04  1.50275E+03  1.16392E+03 -3.62353E+02  -32.47  1.73333E+03  9.33333E+02  1.50259E+03

           GRD     515 -5.000E-04  1.50275E+03  1.16392E+03 -3.62353E+02  -32.47  1.73333E+03  9.33333E+02  1.50259E+03  0.00000E+00  0.00000E+00  0.0E+00
                        5.000E-04  1.50275E+03  1.16392E+03 -3.62353E+02  -32.47  1.73333E+03  9.33333E+02  1.50259E+03

       22  CENTER      -5.000E-04  1.35437E+03  1.31230E+03  3.99446E+02   43.49  1.73333E+03  9.33333E+02  1.50259E+03  0.00000E+00  0.00000E+00
                        5.000E-04  1.35437E+03  1.31230E+03  3.99446E+02   43.49  1.73333E+03  9.33333E+02  1.50259E+03

           GRD     507 -5.000E-04  1.35437E+03  1.31230E+03  3.99446E+02   43.49  1.73333E+03  9.33333E+02  1.50259E+03  0.00000E+00  0.00000E+00  0.0E+00
                        5.000E-04  1.35437E+03  1.31230E+03  3.99446E+02   43.49  1.73333E+03  9.33333E+02  1.50259E+03

           GRD     501 -5.000E-04  1.35437E+03  1.31230E+03  3.99446E+02   43.49  1.73333E+03  9.33333E+02  1.50259E+03  0.00000E+00  0.00000E+00 -5.1E-14
                        5.000E-04  1.35437E+03  1.31230E+03  3.99446E+02   43.49  1.73333E+03  9.33333E+02  1.50259E+03

           GRD     503 -5.000E-04  1.35437E+03  1.31230E+03  3.99446E+02   43.49  1.73333E+03  9.33333E+02  1.50259E+03  0.00000E+00  0.00000E+00  5.1E-14
                        5.000E-04  1.35437E+03  1.31230E+03  3.99446E+02   43.49  1.73333E+03  9.33333E+02  1.50259E+03

           GRD     505 -5.000E-04  1.35437E+03  1.31230E+03  3.99446E+02   43.49  1.73333E+03  9.33333E+02  1.50259E+03  0.00000E+00  0.00000E+00 -5.1E-14
                        5.000E-04  1.35437E+03  1.31230E+03  3.99446E+02   43.49  1.73333E+03  9.33333E+02  1.50259E+03

           GRD     512 -5.000E-04  1.35437E+03  1.31230E+03  3.99446E+02   43.49  1.73333E+03  9.33333E+02  1.50259E+03  0.00000E+00  0.00000E+00  5.1E-14
                        5.000E-04  1.35437E+03  1.31230E+03  3.99446E+02   43.49  1.73333E+03  9.33333E+02  1.50259E+03

           GRD     515 -5.000E-04  1.35437E+03  1.31230E+03  3.99446E+02   43.49  1.73333E+03  9.33333E+02  1.50259E+03  0.00000E+00  0.00000E+00  0.0E+00
                        5.000E-04  1.35437E+03  1.31230E+03  3.99446E+02   43.49  1.73333E+03  9.33333E+02  1.50259E+03

           GRD     519 -5.000E-04  1.35437E+03  1.31230E+03  3.99446E+02   43.49  1.73333E+03  9.33333E+02  1.50259E+03  0.00000E+00  0.00000E+00  3.4E-14
                        5.000E-04  1.35437E+03  1.31230E+03  3.99446E+02   43.49  1.73333E+03  9.33333E+02  1.50259E+03

           GRD     518 -5.000E-04  1.35437E+03  1.31230E+03  3.99446E+02   43.49  1.73333E+03  9.33333E+02  1.50259E+03  0.00000E+00  0.00000E+00 -1.7E-14
                        5.000E-04  1.35437E+03  1.31230E+03  3.99446E+02   43.49  1.73333E+03  9.33333E+02  1.50259E+03

       23  CENTER      -5.000E-04  1.36962E+03  1.29704E+03  3.98351E+02   42.40  1.73333E+03  9.33333E+02  1.50259E+03  0.00000E+00  0.00000E+00
                        5.000E-04  1.36962E+03  1.29704E+03  3.98351E+02   42.40  1.73333E+03  9.33333E+02  1.50259E+03

           GRD     504 -5.000E-04  1.36962E+03  1.29704E+03  3.98351E+02   42.40  1.73333E+03  9.33333E+02  1.50259E+03  0.00000E+00  0.00000E+00 -1.7E-14
                        5.000E-04  1.36962E+03  1.29704E+03  3.98351E+02   42.40  1.73333E+03  9.33333E+02  1.50259E+03

           GRD     506 -5.000E-04  1.36962E+03  1.29704E+03  3.98351E+02   42.40  1.73333E+03  9.33333E+02  1.50259E+03  0.00000E+00  0.00000E+00  0.0E+00
                        5.000E-04  1.36962E+03  1.29704E+03  3.98351E+02   42.40  1.73333E+03  9.33333E+02  1.50259E+03

           GRD     505 -5.000E-04  1.36962E+03  1.29704E+03  3.98351E+02   42.40  1.73333E+03  9.33333E+02  1.50259E+03  0.00000E+00  0.00000E+00 -2.8E-14
                        5.000E-04  1.36962E+03  1.29704E+03  3.98351E+02   42.40  1.73333E+03  9.33333E+02  1.50259E+03

           GRD     503 -5.000E-04  1.36962E+03  1.29704E+03  3.98351E+02   42.40  1.73333E+03  9.33333E+02  1.50259E+03  0.00000E+00  0.00000E+00  1.7E-14
                        5.000E-04  1.36962E+03  1.29704E+03  3.98351E+02   42.40  1.73333E+03  9.33333E+02  1.50259E+03

           GRD     520 -5.000E-04  1.36962E+03  1.29704E+03  3.98351E+02   42.40  1.73333E+03  9.33333E+02  1.50259E+03  0.00000E+00  0.00000E+00 -4.3E-14
                        5.000E-04  1.36962E+03  1.29704E+03  3.98351E+02   42.40  1.73333E+03  9.33333E+02  1.50259E+03

           GRD     513 -5.000E-04  1.36962E+03  1.29704E+03  3.98351E+02   42.40  1.73333E+03  9.33333E+02  1.50259E+03  0.00000E+00  0.00000E+00 -1.7E-14
                        5.000E-04  1.36962E+03  1.29704E+03  3.98351E+02   42.40  1.73333E+03  9.33333E+02  1.50259E+03

           GRD     519 -5.000E-04  1.36962E+03  1.29704E+03  3.98351E+02   42.40  1.73333E+03  9.33333E+02  1.50259E+03  0.00000E+00  0.00000E+00  0.0E+00
                        5.000E-04  1.36962E+03  1.29704E+03  3.98351E+02   42.40  1.73333E+03  9.33333E+02  1.50259E+03

           GRD     514 -5.000E-04  1.36962E+03  1.29704E+03  3.98351E+02   42.40  1.73333E+03  9.33333E+02  1.50259E+03  0.00000E+00  0.00000E+00 -4.3E-14
                        5.000E-04  1.36962E+03  1.29704E+03  3.98351E+02   42.40  1.73333E+03  9.33333E+02  1.50259E+03

       24  CENTER      -5.000E-04  1.33333E+03  1.33333E+03  4.00000E+02   45.00  1.73333E+03  9.33333E+02  1.50259E+03  0.00000E+00  0.00000E+00
                        5.000E-04  1.33333E+03  1.33333E+03  4.00000E+02   45.00  1.73333E+03  9.33333E+02  1.50259E+03

           GRD     502 -5.000E-04  1.33333E+03  1.33333E+03  4.00000E+02   45.00  1.73333E+03  9.33333E+02  1.50259E+03  0.00000E+00  0.00000E+00 -3.4E-14
                        5.000E-04  1.33333E+03  1.33333E+03  4.00000E+02   45.00  1.73333E+03  9.33333E+02  1.50259E+03

           GRD     508 -5.000E-04  1.33333E+03  1.33333E+03  4.00000E+02   45.00  1.73333E+03  9.33333E+02  1.50259E+03  0.00000E+00  0.00000E+00  4.3E-14
                        5.000E-04  1.33333E+03  1.33333E+03  4.00000E+02   45.00  1.73333E+03  9.33333E+02  1.50259E+03

           GRD     506 -5.000E-04  1.33333E+03  1.33333E+03  4.00000E+02   45.00  1.73333E+03  9.33333E+02  1.50259E+03  0.00000E+00  0.00000E+00  0.0E+00
                        5.000E-04  1.33333E+03  1.33333E+03  4.00000E+02   45.00  1.73333E+03  9.33333E+02  1.50259E+03

           GRD     504 -5.000E-04  1.33333E+03  1.33333E+03  4.00000E+02   45.00  1.73333E+03  9.33333E+02  1.50259E+03  0.00000E+00  0.00000E+00  3.4E-14
                        5.000E-04  1.33333E+03  1.33333E+03  4.00000E+02   45.00  1.73333E+03  9.33333E+02  1.50259E+03

           GRD     510 -5.000E-04  1.33333E+03  1.33333E+03  4.00000E+02   45.00  1.73333E+03  9.33333E+02  1.50259E+03  0.00000E+00  0.00000E+00 -6.8E-14
                        5.000E-04  1.33333E+03  1.33333E+03  4.00000E+02   45.00  1.73333E+03  9.33333E+02  1.50259E+03

           GRD     517 -5.000E-04  1.33333E+03  1.33333E+03  4.00000E+02   45.00  1.73333E+03  9.33333E+02  1.50259E+03  0.00000E+00  0.00000E+00  5.1E-14
                        5.000E-04  1.33333E+03  1.33333E+03  4.00000E+02   45.00  1.73333E+03  9.33333E+02  1.50259E+03

           GRD     520 -5.000E-04  1.33333E+03  1.33333E+03  4.00000E+02   45.00  1.73333E+03  9.33333E+02  1.50259E+03  0.00000E+00  0.00000E+00 -6.8E-14
                        5.000E-04  1.33333E+03  1.33333E+03  4.00000E+02   45.00  1.73333E+03  9.33333E+02  1.50259E+03

           GRD     516 -5.000E-04  1.33333E+03  1.33333E+03  4.00000E+02   45.00  1.73333E+03  9.33333E+02  1.50259E+03  0.00000E+00  0.00000E+00  0.0E+00
                        5.000E-04  1.33333E+03  1.33333E+03  4.00000E+02   45.00  1.73333E+03  9.33333E+02  1.50259E+03

       25  CENTER      -5.000E-04  1.24050E+03  1.42617E+03 -3.89078E+02  -51.71  1.73333E+03  9.33333E+02  1.50259E+03  0.00000E+00  0.00000E+00
                        5.000E-04  1.24050E+03  1.42617E+03 -3.89078E+02  -51.71  1.73333E+03  9.33333E+02  1.50259E+03

           GRD     508 -5.000E-04  1.24050E+03  1.42617E+03 -3.89078E+02  -51.71  1.73333E+03  9.33333E+02  1.50259E+03  0.00000E+00  0.00000E+00  3.4E-14
                        5.000E-04  1.24050E+03  1.42617E+03 -3.89078E+02  -51.71  1.73333E+03  9.33333E+02  1.50259E+03

           GRD     507 -5.000E-04  1.24050E+03  1.42617E+03 -3.89078E+02  -51.71  1.73333E+03  9.33333E+02  1.50259E+03  0.00000E+00  0.00000E+00  2.8E-14
                        5.000E-04  1.24050E+03  1.42617E+03 -3.89078E+02  -51.71  1.73333E+03  9.33333E+02  1.50259E+03

           GRD     505 -5.000E-04  1.24050E+03  1.42617E+03 -3.89078E+02  -51.71  1.73333E+03  9.33333E+02  1.50259E+03  0.00000E+00  0.00000E+00  1.7E-14
                        5.000E-04  1.24050E+03  1.42617E+03 -3.89078E+02  -51.71  1.73333E+03  9.33333E+02  1.50259E+03

           GRD     506 -5.000E-04  1.24050E+03  1.42617E+03 -3.89078E+02  -51.71  1.73333E+03  9.33333E+02  1.50259E+03  0.00000E+00  0.00000E+00  0.0E+00
                        5.000E-04  1.24050E+03  1.42617E+03 -3.89078E+02  -51.71  1.73333E+03  9.33333E+02  1.50259E+03

           GRD     511 -5.000E-04  1.24050E+03  1.42617E+03 -3.89078E+02  -51.71  1.73333E+03  9.33333E+02  1.50259E+03  0.00000E+00  0.00000E+00  9.9E-14
                        5.000E-04  1.24050E+03  1.42617E+03 -3.89078E+02  -51.71  1.73333E+03  9.33333E+02  1.50259E+03

           GRD     518 -5.000E-04  1.24050E+03  1.42617E+03 -3.89078E+02  -51.71  1.73333E+03  9.33333E+02  1.50259E+03  0.00000E+00  0.00000E+00 -1.3E-13
                        5.000E-04  1.24050E+03  1.42617E+03 -3.89078E+02  -51.71  1.73333E+03  9.33333E+02  1.50259E+03

           GRD     513 -5.000E-04  1.24050E+03  1.42617E+03 -3.89078E+02  -51.71  1.73333E+03  9.33333E+02  1.50259E+03  0.00000E+00  0.00000E+00  1.1E-13
                        5.000E-04  1.24050E+03  1.42617E+03 -3.89078E+02  -51.71  1.73333E+03  9.33333E+02  1.50259E+03

           GRD     517 -5.000E-04  1.24050E+03  1.42617E+03 -3.89078E+02  -51.71  1.73333E+03  9.33333E+02  1.50259E+03  0.00000E+00  0.00000E+00 -1.3E-13
                        5.000E-04  1.24050E+03  1.42617E+03 -3.89078E+02  -51.71  1.73333E+03  9.33333E+02  1.50259E+03
                                  ------------ ------------ ------------         ------------ ------------ ------------ ------------ ------------ --------
 MAX* :                            1.50275E+03  1.42617E+03  4.00000E+02          1.73333E+03  9.33333E+02  1.50259E+03  0.00000E+00  0.00000E+00  0.1E-12
 MIN* :                            1.24050E+03  1.16392E+03 -3.89078E+02          1.73333E+03  9.33333E+02  1.50259E+03  0.00000E+00  0.00000E+00 -0.1E-12

 ABS* :                            1.50275E+03  1.42617E+03  4.00000E+02          1.73333E+03  9.33333E+02  1.50259E+03  0.00000E+00  0.00000E+00  0.1E-12
 *for output set

 SAP2000 PROBLEM 2-001-THICK                                                                                                     

0                                                                                                          SUBCASE        1
                                  S T R E S S E S   A T   G R I D   P O I N T S   - -     S U R F A C E     300
0                       SURFACE X-AXIS X  NORMAL(Z-AXIS)  Z         REFERENCE COORDINATE SYSTEM FOR SURFACE DEFINITION CID        0
     GRID      ELEMENT            STRESSES IN SURFACE SYSTEM           PRINCIPAL STRESSES            MAX
     ID          ID    FIBER   NORMAL-X   NORMAL-Y   SHEAR-XY     ANGLE      MAJOR      MINOR      SHEAR     VON MISES
      501        0     Z1       1.333333E+03  1.333333E+03  4.000000E+02  45.0000   1.733333E+03  9.333333E+02  4.000000E+02  1.502590E+03
                       Z2       1.333333E+03  1.333333E+03  4.000000E+02  45.0000   1.733333E+03  9.333333E+02  4.000000E+02  1.502590E+03
                       MID      1.333333E+03  1.333333E+03  4.000000E+02  45.0000   1.733333E+03  9.333333E+02  4.000000E+02  1.502590E+03
      502        0     Z1       1.333333E+03  1.333333E+03  4.000000E+02  45.0000   1.733333E+03  9.333333E+02  4.000000E+02  1.502590E+03
                       Z2       1.333333E+03  1.333333E+03  4.000000E+02  45.0000   1.733333E+03  9.333333E+02  4.000000E+02  1.502590E+03
                       MID      1.333333E+03  1.333333E+03  4.000000E+02  45.0000   1.733333E+03  9.333333E+02  4.000000E+02  1.502590E+03
      504        0     Z1       1.333333E+03  1.333333E+03  4.000000E+02  45.0000   1.733333E+03  9.333333E+02  4.000000E+02  1.502590E+03
                       Z2       1.333333E+03  1.333333E+03  4.000000E+02  45.0000   1.733333E+03  9.333333E+02  4.000000E+02  1.502590E+03
                       MID      1.333333E+03  1.333333E+03  4.000000E+02  45.0000   1.733333E+03  9.333333E+02  4.000000E+02  1.502590E+03
      503        0     Z1       1.333333E+03  1.333333E+03  4.000000E+02  45.0000   1.733333E+03  9.333333E+02  4.000000E+02  1.502590E+03
                       Z2       1.333333E+03  1.333333E+03  4.000000E+02  45.0000   1.733333E+03  9.333333E+02  4.000000E+02  1.502590E+03
                       MID      1.333333E+03  1.333333E+03  4.000000E+02  45.0000   1.733333E+03  9.333333E+02  4.000000E+02  1.502590E+03
      509        0     Z1       1.333333E+03  1.333333E+03  4.000000E+02  45.0000   1.733333E+03  9.333333E+02  4.000000E+02  1.502590E+03
                       Z2       1.333333E+03  1.333333E+03  4.000000E+02  45.0000   1.733333E+03  9.333333E+02  4.000000E+02  1.502590E+03
                       MID      1.333333E+03  1.333333E+03  4.000000E+02  45.0000   1.733333E+03  9.333333E+02  4.000000E+02  1.502590E+03
      516        0     Z1       1.333333E+03  1.333333E+03  4.000000E+02  45.0000   1.733333E+03  9.333333E+02  4.000000E+02  1.502590E+03
                       Z2       1.333333E+03  1.333333E+03  4.000000E+02  45.0000   1.733333E+03  9.333333E+02  4.000000E+02  1.502590E+03
                       MID      1.333333E+03  1.333333E+03  4.000000E+02  45.0000   1.733333E+03  9.333333E+02  4.000000E+02  1.502590E+03
      514        0     Z1       1.333333E+03  1.333333E+03  4.000000E+02  45.0000   1.733333E+03  9.333333E+02  4.000000E+02  1.502590E+03
                       Z2       1.333333E+03  1.333333E+03  4.000000E+02  45.0000   1.733333E+03  9.333333E+02  4.000000E+02  1.502590E+03
                       MID      1.333333E+03  1.333333E+03  4.000000E+02  45.0000   1.733333E+03  9.333333E+02  4.000000E+02  1.502590E+03
      515        0     Z1       1.333333E+03  1.333333E+03  4.000000E+02  45.0000   1.733333E+03  9.333333E+02  4.000000E+02  1.502590E+03
                       Z2       1.333333E+03  1.333333E+03  4.000000E+02  45.0000   1.733333E+03  9.333333E+02  4.000000E+02  1.502590E+03
                       MID      1.333333E+03  1.333333E+03  4.000000E+02  45.0000   1.733333E+03  9.333333E+02  4.000000E+02  1.502590E+03
      507        0     Z1       1.333333E+03  1.333333E+03  4.000000E+02  45.0000   1.733333E+03  9.333333E+02  4.000000E+02  1.502590E+03
                       Z2       1.333333E+03  1.333333E+03  4.000000E+02  45.0000   1.733333E+03  9.333333E+02  4.000000E+02  1.502590E+03
                       MID      1.333333E+03  1.333333E+03  4.000000E+02  45.0000   1.733333E+03  9.333333E+02  4.000000E+02  1.502590E+03
      505        0     Z1       1.333333E+03  1.333333E+03  4.000000E+02  45.0000   1.733333E+03  9.333333E+02  4.000000E+02  1.502590E+03
                       Z2       1.333333E+03  1.333333E+03  4.000000E+02  45.0000   1.733333E+03  9.333333E+02  4.000000E+02  1.502590E+03
                       MID      1.333333E+03  1.333333E+03  4.000000E+02  45.0000   1.733333E+03  9.333333E+02  4.000000E+02  1.502590E+03
      512        0     Z1       1.333333E+03  1.333333E+03  4.000000E+02  45.0000   1.733333E+03  9.333333E+02  4.000000E+02  1.502590E+03
                       Z2       1.333333E+03  1.333333E+03  4.000000E+02  45.0000   1.733333E+03  9.333333E+02  4.000000E+02  1.502590E+03
                       MID      1.333333E+03  1.333333E+03  4.000000E+02  45.0000   1.733333E+03  9.333333E+02  4.000000E+02  1.502590E+03
      519        0     Z1       1.333333E+03  1.333333E+03  4.000000E+02  45.0000   1.733333E+03  9.333333E+02  4.000000E+02  1.502590E+03
                       Z2       1.333333E+03  1.333333E+03  4.000000E+02  45.0000   1.733333E+03  9.333333E+02  4.000000E+02  1.502590E+03
                       MID      1.333333E+03  1.333333E+03  4.000000E+02  45.0000   1.733333E+03  9.333333E+02  4.000000E+02  1.502590E+03
      518        0     Z1       1.333333E+03  1.333333E+03  4.000000E+02  45.0000   1.733333E+03  9.333333E+02  4.000000E+02  1.502590E+03
                       Z2       1.333333E+03  1.333333E+03  4.000000E+02  45.0000   1.733333E+03  9.333333E+02  4.000000E+02  1.502590E+03
                       MID      1.333333E+03  1.333333E+03  4.000000E+02  45.0000   1.733333E+03  9.333333E+02  4.000000E+02  1.502590E+03
      506        0     Z1       1.333333E+03  1.333333E+03  4.000000E+02  45.0000   1.733333E+03  9.333333E+02  4.000000E+02  1.502590E+03
                       Z2       1.333333E+03  1.333333E+03  4.000000E+02  45.0000   1.733333E+03  9.333333E+02  4.000000E+02  1.502590E+03
                       MID      1.333333E+03  1.333333E+03  4.000000E+02  45.0000   1.733333E+03  9.333333E+02  4.000000E+02  1.502590E+03
      520        0     Z1       1.333333E+03  1.333333E+03  4.000000E+02  45.0000   1.733333E+03  9.333333E+02  4.000000E+02  1.502590E+03
                       Z2       1.333333E+03  1.333333E+03  4.000000E+02  45.0000   1.733333E+03  9.333333E+02  4.000000E+02  1.502590E+03
                       MID      1.333333E+03  1.333333E+03  4.000000E+02  45.0000   1.733333E+03  9.333333E+02  4.000000E+02  1.502590E+03
      513        0     Z1       1.333333E+03  1.333333E+03  4.000000E+02  45.0000   1.733333E+03  9.333333E+02  4.000000E+02  1.502590E+03
                       Z2       1.333333E+03  1.333333E+03  4.000000E+02  45.0000   1.733333E+03  9.333333E+02  4.000000E+02  1.502590E+03
                       MID      1.333333E+03  1.333333E+03  4.000000E+02  45.0000   1.733333E+03  9.333333E+02  4.000000E+02  1.502590E+03
      508        0     Z1       1.333333E+03  1.333333E+03  4.000000E+02  45.0000   1.733333E+03  9.333333E+02  4.000000E+02  1.502590E+03
                       Z2       1.333333E+03  1.333333E+03  4.000000E+02  45.0000   1.733333E+03  9.333333E+02  4.000000E+02  1.502590E+03
                       MID      1.333333E+03  1.333333E+03  4.000000E+02  45.0000   1.733333E+03  9.333333E+02  4.000000E+02  1.502590E+03
      510        0     Z1       1.333333E+03  1.333333E+03  4.000000E+02  45.0000   1.733333E+03  9.333333E+02  4.000000E+02  1.502590E+03
                       Z2       1.333333E+03  1.333333E+03  4.000000E+02  45.0000   1.733333E+03  9.333333E+02  4.000000E+02  1.502590E+03
                       MID      1.333333E+03  1.333333E+03  4.000000E+02  45.0000   1.733333E+03  9.333333E+02  4.000000E+02  1.502590E+03
      517        0     Z1       1.333333E+03  1.333333E+03  4.000000E+02  45.0000   1.733333E+03  9.333333E+02  4.000000E+02  1.502590E+03
                       Z2       1.333333E+03  1.333333E+03  4.000000E+02  45.0000   1.733333E+03  9.333333E+02  4.000000E+02  1.502590E+03
                       MID      1.333333E+03  1.333333E+03  4.000000E+02  45.0000   1.733333E+03  9.333333E+02  4.000000E+02  1.502590E+03
      511        0     Z1       1.333333E+03  1.333333E+03  4.000000E+02  45.0000   1.733333E+03  9.333333E+02  4.000000E+02  1.502590E+03
                       Z2       1.333333E+03  1.333333E+03  4.000000E+02  45.0000   1.733333E+03  9.333333E+02  4.000000E+02  1.502590E+03
                       MID      1.333333E+03  1.333333E+03  4.000000E+02  45.0000   1.733333E+03  9.333333E+02  4.000000E+02  1.502590E+03


 OUTPUT FOR SUBCASE        1
 SAP2000 PROBLEM 2-001-THICK                                                                                                                                                                                                                                     
 LC1_MEMBRANE                                                                                                                                                                                                                                                    

                                    E L E M E N T   S T R E S S E S   I N   L O C A L   E L E M E N T   C O O R D I N A T E   S Y S T E M
                                                                 F O R   E L E M E N T   T Y P E   T R I A 3  
  Element    Location      Stress       Stresses In Reported Coord System      Principal Stresses (Zero Shear)               Transverse   Transverse
     ID                  Distance      Normal-X     Normal-Y      Shear-XY     Angle     Major        Minor      von Mises     Shear-XZ     Shear-YZ
                                                                                                                             (max through thickness)

       31    CENTER     -5.00000E-04  1.33333E+03  1.33333E+03 -4.00000E+02 -4.500E+01  1.73333E+03  9.33333E+02  1.50259E+03  0.00000E+00  0.00000E+00        
                         5.00000E-04  1.33333E+03  1.33333E+03 -4.00000E+02 -4.500E+01  1.73333E+03  9.33333E+02  1.50259E+03  0.00000E+00  0.00000E+00        

       31   GRD     103 -5.00000E-04  1.33333E+03  1.33333E+03 -4.00000E+02 -4.500E+01  1.73333E+03  9.33333E+02  1.50259E+03  0.00000E+00  0.00000E+00        
                         5.00000E-04  1.33333E+03  1.33333E+03 -4.00000E+02 -4.500E+01  1.73333E+03  9.33333E+02  1.50259E+03  0.00000E+00  0.00000E+00        

       31   GRD     102 -5.00000E-04  1.33333E+03  1.33333E+03 -4.00000E+02 -4.500E+01  1.73333E+03  9.33333E+02  1.50259E+03  0.00000E+00  0.00000E+00        
                         5.00000E-04  1.33333E+03  1.33333E+03 -4.00000E+02 -4.500E+01  1.73333E+03  9.33333E+02  1.50259E+03  0.00000E+00  0.00000E+00        

       31   GRD     104 -5.00000E-04  1.33333E+03  1.33333E+03 -4.00000E+02 -4.500E+01  1.73333E+03  9.33333E+02  1.50259E+03  0.00000E+00  0.00000E+00        
                         5.00000E-04  1.33333E+03  1.33333E+03 -4.00000E+02 -4.500E+01  1.73333E+03  9.33333E+02  1.50259E+03  0.00000E+00  0.00000E+00        

       32    CENTER     -5.00000E-04  1.33333E+03  1.33333E+03 -4.00000E+02 -4.500E+01  1.73333E+03  9.33333E+02  1.50259E+03  0.00000E+00  0.00000E+00        
                         5.00000E-04  1.33333E+03  1.33333E+03 -4.00000E+02 -4.500E+01  1.73333E+03  9.33333E+02  1.50259E+03  0.00000E+00  0.00000E+00        

       32   GRD     103 -5.00000E-04  1.33333E+03  1.33333E+03 -4.00000E+02 -4.500E+01  1.73333E+03  9.33333E+02  1.50259E+03  0.00000E+00  0.00000E+00        
                         5.00000E-04  1.33333E+03  1.33333E+03 -4.00000E+02 -4.500E+01  1.73333E+03  9.33333E+02  1.50259E+03  0.00000E+00  0.00000E+00        

       32   GRD     105 -5.00000E-04  1.33333E+03  1.33333E+03 -4.00000E+02 -4.500E+01  1.73333E+03  9.33333E+02  1.50259E+03  0.00000E+00  0.00000E+00        
                         5.00000E-04  1.33333E+03  1.33333E+03 -4.00000E+02 -4.500E+01  1.73333E+03  9.33333E+02  1.50259E+03  0.00000E+00  0.00000E+00        

       32   GRD     107 -5.00000E-04  1.33333E+03  1.33333E+03 -4.00000E+02 -4.500E+01  1.73333E+03  9.33333E+02  1.50259E+03  0.00000E+00  0.00000E+00        
                         5.00000E-04  1.33333E+03  1.33333E+03 -4.00000E+02 -4.500E+01  1.73333E+03  9.33333E+02  1.50259E+03  0.00000E+00  0.00000E+00        

       33    CENTER     -5.00000E-04  1.33333E+03  1.33333E+03 -4.00000E+02 -4.500E+01  1.73333E+03  9.33333E+02  1.50259E+03  0.00000E+00  0.00000E+00        
                         5.00000E-04  1.33333E+03  1.33333E+03 -4.00000E+02 -4.500E+01  1.73333E+03  9.33333E+02  1.50259E+03  0.00000E+00  0.00000E+00        

       33   GRD     104 -5.00000E-04  1.33333E+03  1.33333E+03 -4.00000E+02 -4.500E+01  1.73333E+03  9.33333E+02  1.50259E+03  0.00000E+00  0.00000E+00        
                         5.00000E-04  1.33333E+03  1.33333E+03 -4.00000E+02 -4.500E+01  1.73333E+03  9.33333E+02  1.50259E+03  0.00000E+00  0.00000E+00        

       33   GRD     106 -5.00000E-04  1.33333E+03  1.33333E+03 -4.00000E+02 -4.500E+01  1.73333E+03  9.33333E+02  1.50259E+03  0.00000E+00  0.00000E+00        
                         5.00000E-04  1.33333E+03  1.33333E+03 -4.00000E+02 -4.500E+01  1.73333E+03  9.33333E+02  1.50259E+03  0.00000E+00  0.00000E+00        

       33   GRD     105 -5.00000E-04  1.33333E+03  1.33333E+03 -4.00000E+02 -4.500E+01  1.73333E+03  9.33333E+02  1.50259E+03  0.00000E+00  0.00000E+00        
                         5.00000E-04  1.33333E+03  1.33333E+03 -4.00000E+02 -4.500E+01  1.73333E+03  9.33333E+02  1.50259E+03  0.00000E+00  0.00000E+00        

       34    CENTER     -5.00000E-04  1.33333E+03  1.33333E+03 -4.00000E+02 -4.500E+01  1.73333E+03  9.33333E+02  1.50259E+03  0.00000E+00  0.00000E+00        
                         5.00000E-04  1.33333E+03  1.33333E+03 -4.00000E+02 -4.500E+01  1.73333E+03  9.33333E+02  1.50259E+03  0.00000E+00  0.00000E+00        

       34   GRD     106 -5.00000E-04  1.33333E+03  1.33333E+03 -4.00000E+02 -4.500E+01  1.73333E+03  9.33333E+02  1.50259E+03  0.00000E+00  0.00000E+00        
                         5.00000E-04  1.33333E+03  1.33333E+03 -4.00000E+02 -4.500E+01  1.73333E+03  9.33333E+02  1.50259E+03  0.00000E+00  0.00000E+00        

       34   GRD     102 -5.00000E-04  1.33333E+03  1.33333E+03 -4.00000E+02 -4.500E+01  1.73333E+03  9.33333E+02  1.50259E+03  0.00000E+00  0.00000E+00        
                         5.00000E-04  1.33333E+03  1.33333E+03 -4.00000E+02 -4.500E+01  1.73333E+03  9.33333E+02  1.50259E+03  0.00000E+00  0.00000E+00        

       34   GRD     108 -5.00000E-04  1.33333E+03  1.33333E+03 -4.00000E+02 -4.500E+01  1.73333E+03  9.33333E+02  1.50259E+03  0.00000E+00  0.00000E+00        
                         5.00000E-04  1.33333E+03  1.33333E+03 -4.00000E+02 -4.500E+01  1.73333E+03  9.33333E+02  1.50259E+03  0.00000E+00  0.00000E+00        

       35    CENTER     -5.00000E-04  1.33333E+03  1.33333E+03 -4.00000E+02 -4.500E+01  1.73333E+03  9.33333E+02  1.50259E+03  0.00000E+00  0.00000E+00        
                         5.00000E-04  1.33333E+03  1.33333E+03 -4.00000E+02 -4.500E+01  1.73333E+03  9.33333E+02  1.50259E+03  0.00000E+00  0.00000E+00        

       35   GRD     105 -5.00000E-04  1.33333E+03  1.33333E+03 -4.00000E+02 -4.500E+01  1.73333E+03  9.33333E+02  1.50259E+03  0.00000E+00  0.00000E+00        
                         5.00000E-04  1.33333E+03  1.33333E+03 -4.00000E+02 -4.500E+01  1.73333E+03  9.33333E+02  1.50259E+03  0.00000E+00  0.00000E+00        

       35   GRD     106 -5.00000E-04  1.33333E+03  1.33333E+03 -4.00000E+02 -4.500E+01  1.73333E+03  9.33333E+02  1.50259E+03  0.00000E+00  0.00000E+00        
                         5.00000E-04  1.33333E+03  1.33333E+03 -4.00000E+02 -4.500E+01  1.73333E+03  9.33333E+02  1.50259E+03  0.00000E+00  0.00000E+00        

       35   GRD     108 -5.00000E-04  1.33333E+03  1.33333E+03 -4.00000E+02 -4.500E+01  1.73333E+03  9.33333E+02  1.50259E+03  0.00000E+00  0.00000E+00        
                         5.00000E-04  1.33333E+03  1.33333E+03 -4.00000E+02 -4.500E+01  1.73333E+03  9.33333E+02  1.50259E+03  0.00000E+00  0.00000E+00        

       36    CENTER     -5.00000E-04  1.33333E+03  1.33333E+03 -4.00000E+02 -4.500E+01  1.73333E+03  9.33333E+02  1.50259E+03  0.00000E+00  0.00000E+00        
                         5.00000E-04  1.33333E+03  1.33333E+03 -4.00000E+02 -4.500E+01  1.73333E+03  9.33333E+02  1.50259E+03  0.00000E+00  0.00000E+00        

       36   GRD     101 -5.00000E-04  1.33333E+03  1.33333E+03 -4.00000E+02 -4.500E+01  1.73333E+03  9.33333E+02  1.50259E+03  0.00000E+00  0.00000E+00        
                         5.00000E-04  1.33333E+03  1.33333E+03 -4.00000E+02 -4.500E+01  1.73333E+03  9.33333E+02  1.50259E+03  0.00000E+00  0.00000E+00        

       36   GRD     102 -5.00000E-04  1.33333E+03  1.33333E+03 -4.00000E+02 -4.500E+01  1.73333E+03  9.33333E+02  1.50259E+03  0.00000E+00  0.00000E+00        
                         5.00000E-04  1.33333E+03  1.33333E+03 -4.00000E+02 -4.500E+01  1.73333E+03  9.33333E+02  1.50259E+03  0.00000E+00  0.00000E+00        

       36   GRD     103 -5.00000E-04  1.33333E+03  1.33333E+03 -4.00000E+02 -4.500E+01  1.73333E+03  9.33333E+02  1.50259E+03  0.00000E+00  0.00000E+00        
                         5.00000E-04  1.33333E+03  1.33333E+03 -4.00000E+02 -4.500E+01  1.73333E+03  9.33333E+02  1.50259E+03  0.00000E+00  0.00000E+00        

       37    CENTER     -5.00000E-04  1.33333E+03  1.33333E+03 -4.00000E+02 -4.500E+01  1.73333E+03  9.33333E+02  1.50259E+03  0.00000E+00  0.00000E+00        
                         5.00000E-04  1.33333E+03  1.33333E+03 -4.00000E+02 -4.500E+01  1.73333E+03  9.33333E+02  1.50259E+03  0.00000E+00  0.00000E+00        

       37   GRD     104 -5.00000E-04  1.33333E+03  1.33333E+03 -4.00000E+02 -4.500E+01  1.73333E+03  9.33333E+02  1.50259E+03  0.00000E+00  0.00000E+00        
                         5.00000E-04  1.33333E+03  1.33333E+03 -4.00000E+02 -4.500E+01  1.73333E+03  9.33333E+02  1.50259E+03  0.00000E+00  0.00000E+00        

       37   GRD     102 -5.00000E-04  1.33333E+03  1.33333E+03 -4.00000E+02 -4.500E+01  1.73333E+03  9.33333E+02  1.50259E+03  0.00000E+00  0.00000E+00        
                         5.00000E-04  1.33333E+03  1.33333E+03 -4.00000E+02 -4.500E+01  1.73333E+03  9.33333E+02  1.50259E+03  0.00000E+00  0.00000E+00        

       37   GRD     106 -5.00000E-04  1.33333E+03  1.33333E+03 -4.00000E+02 -4.500E+01  1.73333E+03  9.33333E+02  1.50259E+03  0.00000E+00  0.00000E+00        
                         5.00000E-04  1.33333E+03  1.33333E+03 -4.00000E+02 -4.500E+01  1.73333E+03  9.33333E+02  1.50259E+03  0.00000E+00  0.00000E+00        

       38    CENTER     -5.00000E-04  1.33333E+03  1.33333E+03 -4.00000E+02 -4.500E+01  1.73333E+03  9.33333E+02  1.50259E+03  0.00000E+00  0.00000E+00        
                         5.00000E-04  1.33333E+03  1.33333E+03 -4.00000E+02 -4.500E+01  1.73333E+03  9.33333E+02  1.50259E+03  0.00000E+00  0.00000E+00        

       38   GRD     105 -5.00000E-04  1.33333E+03  1.33333E+03 -4.00000E+02 -4.500E+01  1.73333E+03  9.33333E+02  1.50259E+03  0.00000E+00  0.00000E+00        
                         5.00000E-04  1.33333E+03  1.33333E+03 -4.00000E+02 -4.500E+01  1.73333E+03  9.33333E+02  1.50259E+03  0.00000E+00  0.00000E+00        

       38   GRD     108 -5.00000E-04  1.33333E+03  1.33333E+03 -4.00000E+02 -4.500E+01  1.73333E+03  9.33333E+02  1.50259E+03  0.00000E+00  0.00000E+00        
                         5.00000E-04  1.33333E+03  1.33333E+03 -4.00000E+02 -4.500E+01  1.73333E+03  9.33333E+02  1.50259E+03  0.00000E+00  0.00000E+00        

       38   GRD     107 -5.00000E-04  1.33333E+03  1.33333E+03 -4.00000E+02 -4.500E+01  1.73333E+03  9.33333E+02  1.50259E+03  0.00000E+00  0.00000E+00        
                         5.00000E-04  1.33333E+03  1.33333E+03 -4.00000E+02 -4.500E+01  1.73333E+03  9.33333E+02  1.50259E+03  0.00000E+00  0.00000E+00        

       39    CENTER     -5.00000E-04  1.33333E+03  1.33333E+03 -4.00000E+02 -4.500E+01  1.73333E+03  9.33333E+02  1.50259E+03  0.00000E+00  0.00000E+00        
                         5.00000E-04  1.33333E+03  1.33333E+03 -4.00000E+02 -4.500E+01  1.73333E+03  9.33333E+02  1.50259E+03  0.00000E+00  0.00000E+00        

       39   GRD     101 -5.00000E-04  1.33333E+03  1.33333E+03 -4.00000E+02 -4.500E+01  1.73333E+03  9.33333E+02  1.50259E+03  0.00000E+00  0.00000E+00        
                         5.00000E-04  1.33333E+03  1.33333E+03 -4.00000E+02 -4.500E+01  1.73333E+03  9.33333E+02  1.50259E+03  0.00000E+00  0.00000E+00        

       39   GRD     103 -5.00000E-04  1.33333E+03  1.33333E+03 -4.00000E+02 -4.500E+01  1.73333E+03  9.33333E+02  1.50259E+03  0.00000E+00  0.00000E+00        
                         5.00000E-04  1.33333E+03  1.33333E+03 -4.00000E+02 -4.500E+01  1.73333E+03  9.33333E+02  1.50259E+03  0.00000E+00  0.00000E+00        

       39   GRD     107 -5.00000E-04  1.33333E+03  1.33333E+03 -4.00000E+02 -4.500E+01  1.73333E+03  9.33333E+02  1.50259E+03  0.00000E+00  0.00000E+00        
                         5.00000E-04  1.33333E+03  1.33333E+03 -4.00000E+02 -4.500E+01  1.73333E+03  9.33333E+02  1.50259E+03  0.00000E+00  0.00000E+00        

       40    CENTER     -5.00000E-04  1.33333E+03  1.33333E+03 -4.00000E+02 -4.500E+01  1.73333E+03  9.33333E+02  1.50259E+03  0.00000E+00  0.00000E+00        
                         5.00000E-04  1.33333E+03  1.33333E+03 -4.00000E+02 -4.500E+01  1.73333E+03  9.33333E+02  1.50259E+03  0.00000E+00  0.00000E+00        

       40   GRD     103 -5.00000E-04  1.33333E+03  1.33333E+03 -4.00000E+02 -4.500E+01  1.73333E+03  9.33333E+02  1.50259E+03  0.00000E+00  0.00000E+00        
                         5.00000E-04  1.33333E+03  1.33333E+03 -4.00000E+02 -4.500E+01  1.73333E+03  9.33333E+02  1.50259E+03  0.00000E+00  0.00000E+00        

       40   GRD     104 -5.00000E-04  1.33333E+03  1.33333E+03 -4.00000E+02 -4.500E+01  1.73333E+03  9.33333E+02  1.50259E+03  0.00000E+00  0.00000E+00        
                         5.00000E-04  1.33333E+03  1.33333E+03 -4.00000E+02 -4.500E+01  1.73333E+03  9.33333E+02  1.50259E+03  0.00000E+00  0.00000E+00        

       40   GRD     105 -5.00000E-04  1.33333E+03  1.33333E+03 -4.00000E+02 -4.500E+01  1.73333E+03  9.33333E+02  1.50259E+03  0.00000E+00  0.00000E+00        
                         5.00000E-04  1.33333E+03  1.33333E+03 -4.00000E+02 -4.500E+01  1.73333E+03  9.33333E+02  1.50259E+03  0.00000E+00  0.00000E+00        

       41    CENTER     -5.00000E-04  1.33333E+03  1.33333E+03 -4.00000E+02 -4.500E+01  1.73333E+03  9.33333E+02  1.50259E+03  0.00000E+00  0.00000E+00        
                         5.00000E-04  1.33333E+03  1.33333E+03 -4.00000E+02 -4.500E+01  1.73333E+03  9.33333E+02  1.50259E+03  0.00000E+00  0.00000E+00        

       41   GRD     209 -5.00000E-04  1.33333E+03  1.33333E+03 -4.00000E+02 -4.500E+01  1.73333E+03  9.33333E+02  1.50259E+03  0.00000E+00  0.00000E+00        
                         5.00000E-04  1.33333E+03  1.33333E+03 -4.00000E+02 -4.500E+01  1.73333E+03  9.33333E+02  1.50259E+03  0.00000E+00  0.00000E+00        

       41   GRD     202 -5.00000E-04  1.33333E+03  1.33333E+03 -4.00000E+02 -4.500E+01  1.73333E+03  9.33333E+02  1.50259E+03  0.00000E+00  0.00000E+00        
                         5.00000E-04  1.33333E+03  1.33333E+03 -4.00000E+02 -4.500E+01  1.73333E+03  9.33333E+02  1.50259E+03  0.00000E+00  0.00000E+00        

       41   GRD     214 -5.00000E-04  1.33333E+03  1.33333E+03 -4.00000E+02 -4.500E+01  1.73333E+03  9.33333E+02  1.50259E+03  0.00000E+00  0.00000E+00        
                         5.00000E-04  1.33333E+03  1.33333E+03 -4.00000E+02 -4.500E+01  1.73333E+03  9.33333E+02  1.50259E+03  0.00000E+00  0.00000E+00        

       42    CENTER     -5.00000E-04  1.33333E+03  1.33333E+03 -4.00000E+02 -4.500E+01  1.73333E+03  9.33333E+02  1.50259E+03  0.00000E+00  0.00000E+00        
                         5.00000E-04  1.33333E+03  1.33333E+03 -4.00000E+02 -4.500E+01  1.73333E+03  9.33333E+02  1.50259E+03  0.00000E+00  0.00000E+00        

       42   GRD     201 -5.00000E-04  1.33333E+03  1.33333E+03 -4.00000E+02 -4.500E+01  1.73333E+03  9.33333E+02  1.50259E+03  0.00000E+00  0.00000E+00        
                         5.00000E-04  1.33333E+03  1.33333E+03 -4.00000E+02 -4.500E+01  1.73333E+03  9.33333E+02  1.50259E+03  0.00000E+00  0.00000E+00        

       42   GRD     214 -5.00000E-04  1.33333E+03  1.33333E+03 -4.00000E+02 -4.500E+01  1.73333E+03  9.33333E+02  1.50259E+03  0.00000E+00  0.00000E+00        
                         5.00000E-04  1.33333E+03  1.33333E+03 -4.00000E+02 -4.500E+01  1.73333E+03  9.33333E+02  1.50259E+03  0.00000E+00  0.00000E+00        

       42   GRD     212 -5.00000E-04  1.33333E+03  1.33333E+03 -4.00000E+02 -4.500E+01  1.73333E+03  9.33333E+02  1.50259E+03  0.00000E+00  0.00000E+00        
                         5.00000E-04  1.33333E+03  1.33333E+03 -4.00000E+02 -4.500E+01  1.73333E+03  9.33333E+02  1.50259E+03  0.00000E+00  0.00000E+00        

       43    CENTER     -5.00000E-04  1.33333E+03  1.33333E+03 -4.00000E+02 -4.500E+01  1.73333E+03  9.33333E+02  1.50259E+03  0.00000E+00  0.00000E+00        
                         5.00000E-04  1.33333E+03  1.33333E+03 -4.00000E+02 -4.500E+01  1.73333E+03  9.33333E+02  1.50259E+03  0.00000E+00  0.00000E+00        

       43   GRD     212 -5.00000E-04  1.33333E+03  1.33333E+03 -4.00000E+02 -4.500E+01  1.73333E+03  9.33333E+02  1.50259E+03  0.00000E+00  0.00000E+00        
                         5.00000E-04  1.33333E+03  1.33333E+03 -4.00000E+02 -4.500E+01  1.73333E+03  9.33333E+02  1.50259E+03  0.00000E+00  0.00000E+00        

       43   GRD     214 -5.00000E-04  1.33333E+03  1.33333E+03 -4.00000E+02 -4.500E+01  1.73333E+03  9.33333E+02  1.50259E+03  0.00000E+00  0.00000E+00        
                         5.00000E-04  1.33333E+03  1.33333E+03 -4.00000E+02 -4.500E+01  1.73333E+03  9.33333E+02  1.50259E+03  0.00000E+00  0.00000E+00        

       43   GRD     210 -5.00000E-04  1.33333E+03  1.33333E+03 -4.00000E+02 -4.500E+01  1.73333E+03  9.33333E+02  1.50259E+03  0.00000E+00  0.00000E+00        
                         5.00000E-04  1.33333E+03  1.33333E+03 -4.00000E+02 -4.500E+01  1.73333E+03  9.33333E+02  1.50259E+03  0.00000E+00  0.00000E+00        

       44    CENTER     -5.00000E-04  1.33333E+03  1.33333E+03 -4.00000E+02 -4.500E+01  1.73333E+03  9.33333E+02  1.50259E+03  0.00000E+00  0.00000E+00        
                         5.00000E-04  1.33333E+03  1.33333E+03 -4.00000E+02 -4.500E+01  1.73333E+03  9.33333E+02  1.50259E+03  0.00000E+00  0.00000E+00        

       44   GRD     212 -5.00000E-04  1.33333E+03  1.33333E+03 -4.00000E+02 -4.500E+01  1.73333E+03  9.33333E+02  1.50259E+03  0.00000E+00  0.00000E+00        
                         5.00000E-04  1.33333E+03  1.33333E+03 -4.00000E+02 -4.500E+01  1.73333E+03  9.33333E+02  1.50259E+03  0.00000E+00  0.00000E+00        

       44   GRD     210 -5.00000E-04  1.33333E+03  1.33333E+03 -4.00000E+02 -4.500E+01  1.73333E+03  9.33333E+02  1.50259E+03  0.00000E+00  0.00000E+00        
                         5.00000E-04  1.33333E+03  1.33333E+03 -4.00000E+02 -4.500E+01  1.73333E+03  9.33333E+02  1.50259E+03  0.00000E+00  0.00000E+00        

       44   GRD     213 -5.00000E-04  1.33333E+03  1.33333E+03 -4.00000E+02 -4.500E+01  1.73333E+03  9.33333E+02  1.50259E+03  0.00000E+00  0.00000E+00        
                         5.00000E-04  1.33333E+03  1.33333E+03 -4.00000E+02 -4.500E+01  1.73333E+03  9.33333E+02  1.50259E+03  0.00000E+00  0.00000E+00        

       45    CENTER     -5.00000E-04  1.33333E+03  1.33333E+03 -4.00000E+02 -4.500E+01  1.73333E+03  9.33333E+02  1.50259E+03  0.00000E+00  0.00000E+00        
                         5.00000E-04  1.33333E+03  1.33333E+03 -4.00000E+02 -4.500E+01  1.73333E+03  9.33333E+02  1.50259E+03  0.00000E+00  0.00000E+00        

       45   GRD     213 -5.00000E-04  1.33333E+03  1.33333E+03 -4.00000E+02 -4.500E+01  1.73333E+03  9.33333E+02  1.50259E+03  0.00000E+00  0.00000E+00        
                         5.00000E-04  1.33333E+03  1.33333E+03 -4.00000E+02 -4.500E+01  1.73333E+03  9.33333E+02  1.50259E+03  0.00000E+00  0.00000E+00        

       45   GRD     208 -5.00000E-04  1.33333E+03  1.33333E+03 -4.00000E+02 -4.500E+01  1.73333E+03  9.33333E+02  1.50259E+03  0.00000E+00  0.00000E+00        
                         5.00000E-04  1.33333E+03  1.33333E+03 -4.00000E+02 -4.500E+01  1.73333E+03  9.33333E+02  1.50259E+03  0.00000E+00  0.00000E+00        

       45   GRD     211 -5.00000E-04  1.33333E+03  1.33333E+03 -4.00000E+02 -4.500E+01  1.73333E+03  9.33333E+02  1.50259E+03  0.00000E+00  0.00000E+00        
                         5.00000E-04  1.33333E+03  1.33333E+03 -4.00000E+02 -4.500E+01  1.73333E+03  9.33333E+02  1.50259E+03  0.00000E+00  0.00000E+00        

       46    CENTER     -5.00000E-04  1.33333E+03  1.33333E+03 -4.00000E+02 -4.500E+01  1.73333E+03  9.33333E+02  1.50259E+03  0.00000E+00  0.00000E+00        
                         5.00000E-04  1.33333E+03  1.33333E+03 -4.00000E+02 -4.500E+01  1.73333E+03  9.33333E+02  1.50259E+03  0.00000E+00  0.00000E+00        

       46   GRD     201 -5.00000E-04  1.33333E+03  1.33333E+03 -4.00000E+02 -4.500E+01  1.73333E+03  9.33333E+02  1.50259E+03  0.00000E+00  0.00000E+00        
                         5.00000E-04  1.33333E+03  1.33333E+03 -4.00000E+02 -4.500E+01  1.73333E+03  9.33333E+02  1.50259E+03  0.00000E+00  0.00000E+00        

       46   GRD     209 -5.00000E-04  1.33333E+03  1.33333E+03 -4.00000E+02 -4.500E+01  1.73333E+03  9.33333E+02  1.50259E+03  0.00000E+00  0.00000E+00        
                         5.00000E-04  1.33333E+03  1.33333E+03 -4.00000E+02 -4.500E+01  1.73333E+03  9.33333E+02  1.50259E+03  0.00000E+00  0.00000E+00        

       46   GRD     214 -5.00000E-04  1.33333E+03  1.33333E+03 -4.00000E+02 -4.500E+01  1.73333E+03  9.33333E+02  1.50259E+03  0.00000E+00  0.00000E+00        
                         5.00000E-04  1.33333E+03  1.33333E+03 -4.00000E+02 -4.500E+01  1.73333E+03  9.33333E+02  1.50259E+03  0.00000E+00  0.00000E+00        

       47    CENTER     -5.00000E-04  1.33333E+03  1.33333E+03 -4.00000E+02 -4.500E+01  1.73333E+03  9.33333E+02  1.50259E+03  0.00000E+00  0.00000E+00        
                         5.00000E-04  1.33333E+03  1.33333E+03 -4.00000E+02 -4.500E+01  1.73333E+03  9.33333E+02  1.50259E+03  0.00000E+00  0.00000E+00        

       47   GRD     214 -5.00000E-04  1.33333E+03  1.33333E+03 -4.00000E+02 -4.500E+01  1.73333E+03  9.33333E+02  1.50259E+03  0.00000E+00  0.00000E+00        
                         5.00000E-04  1.33333E+03  1.33333E+03 -4.00000E+02 -4.500E+01  1.73333E+03  9.33333E+02  1.50259E+03  0.00000E+00  0.00000E+00        

       47   GRD     202 -5.00000E-04  1.33333E+03  1.33333E+03 -4.00000E+02 -4.500E+01  1.73333E+03  9.33333E+02  1.50259E+03  0.00000E+00  0.00000E+00        
                         5.00000E-04  1.33333E+03  1.33333E+03 -4.00000E+02 -4.500E+01  1.73333E+03  9.33333E+02  1.50259E+03  0.00000E+00  0.00000E+00        

       47   GRD     210 -5.00000E-04  1.33333E+03  1.33333E+03 -4.00000E+02 -4.500E+01  1.73333E+03  9.33333E+02  1.50259E+03  0.00000E+00  0.00000E+00        
                         5.00000E-04  1.33333E+03  1.33333E+03 -4.00000E+02 -4.500E+01  1.73333E+03  9.33333E+02  1.50259E+03  0.00000E+00  0.00000E+00        

       48    CENTER     -5.00000E-04  1.33333E+03  1.33333E+03 -4.00000E+02 -4.500E+01  1.73333E+03  9.33333E+02  1.50259E+03  0.00000E+00  0.00000E+00        
                         5.00000E-04  1.33333E+03  1.33333E+03 -4.00000E+02 -4.500E+01  1.73333E+03  9.33333E+02  1.50259E+03  0.00000E+00  0.00000E+00        

       48   GRD     213 -5.00000E-04  1.33333E+03  1.33333E+03 -4.00000E+02 -4.500E+01  1.73333E+03  9.33333E+02  1.50259E+03  0.00000E+00  0.00000E+00        
                         5.00000E-04  1.33333E+03  1.33333E+03 -4.00000E+02 -4.500E+01  1.73333E+03  9.33333E+02  1.50259E+03  0.00000E+00  0.00000E+00        

       48   GRD     210 -5.00000E-04  1.33333E+03  1.33333E+03 -4.00000E+02 -4.500E+01  1.73333E+03  9.33333E+02  1.50259E+03  0.00000E+00  0.00000E+00        
                         5.00000E-04  1.33333E+03  1.33333E+03 -4.00000E+02 -4.500E+01  1.73333E+03  9.33333E+02  1.50259E+03  0.00000E+00  0.00000E+00        

       48   GRD     208 -5.00000E-04  1.33333E+03  1.33333E+03 -4.00000E+02 -4.500E+01  1.73333E+03  9.33333E+02  1.50259E+03  0.00000E+00  0.00000E+00        
                         5.00000E-04  1.33333E+03  1.33333E+03 -4.00000E+02 -4.500E+01  1.73333E+03  9.33333E+02  1.50259E+03  0.00000E+00  0.00000E+00        

       49    CENTER     -5.00000E-04  1.33333E+03  1.33333E+03 -4.00000E+02 -4.500E+01  1.73333E+03  9.33333E+02  1.50259E+03  0.00000E+00  0.00000E+00        
                         5.00000E-04  1.33333E+03  1.33333E+03 -4.00000E+02 -4.500E+01  1.73333E+03  9.33333E+02  1.50259E+03  0.00000E+00  0.00000E+00        

       49   GRD     207 -5.00000E-04  1.33333E+03  1.33333E+03 -4.00000E+02 -4.500E+01  1.73333E+03  9.33333E+02  1.50259E+03  0.00000E+00  0.00000E+00        
                         5.00000E-04  1.33333E+03  1.33333E+03 -4.00000E+02 -4.500E+01  1.73333E+03  9.33333E+02  1.50259E+03  0.00000E+00  0.00000E+00        

       49   GRD     213 -5.00000E-04  1.33333E+03  1.33333E+03 -4.00000E+02 -4.500E+01  1.73333E+03  9.33333E+02  1.50259E+03  0.00000E+00  0.00000E+00        
                         5.00000E-04  1.33333E+03  1.33333E+03 -4.00000E+02 -4.500E+01  1.73333E+03  9.33333E+02  1.50259E+03  0.00000E+00  0.00000E+00        

       49   GRD     211 -5.00000E-04  1.33333E+03  1.33333E+03 -4.00000E+02 -4.500E+01  1.73333E+03  9.33333E+02  1.50259E+03  0.00000E+00  0.00000E+00        
                         5.00000E-04  1.33333E+03  1.33333E+03 -4.00000E+02 -4.500E+01  1.73333E+03  9.33333E+02  1.50259E+03  0.00000E+00  0.00000E+00        

       50    CENTER     -5.00000E-04  1.33333E+03  1.33333E+03 -4.00000E+02 -4.500E+01  1.73333E+03  9.33333E+02  1.50259E+03  0.00000E+00  0.00000E+00        
                         5.00000E-04  1.33333E+03  1.33333E+03 -4.00000E+02 -4.500E+01  1.73333E+03  9.33333E+02  1.50259E+03  0.00000E+00  0.00000E+00        

       50   GRD     212 -5.00000E-04  1.33333E+03  1.33333E+03 -4.00000E+02 -4.500E+01  1.73333E+03  9.33333E+02  1.50259E+03  0.00000E+00  0.00000E+00        
                         5.00000E-04  1.33333E+03  1.33333E+03 -4.00000E+02 -4.500E+01  1.73333E+03  9.33333E+02  1.50259E+03  0.00000E+00  0.00000E+00        

       50   GRD     213 -5.00000E-04  1.33333E+03  1.33333E+03 -4.00000E+02 -4.500E+01  1.73333E+03  9.33333E+02  1.50259E+03  0.00000E+00  0.00000E+00        
                         5.00000E-04  1.33333E+03  1.33333E+03 -4.00000E+02 -4.500E+01  1.73333E+03  9.33333E+02  1.50259E+03  0.00000E+00  0.00000E+00        

       50   GRD     207 -5.00000E-04  1.33333E+03  1.33333E+03 -4.00000E+02 -4.500E+01  1.73333E+03  9.33333E+02  1.50259E+03  0.00000E+00  0.00000E+00        
                         5.00000E-04  1.33333E+03  1.33333E+03 -4.00000E+02 -4.500E+01  1.73333E+03  9.33333E+02  1.50259E+03  0.00000E+00  0.00000E+00        
                                     ------------ ------------ ------------          ------------ ------------ ------------ ------------ ------------
 MAX* :                               1.33333E+03  1.33333E+03 -4.00000E+02           1.73333E+03  9.33333E+02  1.50259E+03  0.00000E+00  0.00000E+00
 MIN* :                               1.33333E+03  1.33333E+03 -4.00000E+02           1.73333E+03  9.33333E+02  1.50259E+03  0.00000E+00  0.00000E+00

 ABS* :                               1.33333E+03  1.33333E+03  4.00000E+02           1.73333E+03  9.33333E+02  1.50259E+03  0.00000E+00  0.00000E+00
 *for output set

 SAP2000 PROBLEM 2-001-THICK                                                                                                     

0                                                                                                          SUBCASE        1
                                  S T R E S S E S   A T   G R I D   P O I N T S   - -     S U R F A C E     400
0                       SURFACE X-AXIS X  NORMAL(Z-AXIS)  Z         REFERENCE COORDINATE SYSTEM FOR SURFACE DEFINITION CID        0
     GRID      ELEMENT            STRESSES IN SURFACE SYSTEM           PRINCIPAL STRESSES            MAX
     ID          ID    FIBER   NORMAL-X   NORMAL-Y   SHEAR-XY     ANGLE      MAJOR      MINOR      SHEAR     VON MISES
      103        0     Z1       1.333333E+03  1.333333E+03  4.000000E+02  45.0000   1.733333E+03  9.333333E+02  4.000000E+02  1.502590E+03
                       Z2       1.333333E+03  1.333333E+03  4.000000E+02  45.0000   1.733333E+03  9.333333E+02  4.000000E+02  1.502590E+03
                       MID      1.333333E+03  1.333333E+03  4.000000E+02  45.0000   1.733333E+03  9.333333E+02  4.000000E+02  1.502590E+03
      102        0     Z1       1.333333E+03  1.333333E+03  4.000000E+02  45.0000   1.733333E+03  9.333333E+02  4.000000E+02  1.502590E+03
                       Z2       1.333333E+03  1.333333E+03  4.000000E+02  45.0000   1.733333E+03  9.333333E+02  4.000000E+02  1.502590E+03
                       MID      1.333333E+03  1.333333E+03  4.000000E+02  45.0000   1.733333E+03  9.333333E+02  4.000000E+02  1.502590E+03
      104        0     Z1       1.333333E+03  1.333333E+03  4.000000E+02  45.0000   1.733333E+03  9.333333E+02  4.000000E+02  1.502590E+03
                       Z2       1.333333E+03  1.333333E+03  4.000000E+02  45.0000   1.733333E+03  9.333333E+02  4.000000E+02  1.502590E+03
                       MID      1.333333E+03  1.333333E+03  4.000000E+02  45.0000   1.733333E+03  9.333333E+02  4.000000E+02  1.502590E+03
      105        0     Z1       1.333333E+03  1.333333E+03  4.000000E+02  45.0000   1.733333E+03  9.333333E+02  4.000000E+02  1.502590E+03
                       Z2       1.333333E+03  1.333333E+03  4.000000E+02  45.0000   1.733333E+03  9.333333E+02  4.000000E+02  1.502590E+03
                       MID      1.333333E+03  1.333333E+03  4.000000E+02  45.0000   1.733333E+03  9.333333E+02  4.000000E+02  1.502590E+03
      107        0     Z1       1.333333E+03  1.333333E+03  4.000000E+02  45.0000   1.733333E+03  9.333333E+02  4.000000E+02  1.502590E+03
                       Z2       1.333333E+03  1.333333E+03  4.000000E+02  45.0000   1.733333E+03  9.333333E+02  4.000000E+02  1.502590E+03
                       MID      1.333333E+03  1.333333E+03  4.000000E+02  45.0000   1.733333E+03  9.333333E+02  4.000000E+02  1.502590E+03
      106        0     Z1       1.333333E+03  1.333333E+03  4.000000E+02  45.0000   1.733333E+03  9.333333E+02  4.000000E+02  1.502590E+03
                       Z2       1.333333E+03  1.333333E+03  4.000000E+02  45.0000   1.733333E+03  9.333333E+02  4.000000E+02  1.502590E+03
                       MID      1.333333E+03  1.333333E+03  4.000000E+02  45.0000   1.733333E+03  9.333333E+02  4.000000E+02  1.502590E+03
      108        0     Z1       1.333333E+03  1.333333E+03  4.000000E+02  45.0000   1.733333E+03  9.333333E+02  4.000000E+02  1.502590E+03
                       Z2       1.333333E+03  1.333333E+03  4.000000E+02  45.0000   1.733333E+03  9.333333E+02  4.000000E+02  1.502590E+03
                       MID      1.333333E+03  1.333333E+03  4.000000E+02  45.0000   1.733333E+03  9.333333E+02  4.000000E+02  1.502590E+03
      101        0     Z1       1.333333E+03  1.333333E+03  4.000000E+02  45.0000   1.733333E+03  9.333333E+02  4.000000E+02  1.502590E+03
                       Z2       1.333333E+03  1.333333E+03  4.000000E+02  45.0000   1.733333E+03  9.333333E+02  4.000000E+02  1.502590E+03
                       MID      1.333333E+03  1.333333E+03  4.000000E+02  45.0000   1.733333E+03  9.333333E+02  4.000000E+02  1.502590E+03

 SAP2000 PROBLEM 2-001-THICK                                                                                                     

0                                                                                                          SUBCASE        1
                                  S T R E S S E S   A T   G R I D   P O I N T S   - -     S U R F A C E     500
0                       SURFACE X-AXIS X  NORMAL(Z-AXIS)  Z         REFERENCE COORDINATE SYSTEM FOR SURFACE DEFINITION CID        0
     GRID      ELEMENT            STRESSES IN SURFACE SYSTEM           PRINCIPAL STRESSES            MAX
     ID          ID    FIBER   NORMAL-X   NORMAL-Y   SHEAR-XY     ANGLE      MAJOR      MINOR      SHEAR     VON MISES
      209        0     Z1       1.333333E+03  1.333333E+03  4.000000E+02  45.0000   1.733333E+03  9.333333E+02  4.000000E+02  1.502590E+03
                       Z2       1.333333E+03  1.333333E+03  4.000000E+02  45.0000   1.733333E+03  9.333333E+02  4.000000E+02  1.502590E+03
                       MID      1.333333E+03  1.333333E+03  4.000000E+02  45.0000   1.733333E+03  9.333333E+02  4.000000E+02  1.502590E+03
      202        0     Z1       1.333333E+03  1.333333E+03  4.000000E+02  45.0000   1.733333E+03  9.333333E+02  4.000000E+02  1.502590E+03
                       Z2       1.333333E+03  1.333333E+03  4.000000E+02  45.0000   1.733333E+03  9.333333E+02  4.000000E+02  1.502590E+03
                       MID      1.333333E+03  1.333333E+03  4.000000E+02  45.0000   1.733333E+03  9.333333E+02  4.000000E+02  1.502590E+03
      214        0     Z1       1.333333E+03  1.333333E+03  4.000000E+02  45.0000   1.733333E+03  9.333333E+02  4.000000E+02  1.502590E+03
                       Z2       1.333333E+03  1.333333E+03  4.000000E+02  45.0000   1.733333E+03  9.333333E+02  4.000000E+02  1.502590E+03
                       MID      1.333333E+03  1.333333E+03  4.000000E+02  45.0000   1.733333E+03  9.333333E+02  4.000000E+02  1.502590E+03
      201        0     Z1       1.333333E+03  1.333333E+03  4.000000E+02  45.0000   1.733333E+03  9.333333E+02  4.000000E+02  1.502590E+03
                       Z2       1.333333E+03  1.333333E+03  4.000000E+02  45.0000   1.733333E+03  9.333333E+02  4.000000E+02  1.502590E+03
                       MID      1.333333E+03  1.333333E+03  4.000000E+02  45.0000   1.733333E+03  9.333333E+02  4.000000E+02  1.502590E+03
      212        0     Z1       1.333333E+03  1.333333E+03  4.000000E+02  45.0000   1.733333E+03  9.333333E+02  4.000000E+02  1.502590E+03
                       Z2       1.333333E+03  1.333333E+03  4.000000E+02  45.0000   1.733333E+03  9.333333E+02  4.000000E+02  1.502590E+03
                       MID      1.333333E+03  1.333333E+03  4.000000E+02  45.0000   1.733333E+03  9.333333E+02  4.000000E+02  1.502590E+03
      210        0     Z1       1.333333E+03  1.333333E+03  4.000000E+02  45.0000   1.733333E+03  9.333333E+02  4.000000E+02  1.502590E+03
                       Z2       1.333333E+03  1.333333E+03  4.000000E+02  45.0000   1.733333E+03  9.333333E+02  4.000000E+02  1.502590E+03
                       MID      1.333333E+03  1.333333E+03  4.000000E+02  45.0000   1.733333E+03  9.333333E+02  4.000000E+02  1.502590E+03
      213        0     Z1       1.333333E+03  1.333333E+03  4.000000E+02  45.0000   1.733333E+03  9.333333E+02  4.000000E+02  1.502590E+03
                       Z2       1.333333E+03  1.333333E+03  4.000000E+02  45.0000   1.733333E+03  9.333333E+02  4.000000E+02  1.502590E+03
                       MID      1.333333E+03  1.333333E+03  4.000000E+02  45.0000   1.733333E+03  9.333333E+02  4.000000E+02  1.502590E+03
      208        0     Z1       1.333333E+03  1.333333E+03  4.000000E+02  45.0000   1.733333E+03  9.333333E+02  4.000000E+02  1.502590E+03
                       Z2       1.333333E+03  1.333333E+03  4.000000E+02  45.0000   1.733333E+03  9.333333E+02  4.000000E+02  1.502590E+03
                       MID      1.333333E+03  1.333333E+03  4.000000E+02  45.0000   1.733333E+03  9.333333E+02  4.000000E+02  1.502590E+03
      211        0     Z1       1.333333E+03  1.333333E+03  4.000000E+02  45.0000   1.733333E+03  9.333333E+02  4.000000E+02  1.502590E+03
                       Z2       1.333333E+03  1.333333E+03  4.000000E+02  45.0000   1.733333E+03  9.333333E+02  4.000000E+02  1.502590E+03
                       MID      1.333333E+03  1.333333E+03  4.000000E+02  45.0000   1.733333E+03  9.333333E+02  4.000000E+02  1.502590E+03
      207        0     Z1       1.333333E+03  1.333333E+03  4.000000E+02  45.0000   1.733333E+03  9.333333E+02  4.000000E+02  1.502590E+03
                       Z2       1.333333E+03  1.333333E+03  4.000000E+02  45.0000   1.733333E+03  9.333333E+02  4.000000E+02  1.502590E+03
                       MID      1.333333E+03  1.333333E+03  4.000000E+02  45.0000   1.733333E+03  9.333333E+02  4.000000E+02  1.502590E+03


 OUTPUT FOR SUBCASE        1
 SAP2000 PROBLEM 2-001-THICK                                                                                                                                                                                                                                     
 LC1_MEMBRANE                                                                                                                                                                                                                                                    

                                    E L E M E N T   S T R E S S E S   I N   L O C A L   E L E M E N T   C O O R D I N A T E   S Y S T E M
                                                                 F O R   E L E M E N T   T Y P E   T R I A 6  
  Element    Location      Stress       Stresses In Reported Coord System      Principal Stresses (Zero Shear)               Transverse   Transverse
     ID                  Distance      Normal-X     Normal-Y      Shear-XY     Angle     Major        Minor      von Mises     Shear-XZ     Shear-YZ
                                                                                                                             (max through thickness)

       51    CENTER     -5.00000E-04  1.05747E+03  1.60920E+03 -2.89655E+02 -6.680E+01  1.73333E+03  9.33333E+02  1.50259E+03  0.00000E+00  0.00000E+00        
                         5.00000E-04  1.05747E+03  1.60920E+03 -2.89655E+02 -6.680E+01  1.73333E+03  9.33333E+02  1.50259E+03  0.00000E+00  0.00000E+00        

       51   GRD     303 -5.00000E-04  1.05747E+03  1.60920E+03 -2.89655E+02 -6.680E+01  1.73333E+03  9.33333E+02  1.50259E+03  0.00000E+00  0.00000E+00        
                         5.00000E-04  1.05747E+03  1.60920E+03 -2.89655E+02 -6.680E+01  1.73333E+03  9.33333E+02  1.50259E+03  0.00000E+00  0.00000E+00        

       51   GRD     302 -5.00000E-04  1.05747E+03  1.60920E+03 -2.89655E+02 -6.680E+01  1.73333E+03  9.33333E+02  1.50259E+03  0.00000E+00  0.00000E+00        
                         5.00000E-04  1.05747E+03  1.60920E+03 -2.89655E+02 -6.680E+01  1.73333E+03  9.33333E+02  1.50259E+03  0.00000E+00  0.00000E+00        

       51   GRD     304 -5.00000E-04  1.05747E+03  1.60920E+03 -2.89655E+02 -6.680E+01  1.73333E+03  9.33333E+02  1.50259E+03  0.00000E+00  0.00000E+00        
                         5.00000E-04  1.05747E+03  1.60920E+03 -2.89655E+02 -6.680E+01  1.73333E+03  9.33333E+02  1.50259E+03  0.00000E+00  0.00000E+00        

       51   GRD     321 -5.00000E-04  1.05747E+03  1.60920E+03 -2.89655E+02 -6.680E+01  1.73333E+03  9.33333E+02  1.50259E+03  0.00000E+00  0.00000E+00        
                         5.00000E-04  1.05747E+03  1.60920E+03 -2.89655E+02 -6.680E+01  1.73333E+03  9.33333E+02  1.50259E+03  0.00000E+00  0.00000E+00        

       51   GRD     316 -5.00000E-04  1.05747E+03  1.60920E+03 -2.89655E+02 -6.680E+01  1.73333E+03  9.33333E+02  1.50259E+03  0.00000E+00  0.00000E+00        
                         5.00000E-04  1.05747E+03  1.60920E+03 -2.89655E+02 -6.680E+01  1.73333E+03  9.33333E+02  1.50259E+03  0.00000E+00  0.00000E+00        

       51   GRD     314 -5.00000E-04  1.05747E+03  1.60920E+03 -2.89655E+02 -6.680E+01  1.73333E+03  9.33333E+02  1.50259E+03  0.00000E+00  0.00000E+00        
                         5.00000E-04  1.05747E+03  1.60920E+03 -2.89655E+02 -6.680E+01  1.73333E+03  9.33333E+02  1.50259E+03  0.00000E+00  0.00000E+00        

       52    CENTER     -5.00000E-04  1.39019E+03  1.27648E+03  3.95939E+02  4.091E+01  1.73333E+03  9.33333E+02  1.50259E+03  0.00000E+00  0.00000E+00        
                         5.00000E-04  1.39019E+03  1.27648E+03  3.95939E+02  4.091E+01  1.73333E+03  9.33333E+02  1.50259E+03  0.00000E+00  0.00000E+00        

       52   GRD     303 -5.00000E-04  1.39019E+03  1.27648E+03  3.95939E+02  4.091E+01  1.73333E+03  9.33333E+02  1.50259E+03  0.00000E+00  0.00000E+00        
                         5.00000E-04  1.39019E+03  1.27648E+03  3.95939E+02  4.091E+01  1.73333E+03  9.33333E+02  1.50259E+03  0.00000E+00  0.00000E+00        

       52   GRD     305 -5.00000E-04  1.39019E+03  1.27648E+03  3.95939E+02  4.091E+01  1.73333E+03  9.33333E+02  1.50259E+03  0.00000E+00  0.00000E+00        
                         5.00000E-04  1.39019E+03  1.27648E+03  3.95939E+02  4.091E+01  1.73333E+03  9.33333E+02  1.50259E+03  0.00000E+00  0.00000E+00        

       52   GRD     307 -5.00000E-04  1.39019E+03  1.27648E+03  3.95939E+02  4.091E+01  1.73333E+03  9.33333E+02  1.50259E+03  0.00000E+00  0.00000E+00        
                         5.00000E-04  1.39019E+03  1.27648E+03  3.95939E+02  4.091E+01  1.73333E+03  9.33333E+02  1.50259E+03  0.00000E+00  0.00000E+00        

       52   GRD     319 -5.00000E-04  1.39019E+03  1.27648E+03  3.95939E+02  4.091E+01  1.73333E+03  9.33333E+02  1.50259E+03  0.00000E+00  0.00000E+00        
                         5.00000E-04  1.39019E+03  1.27648E+03  3.95939E+02  4.091E+01  1.73333E+03  9.33333E+02  1.50259E+03  0.00000E+00  0.00000E+00        

       52   GRD     318 -5.00000E-04  1.39019E+03  1.27648E+03  3.95939E+02  4.091E+01  1.73333E+03  9.33333E+02  1.50259E+03  0.00000E+00  0.00000E+00        
                         5.00000E-04  1.39019E+03  1.27648E+03  3.95939E+02  4.091E+01  1.73333E+03  9.33333E+02  1.50259E+03  0.00000E+00  0.00000E+00        

       52   GRD     324 -5.00000E-04  1.39019E+03  1.27648E+03  3.95939E+02  4.091E+01  1.73333E+03  9.33333E+02  1.50259E+03  0.00000E+00  0.00000E+00        
                         5.00000E-04  1.39019E+03  1.27648E+03  3.95939E+02  4.091E+01  1.73333E+03  9.33333E+02  1.50259E+03  0.00000E+00  0.00000E+00        

       53    CENTER     -5.00000E-04  1.33333E+03  1.33333E+03  4.00000E+02  4.500E+01  1.73333E+03  9.33333E+02  1.50259E+03  0.00000E+00  0.00000E+00        
                         5.00000E-04  1.33333E+03  1.33333E+03  4.00000E+02  4.500E+01  1.73333E+03  9.33333E+02  1.50259E+03  0.00000E+00  0.00000E+00        

       53   GRD     304 -5.00000E-04  1.33333E+03  1.33333E+03  4.00000E+02  4.500E+01  1.73333E+03  9.33333E+02  1.50259E+03  0.00000E+00  0.00000E+00        
                         5.00000E-04  1.33333E+03  1.33333E+03  4.00000E+02  4.500E+01  1.73333E+03  9.33333E+02  1.50259E+03  0.00000E+00  0.00000E+00        

       53   GRD     306 -5.00000E-04  1.33333E+03  1.33333E+03  4.00000E+02  4.500E+01  1.73333E+03  9.33333E+02  1.50259E+03  0.00000E+00  0.00000E+00        
                         5.00000E-04  1.33333E+03  1.33333E+03  4.00000E+02  4.500E+01  1.73333E+03  9.33333E+02  1.50259E+03  0.00000E+00  0.00000E+00        

       53   GRD     305 -5.00000E-04  1.33333E+03  1.33333E+03  4.00000E+02  4.500E+01  1.73333E+03  9.33333E+02  1.50259E+03  0.00000E+00  0.00000E+00        
                         5.00000E-04  1.33333E+03  1.33333E+03  4.00000E+02  4.500E+01  1.73333E+03  9.33333E+02  1.50259E+03  0.00000E+00  0.00000E+00        

       53   GRD     320 -5.00000E-04  1.33333E+03  1.33333E+03  4.00000E+02  4.500E+01  1.73333E+03  9.33333E+02  1.50259E+03  0.00000E+00  0.00000E+00        
                         5.00000E-04  1.33333E+03  1.33333E+03  4.00000E+02  4.500E+01  1.73333E+03  9.33333E+02  1.50259E+03  0.00000E+00  0.00000E+00        

       53   GRD     313 -5.00000E-04  1.33333E+03  1.33333E+03  4.00000E+02  4.500E+01  1.73333E+03  9.33333E+02  1.50259E+03  0.00000E+00  0.00000E+00        
                         5.00000E-04  1.33333E+03  1.33333E+03  4.00000E+02  4.500E+01  1.73333E+03  9.33333E+02  1.50259E+03  0.00000E+00  0.00000E+00        

       53   GRD     325 -5.00000E-04  1.33333E+03  1.33333E+03  4.00000E+02  4.500E+01  1.73333E+03  9.33333E+02  1.50259E+03  0.00000E+00  0.00000E+00        
                         5.00000E-04  1.33333E+03  1.33333E+03  4.00000E+02  4.500E+01  1.73333E+03  9.33333E+02  1.50259E+03  0.00000E+00  0.00000E+00        

       54    CENTER     -5.00000E-04  1.14510E+03  1.52157E+03  3.52941E+02  5.904E+01  1.73333E+03  9.33333E+02  1.50259E+03  0.00000E+00  0.00000E+00        
                         5.00000E-04  1.14510E+03  1.52157E+03  3.52941E+02  5.904E+01  1.73333E+03  9.33333E+02  1.50259E+03  0.00000E+00  0.00000E+00        

       54   GRD     306 -5.00000E-04  1.14510E+03  1.52157E+03  3.52941E+02  5.904E+01  1.73333E+03  9.33333E+02  1.50259E+03  0.00000E+00  0.00000E+00        
                         5.00000E-04  1.14510E+03  1.52157E+03  3.52941E+02  5.904E+01  1.73333E+03  9.33333E+02  1.50259E+03  0.00000E+00  0.00000E+00        

       54   GRD     302 -5.00000E-04  1.14510E+03  1.52157E+03  3.52941E+02  5.904E+01  1.73333E+03  9.33333E+02  1.50259E+03  0.00000E+00  0.00000E+00        
                         5.00000E-04  1.14510E+03  1.52157E+03  3.52941E+02  5.904E+01  1.73333E+03  9.33333E+02  1.50259E+03  0.00000E+00  0.00000E+00        

       54   GRD     308 -5.00000E-04  1.14510E+03  1.52157E+03  3.52941E+02  5.904E+01  1.73333E+03  9.33333E+02  1.50259E+03  0.00000E+00  0.00000E+00        
                         5.00000E-04  1.14510E+03  1.52157E+03  3.52941E+02  5.904E+01  1.73333E+03  9.33333E+02  1.50259E+03  0.00000E+00  0.00000E+00        

       54   GRD     322 -5.00000E-04  1.14510E+03  1.52157E+03  3.52941E+02  5.904E+01  1.73333E+03  9.33333E+02  1.50259E+03  0.00000E+00  0.00000E+00        
                         5.00000E-04  1.14510E+03  1.52157E+03  3.52941E+02  5.904E+01  1.73333E+03  9.33333E+02  1.50259E+03  0.00000E+00  0.00000E+00        

       54   GRD     310 -5.00000E-04  1.14510E+03  1.52157E+03  3.52941E+02  5.904E+01  1.73333E+03  9.33333E+02  1.50259E+03  0.00000E+00  0.00000E+00        
                         5.00000E-04  1.14510E+03  1.52157E+03  3.52941E+02  5.904E+01  1.73333E+03  9.33333E+02  1.50259E+03  0.00000E+00  0.00000E+00        

       54   GRD     317 -5.00000E-04  1.14510E+03  1.52157E+03  3.52941E+02  5.904E+01  1.73333E+03  9.33333E+02  1.50259E+03  0.00000E+00  0.00000E+00        
                         5.00000E-04  1.14510E+03  1.52157E+03  3.52941E+02  5.904E+01  1.73333E+03  9.33333E+02  1.50259E+03  0.00000E+00  0.00000E+00        

       55    CENTER     -5.00000E-04  1.05747E+03  1.60920E+03 -2.89655E+02 -6.680E+01  1.73333E+03  9.33333E+02  1.50259E+03  0.00000E+00  0.00000E+00        
                         5.00000E-04  1.05747E+03  1.60920E+03 -2.89655E+02 -6.680E+01  1.73333E+03  9.33333E+02  1.50259E+03  0.00000E+00  0.00000E+00        

       55   GRD     305 -5.00000E-04  1.05747E+03  1.60920E+03 -2.89655E+02 -6.680E+01  1.73333E+03  9.33333E+02  1.50259E+03  0.00000E+00  0.00000E+00        
                         5.00000E-04  1.05747E+03  1.60920E+03 -2.89655E+02 -6.680E+01  1.73333E+03  9.33333E+02  1.50259E+03  0.00000E+00  0.00000E+00        

       55   GRD     306 -5.00000E-04  1.05747E+03  1.60920E+03 -2.89655E+02 -6.680E+01  1.73333E+03  9.33333E+02  1.50259E+03  0.00000E+00  0.00000E+00        
                         5.00000E-04  1.05747E+03  1.60920E+03 -2.89655E+02 -6.680E+01  1.73333E+03  9.33333E+02  1.50259E+03  0.00000E+00  0.00000E+00        

       55   GRD     308 -5.00000E-04  1.05747E+03  1.60920E+03 -2.89655E+02 -6.680E+01  1.73333E+03  9.33333E+02  1.50259E+03  0.00000E+00  0.00000E+00        
                         5.00000E-04  1.05747E+03  1.60920E+03 -2.89655E+02 -6.680E+01  1.73333E+03  9.33333E+02  1.50259E+03  0.00000E+00  0.00000E+00        

       55   GRD     313 -5.00000E-04  1.05747E+03  1.60920E+03 -2.89655E+02 -6.680E+01  1.73333E+03  9.33333E+02  1.50259E+03  0.00000E+00  0.00000E+00        
                         5.00000E-04  1.05747E+03  1.60920E+03 -2.89655E+02 -6.680E+01  1.73333E+03  9.33333E+02  1.50259E+03  0.00000E+00  0.00000E+00        

       55   GRD     317 -5.00000E-04  1.05747E+03  1.60920E+03 -2.89655E+02 -6.680E+01  1.73333E+03  9.33333E+02  1.50259E+03  0.00000E+00  0.00000E+00        
                         5.00000E-04  1.05747E+03  1.60920E+03 -2.89655E+02 -6.680E+01  1.73333E+03  9.33333E+02  1.50259E+03  0.00000E+00  0.00000E+00        

       55   GRD     323 -5.00000E-04  1.05747E+03  1.60920E+03 -2.89655E+02 -6.680E+01  1.73333E+03  9.33333E+02  1.50259E+03  0.00000E+00  0.00000E+00        
                         5.00000E-04  1.05747E+03  1.60920E+03 -2.89655E+02 -6.680E+01  1.73333E+03  9.33333E+02  1.50259E+03  0.00000E+00  0.00000E+00        

       56    CENTER     -5.00000E-04  1.33333E+03  1.33333E+03 -4.00000E+02 -4.500E+01  1.73333E+03  9.33333E+02  1.50259E+03  0.00000E+00  0.00000E+00        
                         5.00000E-04  1.33333E+03  1.33333E+03 -4.00000E+02 -4.500E+01  1.73333E+03  9.33333E+02  1.50259E+03  0.00000E+00  0.00000E+00        

       56   GRD     301 -5.00000E-04  1.33333E+03  1.33333E+03 -4.00000E+02 -4.500E+01  1.73333E+03  9.33333E+02  1.50259E+03  0.00000E+00  0.00000E+00        
                         5.00000E-04  1.33333E+03  1.33333E+03 -4.00000E+02 -4.500E+01  1.73333E+03  9.33333E+02  1.50259E+03  0.00000E+00  0.00000E+00        

       56   GRD     302 -5.00000E-04  1.33333E+03  1.33333E+03 -4.00000E+02 -4.500E+01  1.73333E+03  9.33333E+02  1.50259E+03  0.00000E+00  0.00000E+00        
                         5.00000E-04  1.33333E+03  1.33333E+03 -4.00000E+02 -4.500E+01  1.73333E+03  9.33333E+02  1.50259E+03  0.00000E+00  0.00000E+00        

       56   GRD     303 -5.00000E-04  1.33333E+03  1.33333E+03 -4.00000E+02 -4.500E+01  1.73333E+03  9.33333E+02  1.50259E+03  0.00000E+00  0.00000E+00        
                         5.00000E-04  1.33333E+03  1.33333E+03 -4.00000E+02 -4.500E+01  1.73333E+03  9.33333E+02  1.50259E+03  0.00000E+00  0.00000E+00        

       56   GRD     309 -5.00000E-04  1.33333E+03  1.33333E+03 -4.00000E+02 -4.500E+01  1.73333E+03  9.33333E+02  1.50259E+03  0.00000E+00  0.00000E+00        
                         5.00000E-04  1.33333E+03  1.33333E+03 -4.00000E+02 -4.500E+01  1.73333E+03  9.33333E+02  1.50259E+03  0.00000E+00  0.00000E+00        

       56   GRD     321 -5.00000E-04  1.33333E+03  1.33333E+03 -4.00000E+02 -4.500E+01  1.73333E+03  9.33333E+02  1.50259E+03  0.00000E+00  0.00000E+00        
                         5.00000E-04  1.33333E+03  1.33333E+03 -4.00000E+02 -4.500E+01  1.73333E+03  9.33333E+02  1.50259E+03  0.00000E+00  0.00000E+00        

       56   GRD     315 -5.00000E-04  1.33333E+03  1.33333E+03 -4.00000E+02 -4.500E+01  1.73333E+03  9.33333E+02  1.50259E+03  0.00000E+00  0.00000E+00        
                         5.00000E-04  1.33333E+03  1.33333E+03 -4.00000E+02 -4.500E+01  1.73333E+03  9.33333E+02  1.50259E+03  0.00000E+00  0.00000E+00        

       57    CENTER     -5.00000E-04  1.01333E+03  1.65333E+03  2.40000E+02  7.157E+01  1.73333E+03  9.33333E+02  1.50259E+03  0.00000E+00  0.00000E+00        
                         5.00000E-04  1.01333E+03  1.65333E+03  2.40000E+02  7.157E+01  1.73333E+03  9.33333E+02  1.50259E+03  0.00000E+00  0.00000E+00        

       57   GRD     304 -5.00000E-04  1.01333E+03  1.65333E+03  2.40000E+02  7.157E+01  1.73333E+03  9.33333E+02  1.50259E+03  0.00000E+00  0.00000E+00        
                         5.00000E-04  1.01333E+03  1.65333E+03  2.40000E+02  7.157E+01  1.73333E+03  9.33333E+02  1.50259E+03  0.00000E+00  0.00000E+00        

       57   GRD     302 -5.00000E-04  1.01333E+03  1.65333E+03  2.40000E+02  7.157E+01  1.73333E+03  9.33333E+02  1.50259E+03  0.00000E+00  0.00000E+00        
                         5.00000E-04  1.01333E+03  1.65333E+03  2.40000E+02  7.157E+01  1.73333E+03  9.33333E+02  1.50259E+03  0.00000E+00  0.00000E+00        

       57   GRD     306 -5.00000E-04  1.01333E+03  1.65333E+03  2.40000E+02  7.157E+01  1.73333E+03  9.33333E+02  1.50259E+03  0.00000E+00  0.00000E+00        
                         5.00000E-04  1.01333E+03  1.65333E+03  2.40000E+02  7.157E+01  1.73333E+03  9.33333E+02  1.50259E+03  0.00000E+00  0.00000E+00        

       57   GRD     316 -5.00000E-04  1.01333E+03  1.65333E+03  2.40000E+02  7.157E+01  1.73333E+03  9.33333E+02  1.50259E+03  0.00000E+00  0.00000E+00        
                         5.00000E-04  1.01333E+03  1.65333E+03  2.40000E+02  7.157E+01  1.73333E+03  9.33333E+02  1.50259E+03  0.00000E+00  0.00000E+00        

       57   GRD     322 -5.00000E-04  1.01333E+03  1.65333E+03  2.40000E+02  7.157E+01  1.73333E+03  9.33333E+02  1.50259E+03  0.00000E+00  0.00000E+00        
                         5.00000E-04  1.01333E+03  1.65333E+03  2.40000E+02  7.157E+01  1.73333E+03  9.33333E+02  1.50259E+03  0.00000E+00  0.00000E+00        

       57   GRD     320 -5.00000E-04  1.01333E+03  1.65333E+03  2.40000E+02  7.157E+01  1.73333E+03  9.33333E+02  1.50259E+03  0.00000E+00  0.00000E+00        
                         5.00000E-04  1.01333E+03  1.65333E+03  2.40000E+02  7.157E+01  1.73333E+03  9.33333E+02  1.50259E+03  0.00000E+00  0.00000E+00        

       58    CENTER     -5.00000E-04  1.70256E+03  9.64103E+02 -1.53846E+02 -1.131E+01  1.73333E+03  9.33333E+02  1.50259E+03  0.00000E+00  0.00000E+00        
                         5.00000E-04  1.70256E+03  9.64103E+02 -1.53846E+02 -1.131E+01  1.73333E+03  9.33333E+02  1.50259E+03  0.00000E+00  0.00000E+00        

       58   GRD     305 -5.00000E-04  1.70256E+03  9.64103E+02 -1.53846E+02 -1.131E+01  1.73333E+03  9.33333E+02  1.50259E+03  0.00000E+00  0.00000E+00        
                         5.00000E-04  1.70256E+03  9.64103E+02 -1.53846E+02 -1.131E+01  1.73333E+03  9.33333E+02  1.50259E+03  0.00000E+00  0.00000E+00        

       58   GRD     308 -5.00000E-04  1.70256E+03  9.64103E+02 -1.53846E+02 -1.131E+01  1.73333E+03  9.33333E+02  1.50259E+03  0.00000E+00  0.00000E+00        
                         5.00000E-04  1.70256E+03  9.64103E+02 -1.53846E+02 -1.131E+01  1.73333E+03  9.33333E+02  1.50259E+03  0.00000E+00  0.00000E+00        

       58   GRD     307 -5.00000E-04  1.70256E+03  9.64103E+02 -1.53846E+02 -1.131E+01  1.73333E+03  9.33333E+02  1.50259E+03  0.00000E+00  0.00000E+00        
                         5.00000E-04  1.70256E+03  9.64103E+02 -1.53846E+02 -1.131E+01  1.73333E+03  9.33333E+02  1.50259E+03  0.00000E+00  0.00000E+00        

       58   GRD     323 -5.00000E-04  1.70256E+03  9.64103E+02 -1.53846E+02 -1.131E+01  1.73333E+03  9.33333E+02  1.50259E+03  0.00000E+00  0.00000E+00        
                         5.00000E-04  1.70256E+03  9.64103E+02 -1.53846E+02 -1.131E+01  1.73333E+03  9.33333E+02  1.50259E+03  0.00000E+00  0.00000E+00        

       58   GRD     311 -5.00000E-04  1.70256E+03  9.64103E+02 -1.53846E+02 -1.131E+01  1.73333E+03  9.33333E+02  1.50259E+03  0.00000E+00  0.00000E+00        
                         5.00000E-04  1.70256E+03  9.64103E+02 -1.53846E+02 -1.131E+01  1.73333E+03  9.33333E+02  1.50259E+03  0.00000E+00  0.00000E+00        

       58   GRD     318 -5.00000E-04  1.70256E+03  9.64103E+02 -1.53846E+02 -1.131E+01  1.73333E+03  9.33333E+02  1.50259E+03  0.00000E+00  0.00000E+00        
                         5.00000E-04  1.70256E+03  9.64103E+02 -1.53846E+02 -1.131E+01  1.73333E+03  9.33333E+02  1.50259E+03  0.00000E+00  0.00000E+00        

       59    CENTER     -5.00000E-04  1.65333E+03  1.01333E+03  2.40000E+02  1.843E+01  1.73333E+03  9.33333E+02  1.50259E+03  0.00000E+00  0.00000E+00        
                         5.00000E-04  1.65333E+03  1.01333E+03  2.40000E+02  1.843E+01  1.73333E+03  9.33333E+02  1.50259E+03  0.00000E+00  0.00000E+00        

       59   GRD     301 -5.00000E-04  1.65333E+03  1.01333E+03  2.40000E+02  1.843E+01  1.73333E+03  9.33333E+02  1.50259E+03  0.00000E+00  0.00000E+00        
                         5.00000E-04  1.65333E+03  1.01333E+03  2.40000E+02  1.843E+01  1.73333E+03  9.33333E+02  1.50259E+03  0.00000E+00  0.00000E+00        

       59   GRD     303 -5.00000E-04  1.65333E+03  1.01333E+03  2.40000E+02  1.843E+01  1.73333E+03  9.33333E+02  1.50259E+03  0.00000E+00  0.00000E+00        
                         5.00000E-04  1.65333E+03  1.01333E+03  2.40000E+02  1.843E+01  1.73333E+03  9.33333E+02  1.50259E+03  0.00000E+00  0.00000E+00        

       59   GRD     307 -5.00000E-04  1.65333E+03  1.01333E+03  2.40000E+02  1.843E+01  1.73333E+03  9.33333E+02  1.50259E+03  0.00000E+00  0.00000E+00        
                         5.00000E-04  1.65333E+03  1.01333E+03  2.40000E+02  1.843E+01  1.73333E+03  9.33333E+02  1.50259E+03  0.00000E+00  0.00000E+00        

       59   GRD     315 -5.00000E-04  1.65333E+03  1.01333E+03  2.40000E+02  1.843E+01  1.73333E+03  9.33333E+02  1.50259E+03  0.00000E+00  0.00000E+00        
                         5.00000E-04  1.65333E+03  1.01333E+03  2.40000E+02  1.843E+01  1.73333E+03  9.33333E+02  1.50259E+03  0.00000E+00  0.00000E+00        

       59   GRD     324 -5.00000E-04  1.65333E+03  1.01333E+03  2.40000E+02  1.843E+01  1.73333E+03  9.33333E+02  1.50259E+03  0.00000E+00  0.00000E+00        
                         5.00000E-04  1.65333E+03  1.01333E+03  2.40000E+02  1.843E+01  1.73333E+03  9.33333E+02  1.50259E+03  0.00000E+00  0.00000E+00        

       59   GRD     312 -5.00000E-04  1.65333E+03  1.01333E+03  2.40000E+02  1.843E+01  1.73333E+03  9.33333E+02  1.50259E+03  0.00000E+00  0.00000E+00        
                         5.00000E-04  1.65333E+03  1.01333E+03  2.40000E+02  1.843E+01  1.73333E+03  9.33333E+02  1.50259E+03  0.00000E+00  0.00000E+00        

       60    CENTER     -5.00000E-04  1.70256E+03  9.64103E+02 -1.53846E+02 -1.131E+01  1.73333E+03  9.33333E+02  1.50259E+03  0.00000E+00  0.00000E+00        
                         5.00000E-04  1.70256E+03  9.64103E+02 -1.53846E+02 -1.131E+01  1.73333E+03  9.33333E+02  1.50259E+03  0.00000E+00  0.00000E+00        

       60   GRD     303 -5.00000E-04  1.70256E+03  9.64103E+02 -1.53846E+02 -1.131E+01  1.73333E+03  9.33333E+02  1.50259E+03  0.00000E+00  0.00000E+00        
                         5.00000E-04  1.70256E+03  9.64103E+02 -1.53846E+02 -1.131E+01  1.73333E+03  9.33333E+02  1.50259E+03  0.00000E+00  0.00000E+00        

       60   GRD     304 -5.00000E-04  1.70256E+03  9.64103E+02 -1.53846E+02 -1.131E+01  1.73333E+03  9.33333E+02  1.50259E+03  0.00000E+00  0.00000E+00        
                         5.00000E-04  1.70256E+03  9.64103E+02 -1.53846E+02 -1.131E+01  1.73333E+03  9.33333E+02  1.50259E+03  0.00000E+00  0.00000E+00        

       60   GRD     305 -5.00000E-04  1.70256E+03  9.64103E+02 -1.53846E+02 -1.131E+01  1.73333E+03  9.33333E+02  1.50259E+03  0.00000E+00  0.00000E+00        
                         5.00000E-04  1.70256E+03  9.64103E+02 -1.53846E+02 -1.131E+01  1.73333E+03  9.33333E+02  1.50259E+03  0.00000E+00  0.00000E+00        

       60   GRD     314 -5.00000E-04  1.70256E+03  9.64103E+02 -1.53846E+02 -1.131E+01  1.73333E+03  9.33333E+02  1.50259E+03  0.00000E+00  0.00000E+00        
                         5.00000E-04  1.70256E+03  9.64103E+02 -1.53846E+02 -1.131E+01  1.73333E+03  9.33333E+02  1.50259E+03  0.00000E+00  0.00000E+00        

       60   GRD     325 -5.00000E-04  1.70256E+03  9.64103E+02 -1.53846E+02 -1.131E+01  1.73333E+03  9.33333E+02  1.50259E+03  0.00000E+00  0.00000E+00        
                         5.00000E-04  1.70256E+03  9.64103E+02 -1.53846E+02 -1.131E+01  1.73333E+03  9.33333E+02  1.50259E+03  0.00000E+00  0.00000E+00        

       60   GRD     319 -5.00000E-04  1.70256E+03  9.64103E+02 -1.53846E+02 -1.131E+01  1.73333E+03  9.33333E+02  1.50259E+03  0.00000E+00  0.00000E+00        
                         5.00000E-04  1.70256E+03  9.64103E+02 -1.53846E+02 -1.131E+01  1.73333E+03  9.33333E+02  1.50259E+03  0.00000E+00  0.00000E+00        
                                     ------------ ------------ ------------          ------------ ------------ ------------ ------------ ------------
 MAX* :                               1.39019E+03  1.60920E+03  3.95939E+02           1.73333E+03  9.33333E+02  1.50259E+03  0.00000E+00  0.00000E+00
 MIN* :                               1.05747E+03  1.27648E+03 -2.89655E+02           1.73333E+03  9.33333E+02  1.50259E+03  0.00000E+00  0.00000E+00

 ABS* :                               1.39019E+03  1.60920E+03  3.95939E+02           1.73333E+03  9.33333E+02  1.50259E+03  0.00000E+00  0.00000E+00
 *for output set

 SAP2000 PROBLEM 2-001-THICK                                                                                                     

0                                                                                                          SUBCASE        1
                                  S T R E S S E S   A T   G R I D   P O I N T S   - -     S U R F A C E     600
0                       SURFACE X-AXIS X  NORMAL(Z-AXIS)  Z         REFERENCE COORDINATE SYSTEM FOR SURFACE DEFINITION CID        0
     GRID      ELEMENT            STRESSES IN SURFACE SYSTEM           PRINCIPAL STRESSES            MAX
     ID          ID    FIBER   NORMAL-X   NORMAL-Y   SHEAR-XY     ANGLE      MAJOR      MINOR      SHEAR     VON MISES
      303        0     Z1       1.333333E+03  1.333333E+03  4.000000E+02  45.0000   1.733333E+03  9.333333E+02  4.000000E+02  1.502590E+03
                       Z2       1.333333E+03  1.333333E+03  4.000000E+02  45.0000   1.733333E+03  9.333333E+02  4.000000E+02  1.502590E+03
                       MID      1.333333E+03  1.333333E+03  4.000000E+02  45.0000   1.733333E+03  9.333333E+02  4.000000E+02  1.502590E+03
      302        0     Z1       1.333333E+03  1.333333E+03  4.000000E+02  45.0000   1.733333E+03  9.333333E+02  4.000000E+02  1.502590E+03
                       Z2       1.333333E+03  1.333333E+03  4.000000E+02  45.0000   1.733333E+03  9.333333E+02  4.000000E+02  1.502590E+03
                       MID      1.333333E+03  1.333333E+03  4.000000E+02  45.0000   1.733333E+03  9.333333E+02  4.000000E+02  1.502590E+03
      304        0     Z1       1.333333E+03  1.333333E+03  4.000000E+02  45.0000   1.733333E+03  9.333333E+02  4.000000E+02  1.502590E+03
                       Z2       1.333333E+03  1.333333E+03  4.000000E+02  45.0000   1.733333E+03  9.333333E+02  4.000000E+02  1.502590E+03
                       MID      1.333333E+03  1.333333E+03  4.000000E+02  45.0000   1.733333E+03  9.333333E+02  4.000000E+02  1.502590E+03
      321        0     Z1       1.333333E+03  1.333333E+03  4.000000E+02  45.0000   1.733333E+03  9.333333E+02  4.000000E+02  1.502590E+03
                       Z2       1.333333E+03  1.333333E+03  4.000000E+02  45.0000   1.733333E+03  9.333333E+02  4.000000E+02  1.502590E+03
                       MID      1.333333E+03  1.333333E+03  4.000000E+02  45.0000   1.733333E+03  9.333333E+02  4.000000E+02  1.502590E+03
      316        0     Z1       1.333333E+03  1.333333E+03  4.000000E+02  45.0000   1.733333E+03  9.333333E+02  4.000000E+02  1.502590E+03
                       Z2       1.333333E+03  1.333333E+03  4.000000E+02  45.0000   1.733333E+03  9.333333E+02  4.000000E+02  1.502590E+03
                       MID      1.333333E+03  1.333333E+03  4.000000E+02  45.0000   1.733333E+03  9.333333E+02  4.000000E+02  1.502590E+03
      314        0     Z1       1.333333E+03  1.333333E+03  4.000000E+02  45.0000   1.733333E+03  9.333333E+02  4.000000E+02  1.502590E+03
                       Z2       1.333333E+03  1.333333E+03  4.000000E+02  45.0000   1.733333E+03  9.333333E+02  4.000000E+02  1.502590E+03
                       MID      1.333333E+03  1.333333E+03  4.000000E+02  45.0000   1.733333E+03  9.333333E+02  4.000000E+02  1.502590E+03
      305        0     Z1       1.333333E+03  1.333333E+03  4.000000E+02  45.0000   1.733333E+03  9.333333E+02  4.000000E+02  1.502590E+03
                       Z2       1.333333E+03  1.333333E+03  4.000000E+02  45.0000   1.733333E+03  9.333333E+02  4.000000E+02  1.502590E+03
                       MID      1.333333E+03  1.333333E+03  4.000000E+02  45.0000   1.733333E+03  9.333333E+02  4.000000E+02  1.502590E+03
      307        0     Z1       1.333333E+03  1.333333E+03  4.000000E+02  45.0000   1.733333E+03  9.333333E+02  4.000000E+02  1.502590E+03
                       Z2       1.333333E+03  1.333333E+03  4.000000E+02  45.0000   1.733333E+03  9.333333E+02  4.000000E+02  1.502590E+03
                       MID      1.333333E+03  1.333333E+03  4.000000E+02  45.0000   1.733333E+03  9.333333E+02  4.000000E+02  1.502590E+03
      319        0     Z1       1.333333E+03  1.333333E+03  4.000000E+02  45.0000   1.733333E+03  9.333333E+02  4.000000E+02  1.502590E+03
                       Z2       1.333333E+03  1.333333E+03  4.000000E+02  45.0000   1.733333E+03  9.333333E+02  4.000000E+02  1.502590E+03
                       MID      1.333333E+03  1.333333E+03  4.000000E+02  45.0000   1.733333E+03  9.333333E+02  4.000000E+02  1.502590E+03
      318        0     Z1       1.333333E+03  1.333333E+03  4.000000E+02  45.0000   1.733333E+03  9.333333E+02  4.000000E+02  1.502590E+03
                       Z2       1.333333E+03  1.333333E+03  4.000000E+02  45.0000   1.733333E+03  9.333333E+02  4.000000E+02  1.502590E+03
                       MID      1.333333E+03  1.333333E+03  4.000000E+02  45.0000   1.733333E+03  9.333333E+02  4.000000E+02  1.502590E+03
      324        0     Z1       1.333333E+03  1.333333E+03  4.000000E+02  45.0000   1.733333E+03  9.333333E+02  4.000000E+02  1.502590E+03
                       Z2       1.333333E+03  1.333333E+03  4.000000E+02  45.0000   1.733333E+03  9.333333E+02  4.000000E+02  1.502590E+03
                       MID      1.333333E+03  1.333333E+03  4.000000E+02  45.0000   1.733333E+03  9.333333E+02  4.000000E+02  1.502590E+03
      306        0     Z1       1.333333E+03  1.333333E+03  4.000000E+02  45.0000   1.733333E+03  9.333333E+02  4.000000E+02  1.502590E+03
                       Z2       1.333333E+03  1.333333E+03  4.000000E+02  45.0000   1.733333E+03  9.333333E+02  4.000000E+02  1.502590E+03
                       MID      1.333333E+03  1.333333E+03  4.000000E+02  45.0000   1.733333E+03  9.333333E+02  4.000000E+02  1.502590E+03
      320        0     Z1       1.333333E+03  1.333333E+03  4.000000E+02  45.0000   1.733333E+03  9.333333E+02  4.000000E+02  1.502590E+03
                       Z2       1.333333E+03  1.333333E+03  4.000000E+02  45.0000   1.733333E+03  9.333333E+02  4.000000E+02  1.502590E+03
                       MID      1.333333E+03  1.333333E+03  4.000000E+02  45.0000   1.733333E+03  9.333333E+02  4.000000E+02  1.502590E+03
      313        0     Z1       1.333333E+03  1.333333E+03  4.000000E+02  45.0000   1.733333E+03  9.333333E+02  4.000000E+02  1.502590E+03
                       Z2       1.333333E+03  1.333333E+03  4.000000E+02  45.0000   1.733333E+03  9.333333E+02  4.000000E+02  1.502590E+03
                       MID      1.333333E+03  1.333333E+03  4.000000E+02  45.0000   1.733333E+03  9.333333E+02  4.000000E+02  1.502590E+03
      325        0     Z1       1.333333E+03  1.333333E+03  4.000000E+02  45.0000   1.733333E+03  9.333333E+02  4.000000E+02  1.502590E+03
                       Z2       1.333333E+03  1.333333E+03  4.000000E+02  45.0000   1.733333E+03  9.333333E+02  4.000000E+02  1.502590E+03
                       MID      1.333333E+03  1.333333E+03  4.000000E+02  45.0000   1.733333E+03  9.333333E+02  4.000000E+02  1.502590E+03
      308        0     Z1       1.333333E+03  1.333333E+03  4.000000E+02  45.0000   1.733333E+03  9.333333E+02  4.000000E+02  1.502590E+03
                       Z2       1.333333E+03  1.333333E+03  4.000000E+02  45.0000   1.733333E+03  9.333333E+02  4.000000E+02  1.502590E+03
                       MID      1.333333E+03  1.333333E+03  4.000000E+02  45.0000   1.733333E+03  9.333333E+02  4.000000E+02  1.502590E+03
      322        0     Z1       1.333333E+03  1.333333E+03  4.000000E+02  45.0000   1.733333E+03  9.333333E+02  4.000000E+02  1.502590E+03
                       Z2       1.333333E+03  1.333333E+03  4.000000E+02  45.0000   1.733333E+03  9.333333E+02  4.000000E+02  1.502590E+03
                       MID      1.333333E+03  1.333333E+03  4.000000E+02  45.0000   1.733333E+03  9.333333E+02  4.000000E+02  1.502590E+03
      310        0     Z1       1.333333E+03  1.333333E+03  4.000000E+02  45.0000   1.733333E+03  9.333333E+02  4.000000E+02  1.502590E+03
                       Z2       1.333333E+03  1.333333E+03  4.000000E+02  45.0000   1.733333E+03  9.333333E+02  4.000000E+02  1.502590E+03
                       MID      1.333333E+03  1.333333E+03  4.000000E+02  45.0000   1.733333E+03  9.333333E+02  4.000000E+02  1.502590E+03
      317        0     Z1       1.333333E+03  1.333333E+03  4.000000E+02  45.0000   1.733333E+03  9.333333E+02  4.000000E+02  1.502590E+03
                       Z2       1.333333E+03  1.333333E+03  4.000000E+02  45.0000   1.733333E+03  9.333333E+02  4.000000E+02  1.502590E+03
                       MID      1.333333E+03  1.333333E+03  4.000000E+02  45.0000   1.733333E+03  9.333333E+02  4.000000E+02  1.502590E+03
      323        0     Z1       1.333333E+03  1.333333E+03  4.000000E+02  45.0000   1.733333E+03  9.333333E+02  4.000000E+02  1.502590E+03
                       Z2       1.333333E+03  1.333333E+03  4.000000E+02  45.0000   1.733333E+03  9.333333E+02  4.000000E+02  1.502590E+03
                       MID      1.333333E+03  1.333333E+03  4.000000E+02  45.0000   1.733333E+03  9.333333E+02  4.000000E+02  1.502590E+03
      301        0     Z1       1.333333E+03  1.333333E+03  4.000000E+02  45.0000   1.733333E+03  9.333333E+02  4.000000E+02  1.502590E+03
                       Z2       1.333333E+03  1.333333E+03  4.000000E+02  45.0000   1.733333E+03  9.333333E+02  4.000000E+02  1.502590E+03
                       MID      1.333333E+03  1.333333E+03  4.000000E+02  45.0000   1.733333E+03  9.333333E+02  4.000000E+02  1.502590E+03
      309        0     Z1       1.333333E+03  1.333333E+03  4.000000E+02  45.0000   1.733333E+03  9.333333E+02  4.000000E+02  1.502590E+03
                       Z2       1.333333E+03  1.333333E+03  4.000000E+02  45.0000   1.733333E+03  9.333333E+02  4.000000E+02  1.502590E+03
                       MID      1.333333E+03  1.333333E+03  4.000000E+02  45.0000   1.733333E+03  9.333333E+02  4.000000E+02  1.502590E+03
      315        0     Z1       1.333333E+03  1.333333E+03  4.000000E+02  45.0000   1.733333E+03  9.333333E+02  4.000000E+02  1.502590E+03
                       Z2       1.333333E+03  1.333333E+03  4.000000E+02  45.0000   1.733333E+03  9.333333E+02  4.000000E+02  1.502590E+03
                       MID      1.333333E+03  1.333333E+03  4.000000E+02  45.0000   1.733333E+03  9.333333E+02  4.000000E+02  1.502590E+03
      311        0     Z1       1.333333E+03  1.333333E+03  4.000000E+02  45.0000   1.733333E+03  9.333333E+02  4.000000E+02  1.502590E+03
                       Z2       1.333333E+03  1.333333E+03  4.000000E+02  45.0000   1.733333E+03  9.333333E+02  4.000000E+02  1.502590E+03
                       MID      1.333333E+03  1.333333E+03  4.000000E+02  45.0000   1.733333E+03  9.333333E+02  4.000000E+02  1.502590E+03
      312        0     Z1       1.333333E+03  1.333333E+03  4.000000E+02  45.0000   1.733333E+03  9.333333E+02  4.000000E+02  1.502590E+03
                       Z2       1.333333E+03  1.333333E+03  4.000000E+02  45.0000   1.733333E+03  9.333333E+02  4.000000E+02  1.502590E+03
                       MID      1.333333E+03  1.333333E+03  4.000000E+02  45.0000   1.733333E+03  9.333333E+02  4.000000E+02  1.502590E+03


 OUTPUT FOR SUBCASE        2
 SAP2000 PROBLEM 2-001-THICK                                                                                                                                                                                                                                     
 LC2_BENDING                                                                                                                                                                                                                                                     

                                                       D I S P L A C E M E N T S
                                              (in global coordinate system at each grid)
           GRID     COORD      T1            T2            T3            R1            R2            R3
                     SYS
              1        0  0.0           0.0           0.0           0.0           0.0           0.0         
              2        0  0.0           0.0           7.200000E-06  1.200000E-04 -6.000000E-05  0.0         
              3        0  0.0           0.0           1.400000E-06  4.000000E-05 -5.000000E-05  0.0         
              4        0  0.0           0.0           9.600000E-06  1.200000E-04 -1.200000E-04  0.0         
              5        0  0.0           0.0           1.935000E-05  1.200000E-04 -1.950000E-04  0.0         
              6        0  0.0           0.0           2.240000E-05  1.600000E-04 -2.000000E-04  0.0         
              7        0  0.0           0.0           2.880000E-05  1.200000E-04 -2.400000E-04  0.0         
              8        0  0.0           0.0           5.040000E-05  2.400000E-04 -3.000000E-04  0.0         
            101        0  0.0           0.0           0.0           0.0           0.0           0.0         
            102        0  0.0           0.0           7.200000E-06  1.200000E-04 -6.000000E-05  0.0         
            103        0  0.0           0.0           1.400000E-06  4.000000E-05 -5.000000E-05  0.0         
            104        0  0.0           0.0           9.600000E-06  1.200000E-04 -1.200000E-04  0.0         
            105        0  0.0           0.0           1.935000E-05  1.200000E-04 -1.950000E-04  0.0         
            106        0  0.0           0.0           2.240000E-05  1.600000E-04 -2.000000E-04  0.0         
            107        0  0.0           0.0           2.880000E-05  1.200000E-04 -2.400000E-04  0.0         
            108        0  0.0           0.0           5.040000E-05  2.400000E-04 -3.000000E-04  0.0         
            201        0  0.0           0.0           0.0           0.0           0.0           0.0         
            202        0  0.0           0.0           7.200000E-06  1.200000E-04 -6.000000E-05  0.0         
            207        0  0.0           0.0           2.880000E-05  1.200000E-04 -2.400000E-04  0.0         
            208        0  0.0           0.0           5.040000E-05  2.400000E-04 -3.000000E-04  0.0         
            209        0  0.0           0.0           1.800000E-06  6.000000E-05 -3.000000E-05  0.0         
            210        0  0.0           0.0           2.160000E-05  1.800000E-04 -1.800000E-04  0.0         
            211        0  0.0           0.0           3.780000E-05  1.800000E-04 -2.700000E-04  0.0         
            212        0  0.0           0.0           7.200000E-06  6.000000E-05 -1.200000E-04  0.0         
            213        0  0.0           0.0           2.063750E-05  1.400000E-04 -1.975000E-04  0.0         
            214        0  0.0           0.0           4.550000E-06  8.000000E-05 -8.500000E-05  0.0         
            301        0  0.0           0.0           0.0           0.0           0.0           0.0         
            302        0  0.0           0.0           7.200000E-06  1.200000E-04 -6.000000E-05  0.0         
            303        0  0.0           0.0           1.400000E-06  4.000000E-05 -5.000000E-05  0.0         
            304        0  0.0           0.0           9.600000E-06  1.200000E-04 -1.200000E-04  0.0         
            305        0  0.0           0.0           1.935000E-05  1.200000E-04 -1.950000E-04  0.0         
            306        0  0.0           0.0           2.240000E-05  1.600000E-04 -2.000000E-04  0.0         
            307        0  0.0           0.0           2.880000E-05  1.200000E-04 -2.400000E-04  0.0         
            308        0  0.0           0.0           5.040000E-05  2.400000E-04 -3.000000E-04  0.0         
            309        0  0.0           0.0           1.800000E-06  6.000000E-05 -3.000000E-05  0.0         
            310        0  0.0           0.0           2.160000E-05  1.800000E-04 -1.800000E-04  0.0         
            311        0  0.0           0.0           3.780000E-05  1.800000E-04 -2.700000E-04  0.0         
            312        0  0.0           0.0           7.200000E-06  6.000000E-05 -1.200000E-04  0.0         
            313        0  0.0           0.0           2.063750E-05  1.400000E-04 -1.975000E-04  0.0         
            314        0  0.0           0.0           4.550000E-06  8.000000E-05 -8.500000E-05  0.0         
            315        0  0.0           0.0           3.500000E-07  2.000000E-05 -2.500000E-05  0.0         
            316        0  0.0           0.0           7.800000E-06  1.200000E-04 -9.000000E-05  0.0         
            317        0  0.0           0.0           3.500000E-05  2.000000E-04 -2.500000E-04  0.0         
            318        0  0.0           0.0           2.373750E-05  1.200000E-04 -2.175000E-04  0.0         
            319        0  0.0           0.0           7.737500E-06  8.000000E-05 -1.225000E-04  0.0         
            320        0  0.0           0.0           1.520000E-05  1.400000E-04 -1.600000E-04  0.0         
            321        0  0.0           0.0           3.350000E-06  8.000000E-05 -5.500000E-05  0.0         
            322        0  0.0           0.0           1.220000E-05  1.400000E-04 -1.300000E-04  0.0         
            323        0  0.0           0.0           3.273750E-05  1.800000E-04 -2.475000E-04  0.0         
            324        0  0.0           0.0           1.055000E-05  8.000000E-05 -1.450000E-04  0.0         
            325        0  0.0           0.0           1.353750E-05  1.200000E-04 -1.575000E-04  0.0         
            401        0  0.0           0.0           0.0           0.0           0.0           0.0         
            402        0  0.0           0.0           7.200000E-06  1.200000E-04 -6.000000E-05  0.0         
            407        0  0.0           0.0           2.880000E-05  1.200000E-04 -2.400000E-04  0.0         
            408        0  0.0           0.0           5.040000E-05  2.400000E-04 -3.000000E-04  0.0         
            409        0  0.0           0.0           1.800000E-06  6.000000E-05 -3.000000E-05  0.0         
            410        0  0.0           0.0           2.160000E-05  1.800000E-04 -1.800000E-04  0.0         
            411        0  0.0           0.0           3.780000E-05  1.800000E-04 -2.700000E-04  0.0         
            412        0  0.0           0.0           7.200000E-06  6.000000E-05 -1.200000E-04  0.0         
            413        0  0.0           0.0           2.063750E-05  1.400000E-04 -1.975000E-04  0.0         
            414        0  0.0           0.0           4.550000E-06  8.000000E-05 -8.500000E-05  0.0         
            501        0  0.0           0.0           0.0           0.0           0.0           0.0         
            502        0  0.0           0.0           7.200000E-06  1.200000E-04 -6.000000E-05  0.0         
            503        0  0.0           0.0           1.400000E-06  4.000000E-05 -5.000000E-05  0.0         
            504        0  0.0           0.0           9.600000E-06  1.200000E-04 -1.200000E-04  0.0         
            505        0  0.0           0.0           1.935000E-05  1.200000E-04 -1.950000E-04  0.0         
            506        0  0.0           0.0           2.240000E-05  1.600000E-04 -2.000000E-04  0.0         
            507        0  0.0           0.0           2.880000E-05  1.200000E-04 -2.400000E-04  0.0         
            508        0  0.0           0.0           5.040000E-05  2.400000E-04 -3.000000E-04  0.0         
            509        0  0.0           0.0           1.800000E-06  6.000000E-05 -3.000000E-05  0.0         
            510        0  0.0           0.0           2.160000E-05  1.800000E-04 -1.800000E-04  0.0         
            511        0  0.0           0.0           3.780000E-05  1.800000E-04 -2.700000E-04  0.0         
            512        0  0.0           0.0           7.200000E-06  6.000000E-05 -1.200000E-04  0.0         
            513        0  0.0           0.0           2.063750E-05  1.400000E-04 -1.975000E-04  0.0         
            514        0  0.0           0.0           4.550000E-06  8.000000E-05 -8.500000E-05  0.0         
            515        0  0.0           0.0           3.500000E-07  2.000000E-05 -2.500000E-05  0.0         
            516        0  0.0           0.0           7.800000E-06  1.200000E-04 -9.000000E-05  0.0         
            517        0  0.0           0.0           3.500000E-05  2.000000E-04 -2.500000E-04  0.0         
            518        0  0.0           0.0           2.373750E-05  1.200000E-04 -2.175000E-04  0.0         
            519        0  0.0           0.0           7.737500E-06  8.000000E-05 -1.225000E-04  0.0         
            520        0  0.0           0.0           1.520000E-05  1.400000E-04 -1.600000E-04  0.0         
                         ------------- ------------- ------------- ------------- ------------- -------------
                MAX* :    0.0           0.0           5.040000E-05  2.400000E-04  0.0           0.0         
                MIN* :    0.0           0.0           0.0           0.0          -3.000000E-04  0.0         

                ABS* :    0.0           0.0           5.040000E-05  2.400000E-04  3.000000E-04  0.0         
                *for output set


 OUTPUT FOR SUBCASE        2
 SAP2000 PROBLEM 2-001-THICK                                                                                                                                                                                                                                     
 LC2_BENDING                                                                                                                                                                                                                                                     

                                                       E L E M E N T   E N G I N E E R I N G   F O R C E S
                                                           F O R   E L E M E N T   T Y P E   Q U A D 4  
  Element Location               N o r m a l   F o r c e s                       M o m e n t s                   T r a n s v e r s e
     ID                                                                                                        S h e a r   F o r c e s
                              Nxx           Nyy           Nxy           Mxx           Myy           Mxy            Qx           Qy
        1                 0.0           0.0           0.0          -1.111111E-07 -1.111111E-07  3.333333E-08  0.0           1.102907E-21
           GRD       1    0.0           0.0           0.0          -1.111111E-07 -1.111111E-07  3.333333E-08 -1.270313E-21  3.813401E-21
           GRD       2    0.0           0.0           0.0          -1.111111E-07 -1.111111E-07  3.333333E-08 -5.347132E-21  7.336304E-21
           GRD       4    0.0           0.0           0.0          -1.111111E-07 -1.111111E-07  3.333333E-08  1.624819E-21 -2.545550E-21
           GRD       3    0.0           0.0           0.0          -1.111111E-07 -1.111111E-07  3.333333E-08  8.567228E-22  4.677509E-23
        2                 0.0           0.0           0.0          -1.111111E-07 -1.111111E-07  3.333333E-08 -2.205815E-21 -1.323489E-20
           GRD       7    0.0           0.0           0.0          -1.111111E-07 -1.111111E-07  3.333333E-08 -1.275237E-21 -3.556877E-20
           GRD       1    0.0           0.0           0.0          -1.111111E-07 -1.111111E-07  3.333333E-08 -2.412610E-22  1.902515E-20
           GRD       3    0.0           0.0           0.0          -1.111111E-07 -1.111111E-07  3.333333E-08 -4.480562E-22  1.075335E-20
           GRD       5    0.0           0.0           0.0          -1.111111E-07 -1.111111E-07  3.333333E-08 -1.068442E-21 -2.067952E-20
        3                 0.0           0.0           0.0          -1.111111E-07 -1.111111E-07  3.333333E-08 -2.178242E-20  2.757269E-21
           GRD       4    0.0           0.0           0.0          -1.111111E-07 -1.111111E-07  3.333333E-08 -1.642643E-20 -1.735701E-20
           GRD       6    0.0           0.0           0.0          -1.111111E-07 -1.111111E-07  3.333333E-08 -1.435158E-20 -2.827579E-20
           GRD       5    0.0           0.0           0.0          -1.111111E-07 -1.111111E-07  3.333333E-08 -1.528905E-20 -1.156674E-20
           GRD       3    0.0           0.0           0.0          -1.111111E-07 -1.111111E-07  3.333333E-08 -1.921127E-20  1.142888E-20
        4                 0.0           0.0           0.0          -1.111111E-07 -1.111111E-07  3.333333E-08 -1.102907E-20 -6.617445E-21
           GRD       2    0.0           0.0           0.0          -1.111111E-07 -1.111111E-07  3.333333E-08 -1.492372E-20 -1.964554E-20
           GRD       8    0.0           0.0           0.0          -1.111111E-07 -1.111111E-07  3.333333E-08 -1.430333E-20 -8.540640E-20
           GRD       6    0.0           0.0           0.0          -1.111111E-07 -1.111111E-07  3.333333E-08 -9.547043E-21  2.419503E-20
           GRD       4    0.0           0.0           0.0          -1.111111E-07 -1.111111E-07  3.333333E-08 -9.753838E-21  4.611532E-20
        5                 0.0           0.0           0.0          -1.111111E-07 -1.111111E-07  3.333333E-08 -1.930088E-21 -1.433780E-20
           GRD       8    0.0           0.0           0.0          -1.111111E-07 -1.111111E-07  3.333333E-08 -1.098772E-20  2.442940E-20
           GRD       7    0.0           0.0           0.0          -1.111111E-07 -1.111111E-07  3.333333E-08 -4.994792E-20  1.102907E-22
           GRD       5    0.0           0.0           0.0          -1.111111E-07 -1.111111E-07  3.333333E-08 -1.719157E-20 -1.279373E-20
           GRD       6    0.0           0.0           0.0          -1.111111E-07 -1.111111E-07  3.333333E-08  6.713949E-21 -8.988696E-21
       11                 0.0           0.0           0.0          -1.111111E-07 -1.111111E-07  3.333333E-08 -6.350334E-21  6.341718E-21
           GRD     401    0.0           0.0           0.0          -1.111111E-07 -1.111111E-07  3.333333E-08 -1.023286E-20  4.515028E-21
           GRD     409    0.0           0.0           0.0          -1.111111E-07 -1.111111E-07  3.333333E-08 -1.580179E-20  6.376184E-21
           GRD     414    0.0           0.0           0.0          -1.111111E-07 -1.111111E-07  3.333333E-08 -6.394225E-21  7.823750E-21
           GRD     412    0.0           0.0           0.0          -1.111111E-07 -1.111111E-07  3.333333E-08  6.725959E-21  8.030545E-21
       12                 0.0           0.0           0.0          -1.111111E-07 -1.111111E-07  3.333333E-08 -5.445606E-21  7.720352E-21
           GRD     409    0.0           0.0           0.0          -1.111111E-07 -1.111111E-07  3.333333E-08 -5.832485E-21  7.341228E-21
           GRD     402    0.0           0.0           0.0          -1.111111E-07 -1.111111E-07  3.333333E-08  7.211119E-21  2.781395E-20
           GRD     410    0.0           0.0           0.0          -1.111111E-07 -1.111111E-07  3.333333E-08 -6.297774E-21  1.023636E-20
           GRD     414    0.0           0.0           0.0          -1.111111E-07 -1.111111E-07  3.333333E-08 -1.476087E-20 -4.859686E-21
       13                 0.0           0.0           0.0          -1.111111E-07 -1.111111E-07  3.333333E-08  7.720352E-21 -3.032996E-21
           GRD     412    0.0           0.0           0.0          -1.111111E-07 -1.111111E-07  3.333333E-08  2.264564E-21 -1.031234E-20
           GRD     414    0.0           0.0           0.0          -1.111111E-07 -1.111111E-07  3.333333E-08  2.595123E-21 -1.005698E-20
           GRD     410    0.0           0.0           0.0          -1.111111E-07 -1.111111E-07  3.333333E-08  1.084656E-20  3.232741E-21
           GRD     413    0.0           0.0           0.0          -1.111111E-07 -1.111111E-07  3.333333E-08  8.902375E-21  3.861743E-22
       14                 0.0           0.0           0.0          -1.111111E-07 -1.111111E-07  3.333333E-08  1.089121E-20 -8.823260E-21
           GRD     413    0.0           0.0           0.0          -1.111111E-07 -1.111111E-07  3.333333E-08  2.914131E-20 -1.587497E-20
           GRD     410    0.0           0.0           0.0          -1.111111E-07 -1.111111E-07  3.333333E-08  2.446645E-21 -1.914234E-20
           GRD     408    0.0           0.0           0.0          -1.111111E-07 -1.111111E-07  3.333333E-08 -5.755368E-21  1.495818E-21
           GRD     411    0.0           0.0           0.0          -1.111111E-07 -1.111111E-07  3.333333E-08  2.204049E-20 -3.425906E-21
       15                 0.0           0.0           0.0          -1.111111E-07 -1.111111E-07  3.333333E-08 -4.655584E-21  5.514537E-20
           GRD     412    0.0           0.0           0.0          -1.111111E-07 -1.111111E-07  3.333333E-08 -7.491657E-21  3.186943E-20
           GRD     413    0.0           0.0           0.0          -1.111111E-07 -1.111111E-07  3.333333E-08 -1.009886E-20  5.443308E-20
           GRD     411    0.0           0.0           0.0          -1.111111E-07 -1.111111E-07  3.333333E-08 -8.099118E-21  6.743820E-20
           GRD     407    0.0           0.0           0.0          -1.111111E-07 -1.111111E-07  3.333333E-08 -3.390938E-21  5.195154E-20
                          ------------- ------------- ------------- ------------- ------------- ------------- ------------- -------------
                MAX* :    0.000000E+00  0.000000E+00  0.000000E+00 -1.111111E-07 -1.111111E-07  3.333333E-08  2.914131E-20  6.743820E-20
                MIN* :    0.000000E+00  0.000000E+00  0.000000E+00 -1.111111E-07 -1.111111E-07  3.333333E-08 -4.994792E-20 -8.540640E-20

                ABS* :    0.000000E+00  0.000000E+00  0.000000E+00  1.111111E-07  1.111111E-07  3.333333E-08  4.994792E-20  8.540640E-20
                *for output set


                                 F O R C E S   A T   G R I D   P O I N T S   - -   S U R F A C E     100
0                      SURFACE X-AXIS X  NORMAL(Z-AXIS)  Z        REFERENCE COORDINATE SYSTEM FOR SURFACE DEFINITION CID        0

        GRID       ELEM             NXX           NYY           NXY           MXX           MYY           MXY            QX            QY
        1         1       0.0           0.0           0.0          -1.111111E-07 -1.111111E-07  3.333333E-08 -7.953660E-22  1.083421E-20
        2         1       0.0           0.0           0.0          -1.111111E-07 -1.111111E-07  3.333333E-08 -1.045464E-20 -7.054012E-21
        4         1       0.0           0.0           0.0          -1.111111E-07 -1.111111E-07  3.333333E-08 -8.438008E-21  9.818940E-21
        3         1       0.0           0.0           0.0          -1.111111E-07 -1.111111E-07  3.333333E-08 -6.867112E-21  7.344590E-21
        7         2       0.0           0.0           0.0          -1.111111E-07 -1.111111E-07  3.333333E-08 -2.831562E-20 -1.574707E-20
        5         2       0.0           0.0           0.0          -1.111111E-07 -1.111111E-07  3.333333E-08 -1.190549E-20 -1.460860E-20
        6         3       0.0           0.0           0.0          -1.111111E-07 -1.111111E-07  3.333333E-08 -5.811244E-21 -3.735799E-21
        8         4       0.0           0.0           0.0          -1.111111E-07 -1.111111E-07  3.333333E-08 -1.269900E-20 -3.226004E-20



                                 F O R C E S   A T   G R I D   P O I N T S   - -   S U R F A C E     200
0                      SURFACE X-AXIS X  NORMAL(Z-AXIS)  Z        REFERENCE COORDINATE SYSTEM FOR SURFACE DEFINITION CID        0

        GRID       ELEM             NXX           NYY           NXY           MXX           MYY           MXY            QX            QY
      401        11       0.0           0.0           0.0          -1.111111E-07 -1.111111E-07  3.333333E-08 -1.023286E-20  4.515028E-21
      409        11       0.0           0.0           0.0          -1.111111E-07 -1.111111E-07  3.333333E-08 -1.026329E-20  6.912319E-21
      414        11       0.0           0.0           0.0          -1.111111E-07 -1.111111E-07  3.333333E-08 -5.869521E-21 -3.332195E-21
      412        11       0.0           0.0           0.0          -1.111111E-07 -1.111111E-07  3.333333E-08  4.033198E-22  8.486910E-21
      402        12       0.0           0.0           0.0          -1.111111E-07 -1.111111E-07  3.333333E-08  7.211119E-21  2.781395E-20
      410        12       0.0           0.0           0.0          -1.111111E-07 -1.111111E-07  3.333333E-08  2.606481E-21 -1.725794E-21
      413        13       0.0           0.0           0.0          -1.111111E-07 -1.111111E-07  3.333333E-08  9.948319E-21  1.117986E-20
      408        14       0.0           0.0           0.0          -1.111111E-07 -1.111111E-07  3.333333E-08 -5.755368E-21  1.495818E-21
      411        14       0.0           0.0           0.0          -1.111111E-07 -1.111111E-07  3.333333E-08  7.763832E-21  3.014130E-20
      407        15       0.0           0.0           0.0          -1.111111E-07 -1.111111E-07  3.333333E-08 -3.390938E-21  5.195154E-20



 OUTPUT FOR SUBCASE        2
 SAP2000 PROBLEM 2-001-THICK                                                                                                                                                                                                                                     
 LC2_BENDING                                                                                                                                                                                                                                                     

                                                       E L E M E N T   E N G I N E E R I N G   F O R C E S
                                                           F O R   E L E M E N T   T Y P E   Q U A D 8  
  Element Location               N o r m a l   F o r c e s                       M o m e n t s                   T r a n s v e r s e
     ID                                                                                                        S h e a r   F o r c e s
                              Nxx           Nyy           Nxy           Mxx           Myy           Mxy            Qx           Qy
       21  CENTER         0.0           0.0           0.0           1.252288E-07  9.699346E-08 -3.019608E-08  2.385809E-17 -3.557538E-17
           GRD     501    0.0           0.0           0.0           1.252288E-07  9.699346E-08 -3.019608E-08  1.371444E-16 -1.163472E-15
           GRD     502    0.0           0.0           0.0           1.252288E-07  9.699346E-08 -3.019608E-08  6.775139E-16 -4.841831E-16
           GRD     504    0.0           0.0           0.0           1.252288E-07  9.699346E-08 -3.019608E-08 -1.278115E-15  2.417138E-15
           GRD     503    0.0           0.0           0.0           1.252288E-07  9.699346E-08 -3.019608E-08  2.659175E-15  3.956493E-15
           GRD     509    0.0           0.0           0.0           1.252288E-07  9.699346E-08 -3.019608E-08  1.796665E-16  2.024742E-16
           GRD     516    0.0           0.0           0.0           1.252288E-07  9.699346E-08 -3.019608E-08  2.200521E-17  8.929315E-16
           GRD     514    0.0           0.0           0.0           1.252288E-07  9.699346E-08 -3.019608E-08 -6.616522E-16 -2.912666E-16
           GRD     515    0.0           0.0           0.0           1.252288E-07  9.699346E-08 -3.019608E-08  2.710505E-17  2.874265E-16
       22  CENTER         0.0           0.0           0.0           1.128643E-07  1.093579E-07  3.328720E-08 -8.131516E-17  8.922080E-17
           GRD     507    0.0           0.0           0.0           1.128643E-07  1.093579E-07  3.328720E-08 -1.849755E-16 -2.091982E-15
           GRD     501    0.0           0.0           0.0           1.128643E-07  1.093579E-07  3.328720E-08 -1.095525E-16 -2.464531E-15
           GRD     503    0.0           0.0           0.0           1.128643E-07  1.093579E-07  3.328720E-08  3.729347E-16  1.633438E-15
           GRD     505    0.0           0.0           0.0           1.128643E-07  1.093579E-07  3.328720E-08 -1.083666E-15  2.248424E-15
           GRD     512    0.0           0.0           0.0           1.128643E-07  1.093579E-07  3.328720E-08 -5.338917E-17  1.126654E-15
           GRD     515    0.0           0.0           0.0           1.128643E-07  1.093579E-07  3.328720E-08  4.291634E-17 -2.094995E-16
           GRD     519    0.0           0.0           0.0           1.128643E-07  1.093579E-07  3.328720E-08 -2.206989E-16 -1.036451E-15
           GRD     518    0.0           0.0           0.0           1.128643E-07  1.093579E-07  3.328720E-08 -1.987704E-16  6.234162E-16
       23  CENTER         0.0           0.0           0.0           1.141352E-07  1.080871E-07  3.319588E-08 -1.197140E-16 -1.609363E-17
           GRD     504    0.0           0.0           0.0           1.141352E-07  1.080871E-07  3.319588E-08 -1.116930E-15  3.607459E-15
           GRD     506    0.0           0.0           0.0           1.141352E-07  1.080871E-07  3.319588E-08  1.136378E-15 -1.698166E-15
           GRD     505    0.0           0.0           0.0           1.141352E-07  1.080871E-07  3.319588E-08  1.080914E-15  1.016653E-15
           GRD     503    0.0           0.0           0.0           1.141352E-07  1.080871E-07  3.319588E-08 -7.649269E-16 -6.841003E-16
           GRD     520    0.0           0.0           0.0           1.141352E-07  1.080871E-07  3.319588E-08 -2.342323E-17 -1.733216E-16
           GRD     513    0.0           0.0           0.0           1.141352E-07  1.080871E-07  3.319588E-08 -1.054944E-15 -1.213181E-15
           GRD     519    0.0           0.0           0.0           1.141352E-07  1.080871E-07  3.319588E-08  1.574150E-16  1.817296E-16
           GRD     514    0.0           0.0           0.0           1.141352E-07  1.080871E-07  3.319588E-08  8.221866E-16  1.366546E-16
       24  CENTER         0.0           0.0           0.0           1.111111E-07  1.111111E-07  3.333333E-08  4.291634E-17  3.636595E-16
           GRD     502    0.0           0.0           0.0           1.111111E-07  1.111111E-07  3.333333E-08 -1.072908E-16 -2.443972E-15
           GRD     508    0.0           0.0           0.0           1.111111E-07  1.111111E-07  3.333333E-08 -8.860999E-16 -3.335757E-15
           GRD     506    0.0           0.0           0.0           1.111111E-07  1.111111E-07  3.333333E-08  8.067609E-16  7.596147E-16
           GRD     504    0.0           0.0           0.0           1.111111E-07  1.111111E-07  3.333333E-08  1.389134E-15 -2.439455E-16
           GRD     510    0.0           0.0           0.0           1.111111E-07  1.111111E-07  3.333333E-08 -4.963613E-16  1.383290E-15
           GRD     517    0.0           0.0           0.0           1.111111E-07  1.111111E-07  3.333333E-08 -8.681008E-16  2.366813E-17
           GRD     520    0.0           0.0           0.0           1.111111E-07  1.111111E-07  3.333333E-08  1.054838E-15 -5.676885E-16
           GRD     516    0.0           0.0           0.0           1.111111E-07  1.111111E-07  3.333333E-08  9.893345E-16 -6.098637E-16
       25  CENTER         0.0           0.0           0.0           1.033750E-07  1.188472E-07 -3.242321E-08 -5.816293E-17  4.517509E-16
           GRD     508    0.0           0.0           0.0           1.033750E-07  1.188472E-07 -3.242321E-08  2.894825E-16  4.935883E-16
           GRD     507    0.0           0.0           0.0           1.033750E-07  1.188472E-07 -3.242321E-08  5.490003E-16 -9.025731E-16
           GRD     505    0.0           0.0           0.0           1.033750E-07  1.188472E-07 -3.242321E-08  6.851035E-16 -3.592351E-15
           GRD     506    0.0           0.0           0.0           1.033750E-07  1.188472E-07 -3.242321E-08 -2.650630E-15 -1.201380E-15
           GRD     511    0.0           0.0           0.0           1.033750E-07  1.188472E-07 -3.242321E-08  5.580662E-16  5.848042E-16
           GRD     518    0.0           0.0           0.0           1.033750E-07  1.188472E-07 -3.242321E-08 -4.067170E-16 -1.324336E-15
           GRD     513    0.0           0.0           0.0           1.033750E-07  1.188472E-07 -3.242321E-08 -1.694602E-15  4.694468E-16
           GRD     517    0.0           0.0           0.0           1.033750E-07  1.188472E-07 -3.242321E-08  4.754678E-16  4.517509E-17
                          ------------- ------------- ------------- ------------- ------------- ------------- ------------- -------------
                MAX* :    0.000000E+00  0.000000E+00  0.000000E+00  1.252288E-07  1.188472E-07  3.333333E-08  2.659175E-15  3.956493E-15
                MIN* :    0.000000E+00  0.000000E+00  0.000000E+00  1.033750E-07  9.699346E-08 -3.242321E-08 -2.650630E-15 -3.592351E-15

                ABS* :    0.000000E+00  0.000000E+00  0.000000E+00  1.252288E-07  1.188472E-07  3.333333E-08  2.659175E-15  3.956493E-15
                *for output set


                                 F O R C E S   A T   G R I D   P O I N T S   - -   S U R F A C E     300
0                      SURFACE X-AXIS X  NORMAL(Z-AXIS)  Z        REFERENCE COORDINATE SYSTEM FOR SURFACE DEFINITION CID        0

        GRID       ELEM             NXX           NYY           NXY           MXX           MYY           MXY            QX            QY
      501        21       0.0           0.0           0.0           1.111111E-07  1.111111E-07  3.333333E-08  6.482083E-16  1.074597E-15
      502        21       0.0           0.0           0.0           1.111111E-07  1.111111E-07  3.333333E-08  2.319373E-16 -1.043824E-15
      504        21       0.0           0.0           0.0           1.111111E-07  1.111111E-07  3.333333E-08 -7.529644E-16  8.725687E-16
      503        21       0.0           0.0           0.0           1.111111E-07  1.111111E-07  3.333333E-08 -1.486586E-15  4.359459E-16
      509        21       0.0           0.0           0.0           1.111111E-07  1.111111E-07  3.333333E-08 -1.586775E-16  2.193109E-16
      516        21       0.0           0.0           0.0           1.111111E-07  1.111111E-07  3.333333E-08  1.230942E-16 -2.248409E-16
      514        21       0.0           0.0           0.0           1.111111E-07  1.111111E-07  3.333333E-08  4.895923E-16 -2.523939E-16
      515        21       0.0           0.0           0.0           1.111111E-07  1.111111E-07  3.333333E-08 -1.702609E-16  1.439589E-16
      507        22       0.0           0.0           0.0           1.111111E-07  1.111111E-07  3.333333E-08 -4.046347E-16  5.701120E-16
      505        22       0.0           0.0           0.0           1.111111E-07  1.111111E-07  3.333333E-08 -5.500395E-16 -6.467036E-16
      512        22       0.0           0.0           0.0           1.111111E-07  1.111111E-07  3.333333E-08  8.300923E-17 -1.124860E-15
      519        22       0.0           0.0           0.0           1.111111E-07  1.111111E-07  3.333333E-08  1.687146E-16  5.678937E-16
      518        22       0.0           0.0           0.0           1.111111E-07  1.111111E-07  3.333333E-08 -6.615029E-16 -1.362128E-16
      506        23       0.0           0.0           0.0           1.111111E-07  1.111111E-07  3.333333E-08  1.858717E-16  5.405038E-16
      520        23       0.0           0.0           0.0           1.111111E-07  1.111111E-07  3.333333E-08  5.369187E-16 -3.772940E-16
      513        23       0.0           0.0           0.0           1.111111E-07  1.111111E-07  3.333333E-08 -3.652682E-16  2.390069E-16
      508        24       0.0           0.0           0.0           1.111111E-07  1.111111E-07  3.333333E-08 -2.037785E-16 -1.832888E-15
      510        24       0.0           0.0           0.0           1.111111E-07  1.111111E-07  3.333333E-08 -4.963613E-16  1.383290E-15
      517        24       0.0           0.0           0.0           1.111111E-07  1.111111E-07  3.333333E-08 -3.994617E-16 -2.137194E-16
      511        25       0.0           0.0           0.0           1.111111E-07  1.111111E-07  3.333333E-08  6.460038E-16 -4.859146E-16



 OUTPUT FOR SUBCASE        2
 SAP2000 PROBLEM 2-001-THICK                                                                                                                                                                                                                                     
 LC2_BENDING                                                                                                                                                                                                                                                     

                                                       E L E M E N T   E N G I N E E R I N G   F O R C E S
                                                           F O R   E L E M E N T   T Y P E   T R I A 3  
  Element Location               N o r m a l   F o r c e s                       M o m e n t s                   T r a n s v e r s e
     ID                                                                                                        S h e a r   F o r c e s
                              Nxx           Nyy           Nxy           Mxx           Myy           Mxy            Qx           Qy
       31                 0.0           0.0           0.0          -1.111111E-07 -1.111111E-07  3.333333E-08  4.354279E-18 -2.102142E-18
       32                 0.0           0.0           0.0          -1.111111E-07 -1.111111E-07  3.333333E-08 -3.749885E-20 -1.199963E-18
       33                 0.0           0.0           0.0          -1.111111E-07 -1.111111E-07  3.333333E-08 -1.376429E-18  9.220307E-18
       34                 0.0           0.0           0.0          -1.111111E-07 -1.111111E-07  3.333333E-08 -2.360222E-19  1.464661E-18
       35                 0.0           0.0           0.0          -1.111111E-07 -1.111111E-07  3.333333E-08  4.693974E-18  5.591189E-18
       36                 0.0           0.0           0.0          -1.111111E-07 -1.111111E-07  3.333333E-08  2.748445E-18 -3.987011E-19
       37                 0.0           0.0           0.0          -1.111111E-07 -1.111111E-07  3.333333E-08 -3.529304E-20  2.346987E-18
       38                 0.0           0.0           0.0          -1.111111E-07 -1.111111E-07  3.333333E-08 -2.735211E-19 -3.727827E-19
       39                 0.0           0.0           0.0          -1.111111E-07 -1.111111E-07  3.333333E-08  2.393309E-19 -4.927791E-18
       40                 0.0           0.0           0.0          -1.111111E-07 -1.111111E-07  3.333333E-08  7.345364E-19 -2.796973E-18
       41                 0.0           0.0           0.0          -1.111111E-07 -1.111111E-07  3.333333E-08 -8.823260E-21 -3.639595E-20
       42                 0.0           0.0           0.0          -1.111111E-07 -1.111111E-07  3.333333E-08 -4.411630E-21 -8.823260E-21
       43                 0.0           0.0           0.0          -1.111111E-07 -1.111111E-07  3.333333E-08 -1.323489E-20 -2.205815E-20
       44                 0.0           0.0           0.0          -1.111111E-07 -1.111111E-07  3.333333E-08  1.614657E-18 -4.935511E-20
       45                 0.0           0.0           0.0          -1.111111E-07 -1.111111E-07  3.333333E-08  2.205815E-19 -7.499771E-20
       46                 0.0           0.0           0.0          -1.111111E-07 -1.111111E-07  3.333333E-08 -3.088141E-20 -2.040379E-20
       47                 0.0           0.0           0.0          -1.111111E-07 -1.111111E-07  3.333333E-08  1.764652E-20 -2.867559E-20
       48                 0.0           0.0           0.0          -1.111111E-07 -1.111111E-07  3.333333E-08  1.897001E-19  5.470421E-19
       49                 0.0           0.0           0.0          -1.111111E-07 -1.111111E-07  3.333333E-08  1.764652E-19 -1.323489E-20
       50                 0.0           0.0           0.0          -1.111111E-07 -1.111111E-07  3.333333E-08  2.426396E-19 -7.102724E-19
                          ------------- ------------- ------------- ------------- ------------- ------------- ------------- -------------
                MAX* :    0.000000E+00  0.000000E+00  0.000000E+00 -1.111111E-07 -1.111111E-07  3.333333E-08  4.693974E-18  9.220307E-18
                MIN* :    0.000000E+00  0.000000E+00  0.000000E+00 -1.111111E-07 -1.111111E-07  3.333333E-08 -1.376429E-18 -4.927791E-18

                ABS* :    0.000000E+00  0.000000E+00  0.000000E+00  1.111111E-07  1.111111E-07  3.333333E-08  4.693974E-18  9.220307E-18
                *for output set


                                 F O R C E S   A T   G R I D   P O I N T S   - -   S U R F A C E     400
0                      SURFACE X-AXIS X  NORMAL(Z-AXIS)  Z        REFERENCE COORDINATE SYSTEM FOR SURFACE DEFINITION CID        0

        GRID       ELEM             NXX           NYY           NXY           MXX           MYY           MXY            QX            QY
      103        31       0.0           0.0           0.0          -1.111111E-07 -1.111111E-07  3.333333E-08  1.663368E-18 -2.331822E-18
      102        31       0.0           0.0           0.0          -1.111111E-07 -1.111111E-07  3.333333E-08  1.611715E-18  2.584848E-19
      104        31       0.0           0.0           0.0          -1.111111E-07 -1.111111E-07  3.333333E-08  1.302084E-18  3.963931E-19
      105        32       0.0           0.0           0.0          -1.111111E-07 -1.111111E-07  3.333333E-08  7.205662E-19  1.142336E-18
      107        32       0.0           0.0           0.0          -1.111111E-07 -1.111111E-07  3.333333E-08 -5.955700E-20 -1.910551E-18
      106        33       0.0           0.0           0.0          -1.111111E-07 -1.111111E-07  3.333333E-08  6.780839E-19  3.948613E-18
      108        34       0.0           0.0           0.0          -1.111111E-07 -1.111111E-07  3.333333E-08  8.470329E-19  1.769186E-18
      101        36       0.0           0.0           0.0          -1.111111E-07 -1.111111E-07  3.333333E-08  1.493888E-18 -2.663246E-18



                                 F O R C E S   A T   G R I D   P O I N T S   - -   S U R F A C E     500
0                      SURFACE X-AXIS X  NORMAL(Z-AXIS)  Z        REFERENCE COORDINATE SYSTEM FOR SURFACE DEFINITION CID        0

        GRID       ELEM             NXX           NYY           NXY           MXX           MYY           MXY            QX            QY
      209        41       0.0           0.0           0.0          -1.111111E-07 -1.111111E-07  3.333333E-08 -1.985233E-20 -2.839987E-20
      202        41       0.0           0.0           0.0          -1.111111E-07 -1.111111E-07  3.333333E-08  9.705586E-21 -3.099170E-20
      214        41       0.0           0.0           0.0          -1.111111E-07 -1.111111E-07  3.333333E-08 -4.043994E-21 -2.281640E-20
      201        42       0.0           0.0           0.0          -1.111111E-07 -1.111111E-07  3.333333E-08 -1.433780E-20 -1.316596E-20
      212        42       0.0           0.0           0.0          -1.111111E-07 -1.111111E-07  3.333333E-08  4.328527E-19 -2.013832E-19
      210        43       0.0           0.0           0.0          -1.111111E-07 -1.111111E-07  3.333333E-08  3.816510E-19  1.214661E-19
      213        44       0.0           0.0           0.0          -1.111111E-07 -1.111111E-07  3.333333E-08  5.012715E-19 -3.776309E-20
      208        45       0.0           0.0           0.0          -1.111111E-07 -1.111111E-07  3.333333E-08  2.005086E-19  3.293282E-19
      211        45       0.0           0.0           0.0          -1.111111E-07 -1.111111E-07  3.333333E-08  1.985233E-19 -4.411630E-20
      207        49       0.0           0.0           0.0          -1.111111E-07 -1.111111E-07  3.333333E-08  2.169051E-19 -4.392023E-19



 OUTPUT FOR SUBCASE        2
 SAP2000 PROBLEM 2-001-THICK                                                                                                                                                                                                                                     
 LC2_BENDING                                                                                                                                                                                                                                                     

                                                       E L E M E N T   E N G I N E E R I N G   F O R C E S
                                                           F O R   E L E M E N T   T Y P E   T R I A 6  
  Element Location               N o r m a l   F o r c e s                       M o m e n t s                   T r a n s v e r s e
     ID                                                                                                        S h e a r   F o r c e s
                              Nxx           Nyy           Nxy           Mxx           Myy           Mxy            Qx           Qy
       51                 0.0           0.0           0.0           8.812261E-08  1.340996E-07 -2.413793E-08 -1.483437E-15 -1.380099E-15
           GRD     303    0.0           0.0           0.0           8.812261E-08  1.340996E-07 -2.413793E-08  3.998090E-15  8.189357E-15
           GRD     302    0.0           0.0           0.0           8.812261E-08  1.340996E-07 -2.413793E-08 -8.419294E-16  3.294753E-15
           GRD     304    0.0           0.0           0.0           8.812261E-08  1.340996E-07 -2.413793E-08  6.668579E-15  9.890475E-16
           GRD     321    0.0           0.0           0.0           8.812261E-08  1.340996E-07 -2.413793E-08  1.584516E-15 -4.144815E-15
           GRD     316    0.0           0.0           0.0           8.812261E-08  1.340996E-07 -2.413793E-08  2.836177E-16  5.107870E-15
           GRD     314    0.0           0.0           0.0           8.812261E-08  1.340996E-07 -2.413793E-08 -2.757939E-15 -9.690057E-16
       52                 0.0           0.0           0.0           1.158488E-07  1.063734E-07  3.299492E-08  9.486769E-16  1.397322E-15
           GRD     303    0.0           0.0           0.0           1.158488E-07  1.063734E-07  3.299492E-08  2.626487E-16 -5.565571E-15
           GRD     305    0.0           0.0           0.0           1.158488E-07  1.063734E-07  3.299492E-08 -2.552788E-15  3.923179E-16
           GRD     307    0.0           0.0           0.0           1.158488E-07  1.063734E-07  3.299492E-08  6.505213E-16 -7.923711E-15
           GRD     319    0.0           0.0           0.0           1.158488E-07  1.063734E-07  3.299492E-08 -1.161852E-15 -2.493665E-15
           GRD     318    0.0           0.0           0.0           1.158488E-07  1.063734E-07  3.299492E-08  7.408715E-16 -9.215718E-16
           GRD     324    0.0           0.0           0.0           1.158488E-07  1.063734E-07  3.299492E-08  2.160499E-15  3.198396E-15
       53                 0.0           0.0           0.0           1.111111E-07  1.111111E-07  3.333333E-08  6.414863E-16  2.962318E-15
           GRD     304    0.0           0.0           0.0           1.111111E-07  1.111111E-07  3.333333E-08 -4.716279E-15 -1.812425E-14
           GRD     306    0.0           0.0           0.0           1.111111E-07  1.111111E-07  3.333333E-08 -5.059610E-16 -2.446432E-15
           GRD     305    0.0           0.0           0.0           1.111111E-07  1.111111E-07  3.333333E-08  4.246459E-16 -5.009918E-15
           GRD     320    0.0           0.0           0.0           1.111111E-07  1.111111E-07  3.333333E-08 -2.611782E-15  2.900241E-15
           GRD     313    0.0           0.0           0.0           1.111111E-07  1.111111E-07  3.333333E-08 -1.653408E-15 -4.454264E-15
           GRD     325    0.0           0.0           0.0           1.111111E-07  1.111111E-07  3.333333E-08  4.449746E-15  1.721171E-15
       54                 0.0           0.0           0.0           9.542484E-08  1.267974E-07  2.941176E-08 -1.174552E-16 -8.131516E-16
           GRD     306    0.0           0.0           0.0           9.542484E-08  1.267974E-07  2.941176E-08  1.841106E-15  2.014809E-15
           GRD     302    0.0           0.0           0.0           9.542484E-08  1.267974E-07  2.941176E-08 -5.415335E-16  2.661337E-15
           GRD     308    0.0           0.0           0.0           9.542484E-08  1.267974E-07  2.941176E-08 -7.566828E-16 -4.788560E-16
           GRD     322    0.0           0.0           0.0           9.542484E-08  1.267974E-07  2.941176E-08  6.339976E-16 -1.933494E-15
           GRD     310    0.0           0.0           0.0           9.542484E-08  1.267974E-07  2.941176E-08 -2.010292E-16 -8.402567E-16
           GRD     317    0.0           0.0           0.0           9.542484E-08  1.267974E-07  2.941176E-08 -5.330661E-16  1.933494E-15
       55                 0.0           0.0           0.0           8.812261E-08  1.340996E-07 -2.413793E-08  8.741380E-16  4.246459E-16
           GRD     305    0.0           0.0           0.0           8.812261E-08  1.340996E-07 -2.413793E-08 -3.494441E-15 -1.188105E-15
           GRD     306    0.0           0.0           0.0           8.812261E-08  1.340996E-07 -2.413793E-08 -4.337463E-15 -1.321522E-15
           GRD     308    0.0           0.0           0.0           8.812261E-08  1.340996E-07 -2.413793E-08 -4.906015E-15 -4.636094E-16
           GRD     313    0.0           0.0           0.0           8.812261E-08  1.340996E-07 -2.413793E-08 -3.945954E-15 -2.096124E-15
           GRD     317    0.0           0.0           0.0           8.812261E-08  1.340996E-07 -2.413793E-08  1.788934E-15 -4.020583E-16
           GRD     323    0.0           0.0           0.0           8.812261E-08  1.340996E-07 -2.413793E-08  6.776264E-16  2.597568E-15
       56                 0.0           0.0           0.0           1.111111E-07  1.111111E-07 -3.333333E-08 -4.161759E-16  5.709002E-16
           GRD     301    0.0           0.0           0.0           1.111111E-07  1.111111E-07 -3.333333E-08 -2.936381E-17  1.650585E-15
           GRD     302    0.0           0.0           0.0           1.111111E-07  1.111111E-07 -3.333333E-08  7.228014E-17 -1.754452E-15
           GRD     303    0.0           0.0           0.0           1.111111E-07  1.111111E-07 -3.333333E-08  4.717691E-15 -2.500441E-15
           GRD     309    0.0           0.0           0.0           1.111111E-07  1.111111E-07 -3.333333E-08  2.258755E-17 -8.922080E-16
           GRD     321    0.0           0.0           0.0           1.111111E-07  1.111111E-07 -3.333333E-08  2.782503E-16  3.135434E-15
           GRD     315    0.0           0.0           0.0           1.111111E-07  1.111111E-07 -3.333333E-08 -4.785736E-17 -1.619386E-15
       57                 0.0           0.0           0.0           8.444444E-08  1.377778E-07  2.000000E-08 -1.992221E-15  2.258755E-15
           GRD     304    0.0           0.0           0.0           8.444444E-08  1.377778E-07  2.000000E-08  5.923331E-15 -1.448265E-15
           GRD     302    0.0           0.0           0.0           8.444444E-08  1.377778E-07  2.000000E-08  3.278271E-16  2.673355E-16
           GRD     306    0.0           0.0           0.0           8.444444E-08  1.377778E-07  2.000000E-08  6.711108E-15 -2.280890E-14
           GRD     316    0.0           0.0           0.0           8.444444E-08  1.377778E-07  2.000000E-08  3.117571E-15 -1.588356E-14
           GRD     322    0.0           0.0           0.0           8.444444E-08  1.377778E-07  2.000000E-08 -5.390615E-16  6.763303E-15
           GRD     320    0.0           0.0           0.0           8.444444E-08  1.377778E-07  2.000000E-08 -3.857953E-15  8.077306E-15
       58                 0.0           0.0           0.0           1.418803E-07  8.034188E-08 -1.282051E-08 -4.675622E-16  1.359770E-15
           GRD     305    0.0           0.0           0.0           1.418803E-07  8.034188E-08 -1.282051E-08  5.511361E-16 -2.367175E-15
           GRD     308    0.0           0.0           0.0           1.418803E-07  8.034188E-08 -1.282051E-08  3.614672E-15 -4.238813E-15
           GRD     307    0.0           0.0           0.0           1.418803E-07  8.034188E-08 -1.282051E-08 -1.535953E-16 -2.484630E-15
           GRD     323    0.0           0.0           0.0           1.418803E-07  8.034188E-08 -1.282051E-08  2.032974E-15  1.282973E-15
           GRD     311    0.0           0.0           0.0           1.418803E-07  8.034188E-08 -1.282051E-08 -1.797969E-15  1.811521E-15
           GRD     318    0.0           0.0           0.0           1.418803E-07  8.034188E-08 -1.282051E-08 -3.862470E-16 -2.466560E-15
       59                 0.0           0.0           0.0           1.377778E-07  8.444444E-08  2.000000E-08  9.690057E-16  3.614007E-16
           GRD     301    0.0           0.0           0.0           1.377778E-07  8.444444E-08  2.000000E-08  3.241679E-15  2.728575E-15
           GRD     303    0.0           0.0           0.0           1.377778E-07  8.444444E-08  2.000000E-08 -4.391483E-15 -4.313352E-15
           GRD     307    0.0           0.0           0.0           1.377778E-07  8.444444E-08  2.000000E-08 -3.885058E-15 -5.475221E-15
           GRD     315    0.0           0.0           0.0           1.377778E-07  8.444444E-08  2.000000E-08 -5.778120E-16 -3.812778E-15
           GRD     324    0.0           0.0           0.0           1.377778E-07  8.444444E-08  2.000000E-08  2.502700E-15  5.673991E-15
           GRD     312    0.0           0.0           0.0           1.377778E-07  8.444444E-08  2.000000E-08 -9.848170E-16 -2.710505E-15
       60                 0.0           0.0           0.0           1.418803E-07  8.034188E-08 -1.282051E-08  2.343458E-15  2.100642E-16
           GRD     303    0.0           0.0           0.0           1.418803E-07  8.034188E-08 -1.282051E-08 -2.201948E-15  2.647260E-15
           GRD     304    0.0           0.0           0.0           1.418803E-07  8.034188E-08 -1.282051E-08 -7.505841E-15  2.853894E-15
           GRD     305    0.0           0.0           0.0           1.418803E-07  8.034188E-08 -1.282051E-08 -1.315047E-14 -3.376838E-15
           GRD     314    0.0           0.0           0.0           1.418803E-07  8.034188E-08 -1.282051E-08 -4.869875E-15 -4.770490E-15
           GRD     325    0.0           0.0           0.0           1.418803E-07  8.034188E-08 -1.282051E-08  6.685913E-15  1.864602E-15
           GRD     319    0.0           0.0           0.0           1.418803E-07  8.034188E-08 -1.282051E-08 -2.211321E-15  3.851176E-15
                          ------------- ------------- ------------- ------------- ------------- ------------- ------------- -------------
                MAX* :    0.000000E+00  0.000000E+00  0.000000E+00  1.418803E-07  1.377778E-07  3.333333E-08  6.711108E-15  8.189357E-15
                MIN* :    0.000000E+00  0.000000E+00  0.000000E+00  8.444444E-08  8.034188E-08 -3.333333E-08 -1.315047E-14 -2.280890E-14

                ABS* :    0.000000E+00  0.000000E+00  0.000000E+00  1.418803E-07  1.377778E-07  3.333333E-08  1.315047E-14  2.280890E-14
                *for output set


                                 F O R C E S   A T   G R I D   P O I N T S   - -   S U R F A C E     600
0                      SURFACE X-AXIS X  NORMAL(Z-AXIS)  Z        REFERENCE COORDINATE SYSTEM FOR SURFACE DEFINITION CID        0

        GRID       ELEM             NXX           NYY           NXY           MXX           MYY           MXY            QX            QY
      303        51       0.0           0.0           0.0           1.111111E-07  1.111111E-07  3.333333E-08 -2.777447E-15 -1.058142E-15
      302        51       0.0           0.0           0.0           1.111111E-07  1.111111E-07  3.333333E-08 -4.845657E-16 -1.617926E-15
      304        51       0.0           0.0           0.0           1.111111E-07  1.111111E-07  3.333333E-08 -4.989741E-15 -2.773008E-15
      321        51       0.0           0.0           0.0           1.111111E-07  1.111111E-07  3.333333E-08  5.190365E-16  1.839554E-15
      316        51       0.0           0.0           0.0           1.111111E-07  1.111111E-07  3.333333E-08 -1.793613E-15  4.111181E-15
      314        51       0.0           0.0           0.0           1.111111E-07  1.111111E-07  3.333333E-08  1.559525E-15 -4.699341E-15
      305        52       0.0           0.0           0.0           1.111111E-07  1.111111E-07  3.333333E-08 -6.468742E-16 -4.901467E-15
      307        52       0.0           0.0           0.0           1.111111E-07  1.111111E-07  3.333333E-08  9.029451E-16 -4.785971E-15
      319        52       0.0           0.0           0.0           1.111111E-07  1.111111E-07  3.333333E-08 -3.137333E-15 -7.785909E-16
      318        52       0.0           0.0           0.0           1.111111E-07  1.111111E-07  3.333333E-08  1.424690E-15 -1.360325E-15
      324        52       0.0           0.0           0.0           1.111111E-07  1.111111E-07  3.333333E-08  8.140644E-16  4.769206E-15
      306        53       0.0           0.0           0.0           1.111111E-07  1.111111E-07  3.333333E-08  1.478302E-16  1.557802E-15
      320        53       0.0           0.0           0.0           1.111111E-07  1.111111E-07  3.333333E-08 -1.522823E-15 -2.366485E-15
      313        53       0.0           0.0           0.0           1.111111E-07  1.111111E-07  3.333333E-08  1.109374E-15 -3.598435E-15
      325        53       0.0           0.0           0.0           1.111111E-07  1.111111E-07  3.333333E-08  2.921405E-15  4.971931E-15
      308        54       0.0           0.0           0.0           1.111111E-07  1.111111E-07  3.333333E-08  2.722424E-15 -6.303089E-16
      322        54       0.0           0.0           0.0           1.111111E-07  1.111111E-07  3.333333E-08 -7.452176E-16 -5.044080E-17
      310        54       0.0           0.0           0.0           1.111111E-07  1.111111E-07  3.333333E-08  3.988191E-16  7.664120E-16
      317        54       0.0           0.0           0.0           1.111111E-07  1.111111E-07  3.333333E-08 -6.489123E-17 -7.332668E-16
      323        55       0.0           0.0           0.0           1.111111E-07  1.111111E-07  3.333333E-08 -1.029262E-15  1.307700E-15
      301        56       0.0           0.0           0.0           1.111111E-07  1.111111E-07  3.333333E-08  1.430263E-17  1.930436E-15
      309        56       0.0           0.0           0.0           1.111111E-07  1.111111E-07  3.333333E-08  8.922080E-16  2.258755E-17
      315        56       0.0           0.0           0.0           1.111111E-07  1.111111E-07  3.333333E-08  1.403851E-15 -1.858257E-15
      311        58       0.0           0.0           0.0           1.111111E-07  1.111111E-07  3.333333E-08 -2.504610E-15 -4.911492E-16
      312        59       0.0           0.0           0.0           1.111111E-07  1.111111E-07  3.333333E-08  3.313278E-16 -2.864773E-15



 OUTPUT FOR SUBCASE        2
 SAP2000 PROBLEM 2-001-THICK                                                                                                                                                                                                                                     
 LC2_BENDING                                                                                                                                                                                                                                                     

                                          E L E M E N T   S T R E S S E S   I N   L O C A L   E L E M E N T   C O O R D I N A T E   S Y S T E M
                                                                       F O R   E L E M E N T   T Y P E   Q U A D 4  
    Elem  Location       Stress      Stresses In Reported Coord System    Principal Stresses (Zero Shear)               Transverse   Transverse   % Poly
     ID                Distance     Normal-X     Normal-Y     Shear-XY     Angle     Major        Minor      von Mises    Shear-XZ     Shear-YZ    Fit Err
                                                                                                                         (max through thickness)

        1  CENTER      -5.000E-04  5.87883E-01  7.45451E-01 -1.83829E-01  -56.60  8.66667E-01  4.66667E-01  7.51295E-01 -1.29646E-18  2.66108E-19
                        5.000E-04 -5.87883E-01 -7.45451E-01  1.83829E-01   33.40 -4.66667E-01 -8.66667E-01  7.51295E-01

           GRD       1 -5.000E-04  5.87883E-01  7.45451E-01 -1.83829E-01  -56.60  8.66667E-01  4.66667E-01  7.51295E-01 -4.17613E-18  2.41334E-18 -1.4E+02(7)
                        5.000E-04 -5.87883E-01 -7.45451E-01  1.83829E-01   33.40 -4.66667E-01 -8.66667E-01  7.51295E-01

           GRD       2 -5.000E-04  5.87883E-01  7.45451E-01 -1.83829E-01  -56.60  8.66667E-01  4.66667E-01  7.51295E-01 -7.33363E-18  8.05561E-18  1.4E+02(7)
                        5.000E-04 -5.87883E-01 -7.45451E-01  1.83829E-01   33.40 -4.66667E-01 -8.66667E-01  7.51295E-01

           GRD       4 -5.000E-04  5.87883E-01  7.45451E-01 -1.83829E-01  -56.60  8.66667E-01  4.66667E-01  7.51295E-01  2.60024E-18 -2.52415E-18 -1.4E+02(7)
                        5.000E-04 -5.87883E-01 -7.45451E-01  1.83829E-01   33.40 -4.66667E-01 -8.66667E-01  7.51295E-01

           GRD       3 -5.000E-04  5.87883E-01  7.45451E-01 -1.83829E-01  -56.60  8.66667E-01  4.66667E-01  7.51295E-01 -2.61693E-19 -9.95786E-19  1.4E+02(7)
                        5.000E-04 -5.87883E-01 -7.45451E-01  1.83829E-01   33.40 -4.66667E-01 -8.66667E-01  7.51295E-01

        2  CENTER      -5.000E-04  6.53580E-01  6.79753E-01  1.99571E-01   46.88  8.66667E-01  4.66667E-01  7.51295E-01 -3.16544E-18  1.57867E-17
                        5.000E-04 -6.53580E-01 -6.79753E-01 -1.99571E-01  -43.12 -4.66667E-01 -8.66667E-01  7.51295E-01

           GRD       7 -5.000E-04  6.53580E-01  6.79753E-01  1.99571E-01   46.88  8.66667E-01  4.66667E-01  7.51295E-01 -2.92664E-18  4.26096E-17 -5.0E+01(7)
                        5.000E-04 -6.53580E-01 -6.79753E-01 -1.99571E-01  -43.12 -4.66667E-01 -8.66667E-01  7.51295E-01

           GRD       1 -5.000E-04  6.53580E-01  6.79753E-01  1.99571E-01   46.88  8.66667E-01  4.66667E-01  7.51295E-01  4.57969E-19 -2.28274E-17  5.0E+01(7)
                        5.000E-04 -6.53580E-01 -6.79753E-01 -1.99571E-01  -43.12 -4.66667E-01 -8.66667E-01  7.51295E-01

           GRD       3 -5.000E-04  6.53580E-01  6.79753E-01  1.99571E-01   46.88  8.66667E-01  4.66667E-01  7.51295E-01 -1.14977E-19 -1.29147E-17 -5.0E+01(7)
                        5.000E-04 -6.53580E-01 -6.79753E-01 -1.99571E-01  -43.12 -4.66667E-01 -8.66667E-01  7.51295E-01

           GRD       5 -5.000E-04  6.53580E-01  6.79753E-01  1.99571E-01   46.88  8.66667E-01  4.66667E-01  7.51295E-01 -2.09375E-18  2.47602E-17  5.0E+01(7)
                        5.000E-04 -6.53580E-01 -6.79753E-01 -1.99571E-01  -43.12 -4.66667E-01 -8.66667E-01  7.51295E-01

        3  CENTER      -5.000E-04  6.66667E-01  6.66667E-01  2.00000E-01   45.00  8.66667E-01  4.66667E-01  7.51295E-01  2.61389E-17  3.30872E-18
                        5.000E-04 -6.66667E-01 -6.66667E-01 -2.00000E-01  -45.00 -4.66667E-01 -8.66667E-01  7.51295E-01

           GRD       4 -5.000E-04  6.66667E-01  6.66667E-01  2.00000E-01   45.00  8.66667E-01  4.66667E-01  7.51295E-01  1.97117E-17 -2.08284E-17  3.8E+01(8)
                        5.000E-04 -6.66667E-01 -6.66667E-01 -2.00000E-01  -45.00 -4.66667E-01 -8.66667E-01  7.51295E-01

           GRD       6 -5.000E-04  6.66667E-01  6.66667E-01  2.00000E-01   45.00  8.66667E-01  4.66667E-01  7.51295E-01  1.72219E-17 -3.39309E-17 -3.8E+01(8)
                        5.000E-04 -6.66667E-01 -6.66667E-01 -2.00000E-01  -45.00 -4.66667E-01 -8.66667E-01  7.51295E-01

           GRD       5 -5.000E-04  6.66667E-01  6.66667E-01  2.00000E-01   45.00  8.66667E-01  4.66667E-01  7.51295E-01  1.83469E-17 -1.38801E-17  3.8E+01(8)
                        5.000E-04 -6.66667E-01 -6.66667E-01 -2.00000E-01  -45.00 -4.66667E-01 -8.66667E-01  7.51295E-01

           GRD       3 -5.000E-04  6.66667E-01  6.66667E-01  2.00000E-01   45.00  8.66667E-01  4.66667E-01  7.51295E-01  2.30535E-17  1.37147E-17 -3.8E+01(8)
                        5.000E-04 -6.66667E-01 -6.66667E-01 -2.00000E-01  -45.00 -4.66667E-01 -8.66667E-01  7.51295E-01

        4  CENTER      -5.000E-04  6.66667E-01  6.66667E-01  2.00000E-01   45.00  8.66667E-01  4.66667E-01  7.51295E-01  1.32349E-17 -7.94093E-18
                        5.000E-04 -6.66667E-01 -6.66667E-01 -2.00000E-01  -45.00 -4.66667E-01 -8.66667E-01  7.51295E-01

           GRD       2 -5.000E-04  6.66667E-01  6.66667E-01  2.00000E-01   45.00  8.66667E-01  4.66667E-01  7.51295E-01  1.79085E-17 -2.35746E-17 -3.2E+02(7)
                        5.000E-04 -6.66667E-01 -6.66667E-01 -2.00000E-01  -45.00 -4.66667E-01 -8.66667E-01  7.51295E-01

           GRD       8 -5.000E-04  6.66667E-01  6.66667E-01  2.00000E-01   45.00  8.66667E-01  4.66667E-01  7.51295E-01  1.71640E-17 -1.02488E-16  3.2E+02(7)
                        5.000E-04 -6.66667E-01 -6.66667E-01 -2.00000E-01  -45.00 -4.66667E-01 -8.66667E-01  7.51295E-01

           GRD       6 -5.000E-04  6.66667E-01  6.66667E-01  2.00000E-01   45.00  8.66667E-01  4.66667E-01  7.51295E-01  1.14565E-17  2.90340E-17 -3.2E+02(7)
                        5.000E-04 -6.66667E-01 -6.66667E-01 -2.00000E-01  -45.00 -4.66667E-01 -8.66667E-01  7.51295E-01

           GRD       4 -5.000E-04  6.66667E-01  6.66667E-01  2.00000E-01   45.00  8.66667E-01  4.66667E-01  7.51295E-01  1.17046E-17  5.53384E-17  3.2E+02(7)
                        5.000E-04 -6.66667E-01 -6.66667E-01 -2.00000E-01  -45.00 -4.66667E-01 -8.66667E-01  7.51295E-01

        5  CENTER      -5.000E-04  7.05890E-01  6.27443E-01 -1.96116E-01  -39.35  8.66667E-01  4.66667E-01  7.51295E-01 -1.68934E-17 -4.00021E-18
                        5.000E-04 -7.05890E-01 -6.27443E-01  1.96116E-01   50.65 -4.66667E-01 -8.66667E-01  7.51295E-01

           GRD       8 -5.000E-04  7.05890E-01  6.27443E-01 -1.96116E-01  -39.35  8.66667E-01  4.66667E-01  7.51295E-01  3.04719E-17 -1.02324E-17 -3.5E+02(7)
                        5.000E-04 -7.05890E-01 -6.27443E-01  1.96116E-01   50.65 -4.66667E-01 -8.66667E-01  7.51295E-01

           GRD       7 -5.000E-04  7.05890E-01  6.27443E-01 -1.96116E-01  -39.35  8.66667E-01  4.66667E-01  7.51295E-01  6.03780E-18 -5.96328E-17  3.5E+02(7)
                        5.000E-04 -7.05890E-01 -6.27443E-01  1.96116E-01   50.65 -4.66667E-01 -8.66667E-01  7.51295E-01

           GRD       5 -5.000E-04  7.05890E-01  6.27443E-01 -1.96116E-01  -39.35  8.66667E-01  4.66667E-01  7.51295E-01 -1.32449E-17 -2.20423E-17 -3.5E+02(7)
                        5.000E-04 -7.05890E-01 -6.27443E-01  1.96116E-01   50.65 -4.66667E-01 -8.66667E-01  7.51295E-01

           GRD       6 -5.000E-04  7.05890E-01  6.27443E-01 -1.96116E-01  -39.35  8.66667E-01  4.66667E-01  7.51295E-01 -1.15278E-17  6.95466E-18  3.5E+02(7)
                        5.000E-04 -7.05890E-01 -6.27443E-01  1.96116E-01   50.65 -4.66667E-01 -8.66667E-01  7.51295E-01

       11  CENTER      -5.000E-04  7.12475E-01  6.20859E-01 -1.94683E-01  -38.38  8.66667E-01  4.66667E-01  7.51295E-01 -8.43786E-18  6.69224E-18
                        5.000E-04 -7.12475E-01 -6.20859E-01  1.94683E-01   51.62 -4.66667E-01 -8.66667E-01  7.51295E-01

           GRD     401 -5.000E-04  7.12475E-01  6.20859E-01 -1.94683E-01  -38.38  8.66667E-01  4.66667E-01  7.51295E-01 -6.79758E-18  1.15729E-17 -2.7E+01(8)
                        5.000E-04 -7.12475E-01 -6.20859E-01  1.94683E-01   51.62 -4.66667E-01 -8.66667E-01  7.51295E-01

           GRD     409 -5.000E-04  7.12475E-01  6.20859E-01 -1.94683E-01  -38.38  8.66667E-01  4.66667E-01  7.51295E-01 -9.78652E-18  1.79536E-17  2.7E+01(8)
                        5.000E-04 -7.12475E-01 -6.20859E-01  1.94683E-01   51.62 -4.66667E-01 -8.66667E-01  7.51295E-01

           GRD     414 -5.000E-04  7.12475E-01  6.20859E-01 -1.94683E-01  -38.38  8.66667E-01  4.66667E-01  7.51295E-01 -1.02105E-17  6.53952E-18 -2.7E+01(8)
                        5.000E-04 -7.12475E-01 -6.20859E-01  1.94683E-01   51.62 -4.66667E-01 -8.66667E-01  7.51295E-01

           GRD     412 -5.000E-04  7.12475E-01  6.20859E-01 -1.94683E-01  -38.38  8.66667E-01  4.66667E-01  7.51295E-01 -8.64189E-18 -9.12833E-18  2.7E+01(8)
                        5.000E-04 -7.12475E-01 -6.20859E-01  1.94683E-01   51.62 -4.66667E-01 -8.66667E-01  7.51295E-01

       12  CENTER      -5.000E-04  5.89055E-01  7.44278E-01 -1.84327E-01  -56.42  8.66667E-01  4.66667E-01  7.51295E-01 -7.78759E-18  8.23927E-18
                        5.000E-04 -5.89055E-01 -7.44278E-01  1.84327E-01   33.58 -4.66667E-01 -8.66667E-01  7.51295E-01

           GRD     409 -5.000E-04  5.89055E-01  7.44278E-01 -1.84327E-01  -56.42  8.66667E-01  4.66667E-01  7.51295E-01 -7.24975E-18  8.60429E-18 -3.1E+01(8)
                        5.000E-04 -5.89055E-01 -7.44278E-01  1.84327E-01   33.58 -4.66667E-01 -8.66667E-01  7.51295E-01

           GRD     402 -5.000E-04  5.89055E-01  7.44278E-01 -1.84327E-01  -56.42  8.66667E-01  4.66667E-01  7.51295E-01 -3.44292E-17 -1.87535E-18  3.1E+01(8)
                        5.000E-04 -5.89055E-01 -7.44278E-01  1.84327E-01   33.58 -4.66667E-01 -8.66667E-01  7.51295E-01

           GRD     410 -5.000E-04  5.89055E-01  7.44278E-01 -1.84327E-01  -56.42  8.66667E-01  4.66667E-01  7.51295E-01 -1.05446E-17  9.83928E-18 -3.1E+01(8)
                        5.000E-04 -5.89055E-01 -7.44278E-01  1.84327E-01   33.58 -4.66667E-01 -8.66667E-01  7.51295E-01

           GRD     414 -5.000E-04  5.89055E-01  7.44278E-01 -1.84327E-01  -56.42  8.66667E-01  4.66667E-01  7.51295E-01  9.22244E-18  1.62082E-17  3.1E+01(8)
                        5.000E-04 -5.89055E-01 -7.44278E-01  1.84327E-01   33.58 -4.66667E-01 -8.66667E-01  7.51295E-01

       13  CENTER      -5.000E-04  8.66460E-01  4.66873E-01  9.08153E-03    1.30  8.66667E-01  4.66667E-01  7.51295E-01  9.21249E-18 -3.76911E-18
                        5.000E-04 -8.66460E-01 -4.66873E-01 -9.08153E-03  -88.70 -4.66667E-01 -8.66667E-01  7.51295E-01

           GRD     412 -5.000E-04  8.66460E-01  4.66873E-01  9.08153E-03    1.30  8.66667E-01  4.66667E-01  7.51295E-01  1.05140E-17  7.06936E-18 -1.5E+02(8)
                        5.000E-04 -8.66460E-01 -4.66873E-01 -9.08153E-03  -88.70 -4.66667E-01 -8.66667E-01  7.51295E-01

           GRD     414 -5.000E-04  8.66460E-01  4.66873E-01  9.08153E-03    1.30  8.66667E-01  4.66667E-01  7.51295E-01  1.05891E-17  6.57377E-18  1.5E+02(8)
                        5.000E-04 -8.66460E-01 -4.66873E-01 -9.08153E-03  -88.70 -4.66667E-01 -8.66667E-01  7.51295E-01

           GRD     410 -5.000E-04  8.66460E-01  4.66873E-01  9.08153E-03    1.30  8.66667E-01  4.66667E-01  7.51295E-01  6.73018E-18 -1.17969E-17 -1.5E+02(8)
                        5.000E-04 -8.66460E-01 -4.66873E-01 -9.08153E-03  -88.70 -4.66667E-01 -8.66667E-01  7.51295E-01

           GRD     413 -5.000E-04  8.66460E-01  4.66873E-01  9.08153E-03    1.30  8.66667E-01  4.66667E-01  7.51295E-01  7.40336E-18 -7.71546E-18  1.5E+02(8)
                        5.000E-04 -8.66460E-01 -4.66873E-01 -9.08153E-03  -88.70 -4.66667E-01 -8.66667E-01  7.51295E-01

       14  CENTER      -5.000E-04  7.22846E-01  6.10487E-01 -1.91947E-01  -36.84  8.66667E-01  4.66667E-01  7.51295E-01  1.23352E-17 -1.14350E-17
                        5.000E-04 -7.22846E-01 -6.10487E-01  1.91947E-01   53.16 -4.66667E-01 -8.66667E-01  7.51295E-01

           GRD     413 -5.000E-04  7.22846E-01  6.10487E-01 -1.91947E-01  -36.84  8.66667E-01  4.66667E-01  7.51295E-01  2.38189E-17 -3.19129E-17 -1.7E+01(7)
                        5.000E-04 -7.22846E-01 -6.10487E-01  1.91947E-01   53.16 -4.66667E-01 -8.66667E-01  7.51295E-01

           GRD     410 -5.000E-04  7.22846E-01  6.10487E-01 -1.91947E-01  -36.84  8.66667E-01  4.66667E-01  7.51295E-01  2.31550E-17  3.52937E-19  1.7E+01(7)
                        5.000E-04 -7.22846E-01 -6.10487E-01  1.91947E-01   53.16 -4.66667E-01 -8.66667E-01  7.51295E-01

           GRD     408 -5.000E-04  7.22846E-01  6.10487E-01 -1.91947E-01  -36.84  8.66667E-01  4.66667E-01  7.51295E-01 -2.75674E-18  6.58189E-18 -1.7E+01(7)
                        5.000E-04 -7.22846E-01 -6.10487E-01  1.91947E-01   53.16 -4.66667E-01 -8.66667E-01  7.51295E-01

           GRD     411 -5.000E-04  7.22846E-01  6.10487E-01 -1.91947E-01  -36.84  8.66667E-01  4.66667E-01  7.51295E-01  7.82215E-18 -2.55977E-17  1.7E+01(7)
                        5.000E-04 -7.22846E-01 -6.10487E-01  1.91947E-01   53.16 -4.66667E-01 -8.66667E-01  7.51295E-01

       15  CENTER      -5.000E-04  6.26478E-01  7.06855E-01 -1.95921E-01  -50.80  8.66667E-01  4.66667E-01  7.51295E-01 -6.52719E-17  1.22410E-17
                        5.000E-04 -6.26478E-01 -7.06855E-01  1.95921E-01   39.20 -4.66667E-01 -8.66667E-01  7.51295E-01

           GRD     412 -5.000E-04  6.26478E-01  7.06855E-01 -1.95921E-01  -50.80  8.66667E-01  4.66667E-01  7.51295E-01 -3.71399E-17  1.28062E-17  2.6E+01(8)
                        5.000E-04 -6.26478E-01 -7.06855E-01  1.95921E-01   39.20 -4.66667E-01 -8.66667E-01  7.51295E-01

           GRD     413 -5.000E-04  6.26478E-01  7.06855E-01 -1.95921E-01  -50.80  8.66667E-01  4.66667E-01  7.51295E-01 -6.37619E-17  1.86532E-17 -2.6E+01(8)
                        5.000E-04 -6.26478E-01 -7.06855E-01  1.95921E-01   39.20 -4.66667E-01 -8.66667E-01  7.51295E-01

           GRD     411 -5.000E-04  6.26478E-01  7.06855E-01 -1.95921E-01  -50.80  8.66667E-01  4.66667E-01  7.51295E-01 -7.95306E-17  1.78418E-17  2.6E+01(8)
                        5.000E-04 -6.26478E-01 -7.06855E-01  1.95921E-01   39.20 -4.66667E-01 -8.66667E-01  7.51295E-01

           GRD     407 -5.000E-04  6.26478E-01  7.06855E-01 -1.95921E-01  -50.80  8.66667E-01  4.66667E-01  7.51295E-01 -6.16122E-17  1.03441E-17 -2.6E+01(8)
                        5.000E-04 -6.26478E-01 -7.06855E-01  1.95921E-01   39.20 -4.66667E-01 -8.66667E-01  7.51295E-01
                                  ------------ ------------ ------------         ------------ ------------ ------------ ------------ ------------ --------
 MAX* :                            6.66667E-01  6.66667E-01  2.00000E-01          8.66667E-01  4.66667E-01  7.51295E-01  3.49696E-17  8.09258E-17  0.3E+03
 MIN* :                           -6.66667E-01 -6.66667E-01 -2.00000E-01         -4.66667E-01 -8.66667E-01  7.51295E-01 -5.99375E-17 -1.02488E-16 -0.3E+03

 ABS* :                            6.66667E-01  6.66667E-01  2.00000E-01          8.66667E-01  8.66667E-01  7.51295E-01  5.99375E-17  1.02488E-16  0.3E+03
 *for output set
 NOTE: Explanation of errors in the polynomial fit to extrapolate element corner point stresses from values at the Gauss points:
       (7): Polynomial fit error is in XZ shear   stress
       (8): Polynomial fit error is in YZ shear   stress

 SAP2000 PROBLEM 2-001-THICK                                                                                                     

0                                                                                                          SUBCASE        2
                                  S T R E S S E S   A T   G R I D   P O I N T S   - -     S U R F A C E     100
0                       SURFACE X-AXIS X  NORMAL(Z-AXIS)  Z         REFERENCE COORDINATE SYSTEM FOR SURFACE DEFINITION CID        0
     GRID      ELEMENT            STRESSES IN SURFACE SYSTEM           PRINCIPAL STRESSES            MAX
     ID          ID    FIBER   NORMAL-X   NORMAL-Y   SHEAR-XY     ANGLE      MAJOR      MINOR      SHEAR     VON MISES
        1        0     Z1       6.666667E-01  6.666667E-01  2.000000E-01  45.0000   8.666667E-01  4.666667E-01  2.000000E-01  7.512952E-01
                       Z2      -6.666667E-01 -6.666667E-01 -2.000000E-01 -45.0000  -4.666667E-01 -8.666667E-01  2.000000E-01  7.512952E-01
                       MID      0.0           0.0           0.0            0.0000   0.0           0.0           0.0           0.0
        2        0     Z1       6.666667E-01  6.666667E-01  2.000000E-01  45.0000   8.666667E-01  4.666667E-01  2.000000E-01  7.512952E-01
                       Z2      -6.666667E-01 -6.666667E-01 -2.000000E-01 -45.0000  -4.666667E-01 -8.666667E-01  2.000000E-01  7.512952E-01
                       MID      0.0           0.0           0.0            0.0000   0.0           0.0           0.0           0.0
        4        0     Z1       6.666667E-01  6.666667E-01  2.000000E-01  45.0000   8.666667E-01  4.666667E-01  2.000000E-01  7.512952E-01
                       Z2      -6.666667E-01 -6.666667E-01 -2.000000E-01 -45.0000  -4.666667E-01 -8.666667E-01  2.000000E-01  7.512952E-01
                       MID      0.0           0.0           0.0            0.0000   0.0           0.0           0.0           0.0
        3        0     Z1       6.666667E-01  6.666667E-01  2.000000E-01  45.0000   8.666667E-01  4.666667E-01  2.000000E-01  7.512952E-01
                       Z2      -6.666667E-01 -6.666667E-01 -2.000000E-01 -45.0000  -4.666667E-01 -8.666667E-01  2.000000E-01  7.512952E-01
                       MID      0.0           0.0           0.0            0.0000   0.0           0.0           0.0           0.0
        7        0     Z1       6.666667E-01  6.666667E-01  2.000000E-01  45.0000   8.666667E-01  4.666667E-01  2.000000E-01  7.512952E-01
                       Z2      -6.666667E-01 -6.666667E-01 -2.000000E-01 -45.0000  -4.666667E-01 -8.666667E-01  2.000000E-01  7.512952E-01
                       MID      0.0           0.0           0.0            0.0000   0.0           0.0           0.0           0.0
        5        0     Z1       6.666667E-01  6.666667E-01  2.000000E-01  45.0000   8.666667E-01  4.666667E-01  2.000000E-01  7.512952E-01
                       Z2      -6.666667E-01 -6.666667E-01 -2.000000E-01 -45.0000  -4.666667E-01 -8.666667E-01  2.000000E-01  7.512952E-01
                       MID      0.0           0.0           0.0            0.0000   0.0           0.0           0.0           0.0
        6        0     Z1       6.666667E-01  6.666667E-01  2.000000E-01  45.0000   8.666667E-01  4.666667E-01  2.000000E-01  7.512952E-01
                       Z2      -6.666667E-01 -6.666667E-01 -2.000000E-01 -45.0000  -4.666667E-01 -8.666667E-01  2.000000E-01  7.512952E-01
                       MID      0.0           0.0           0.0            0.0000   0.0           0.0           0.0           0.0
        8        0     Z1       6.666667E-01  6.666667E-01  2.000000E-01  45.0000   8.666667E-01  4.666667E-01  2.000000E-01  7.512952E-01
                       Z2      -6.666667E-01 -6.666667E-01 -2.000000E-01 -45.0000  -4.666667E-01 -8.666667E-01  2.000000E-01  7.512952E-01
                       MID      0.0           0.0           0.0            0.0000   0.0           0.0           0.0           0.0

 SAP2000 PROBLEM 2-001-THICK                                                                                                     

0                                                                                                          SUBCASE        2
                                  S T R E S S E S   A T   G R I D   P O I N T S   - -     S U R F A C E     200
0                       SURFACE X-AXIS X  NORMAL(Z-AXIS)  Z         REFERENCE COORDINATE SYSTEM FOR SURFACE DEFINITION CID        0
     GRID      ELEMENT            STRESSES IN SURFACE SYSTEM           PRINCIPAL STRESSES            MAX
     ID          ID    FIBER   NORMAL-X   NORMAL-Y   SHEAR-XY     ANGLE      MAJOR      MINOR      SHEAR     VON MISES
      401        0     Z1       6.666667E-01  6.666667E-01  2.000000E-01  45.0000   8.666667E-01  4.666667E-01  2.000000E-01  7.512952E-01
                       Z2      -6.666667E-01 -6.666667E-01 -2.000000E-01 -45.0000  -4.666667E-01 -8.666667E-01  2.000000E-01  7.512952E-01
                       MID      0.0           0.0           0.0            0.0000   0.0           0.0           0.0           0.0
      409        0     Z1       6.666667E-01  6.666667E-01  2.000000E-01  45.0000   8.666667E-01  4.666667E-01  2.000000E-01  7.512952E-01
                       Z2      -6.666667E-01 -6.666667E-01 -2.000000E-01 -45.0000  -4.666667E-01 -8.666667E-01  2.000000E-01  7.512952E-01
                       MID      0.0           0.0           0.0            0.0000   0.0           0.0           0.0           0.0
      414        0     Z1       6.666667E-01  6.666667E-01  2.000000E-01  45.0000   8.666667E-01  4.666667E-01  2.000000E-01  7.512952E-01
                       Z2      -6.666667E-01 -6.666667E-01 -2.000000E-01 -45.0000  -4.666667E-01 -8.666667E-01  2.000000E-01  7.512952E-01
                       MID      0.0           0.0           0.0            0.0000   0.0           0.0           0.0           0.0
      412        0     Z1       6.666667E-01  6.666667E-01  2.000000E-01  45.0000   8.666667E-01  4.666667E-01  2.000000E-01  7.512952E-01
                       Z2      -6.666667E-01 -6.666667E-01 -2.000000E-01 -45.0000  -4.666667E-01 -8.666667E-01  2.000000E-01  7.512952E-01
                       MID      0.0           0.0           0.0            0.0000   0.0           0.0           0.0           0.0
      402        0     Z1       6.666667E-01  6.666667E-01  2.000000E-01  45.0000   8.666667E-01  4.666667E-01  2.000000E-01  7.512952E-01
                       Z2      -6.666667E-01 -6.666667E-01 -2.000000E-01 -45.0000  -4.666667E-01 -8.666667E-01  2.000000E-01  7.512952E-01
                       MID      0.0           0.0           0.0            0.0000   0.0           0.0           0.0           0.0
      410        0     Z1       6.666667E-01  6.666667E-01  2.000000E-01  45.0000   8.666667E-01  4.666667E-01  2.000000E-01  7.512952E-01
                       Z2      -6.666667E-01 -6.666667E-01 -2.000000E-01 -45.0000  -4.666667E-01 -8.666667E-01  2.000000E-01  7.512952E-01
                       MID      0.0           0.0           0.0            0.0000   0.0           0.0           0.0           0.0
      413        0     Z1       6.666667E-01  6.666667E-01  2.000000E-01  45.0000   8.666667E-01  4.666667E-01  2.000000E-01  7.512952E-01
                       Z2      -6.666667E-01 -6.666667E-01 -2.000000E-01 -45.0000  -4.666667E-01 -8.666667E-01  2.000000E-01  7.512952E-01
                       MID      0.0           0.0           0.0            0.0000   0.0           0.0           0.0           0.0
      408        0     Z1       6.666667E-01  6.666667E-01  2.000000E-01  45.0000   8.666667E-01  4.666667E-01  2.000000E-01  7.512952E-01
                       Z2      -6.666667E-01 -6.666667E-01 -2.000000E-01 -45.0000  -4.666667E-01 -8.666667E-01  2.000000E-01  7.512952E-01
                       MID      0.0           0.0           0.0            0.0000   0.0           0.0           0.0           0.0
      411        0     Z1       6.666667E-01  6.666667E-01  2.000000E-01  45.0000   8.666667E-01  4.666667E-01  2.000000E-01  7.512952E-01
                       Z2      -6.666667E-01 -6.666667E-01 -2.000000E-01 -45.0000  -4.666667E-01 -8.666667E-01  2.000000E-01  7.512952E-01
                       MID      0.0           0.0           0.0            0.0000   0.0           0.0           0.0           0.0
      407        0     Z1       6.666667E-01  6.666667E-01  2.000000E-01  45.0000   8.666667E-01  4.666667E-01  2.000000E-01  7.512952E-01
                       Z2      -6.666667E-01 -6.666667E-01 -2.000000E-01 -45.0000  -4.666667E-01 -8.666667E-01  2.000000E-01  7.512952E-01
                       MID      0.0           0.0           0.0            0.0000   0.0           0.0           0.0           0.0


 OUTPUT FOR SUBCASE        2
 SAP2000 PROBLEM 2-001-THICK                                                                                                                                                                                                                                     
 LC2_BENDING                                                                                                                                                                                                                                                     

                                          E L E M E N T   S T R E S S E S   I N   L O C A L   E L E M E N T   C O O R D I N A T E   S Y S T E M
                                                                       F O R   E L E M E N T   T Y P E   Q U A D 8  
    Elem  Location       Stress      Stresses In Reported Coord System    Principal Stresses (Zero Shear)               Transverse   Transverse   % Poly
     ID                Distance     Normal-X     Normal-Y     Shear-XY     Angle     Major        Minor      von Mises    Shear-XZ     Shear-YZ    Fit Err
                                                                                                                         (max through thickness)

       21  CENTER      -5.000E-04  7.51373E-01  5.81961E-01 -1.81176E-01  -32.47  8.66667E-01  4.66667E-01  7.51295E-01  2.86297E-14 -4.26905E-14
                        5.000E-04 -7.51373E-01 -5.81961E-01  1.81176E-01   57.53 -4.66667E-01 -8.66667E-01  7.51295E-01

           GRD     501 -5.000E-04  7.51373E-01  5.81961E-01 -1.81176E-01  -32.47  8.66667E-01  4.66667E-01  7.51295E-01  1.64573E-13 -1.39617E-12 -1.4E+02(7)
                        5.000E-04 -7.51373E-01 -5.81961E-01  1.81176E-01   57.53 -4.66667E-01 -8.66667E-01  7.51295E-01

           GRD     502 -5.000E-04  7.51373E-01  5.81961E-01 -1.81176E-01  -32.47  8.66667E-01  4.66667E-01  7.51295E-01  8.13017E-13 -5.81020E-13  1.4E+02(7)
                        5.000E-04 -7.51373E-01 -5.81961E-01  1.81176E-01   57.53 -4.66667E-01 -8.66667E-01  7.51295E-01

           GRD     504 -5.000E-04  7.51373E-01  5.81961E-01 -1.81176E-01  -32.47  8.66667E-01  4.66667E-01  7.51295E-01 -1.53374E-12  2.90057E-12 -1.4E+02(7)
                        5.000E-04 -7.51373E-01 -5.81961E-01  1.81176E-01   57.53 -4.66667E-01 -8.66667E-01  7.51295E-01

           GRD     503 -5.000E-04  7.51373E-01  5.81961E-01 -1.81176E-01  -32.47  8.66667E-01  4.66667E-01  7.51295E-01  3.19101E-12  4.74779E-12  1.4E+02(7)
                        5.000E-04 -7.51373E-01 -5.81961E-01  1.81176E-01   57.53 -4.66667E-01 -8.66667E-01  7.51295E-01

           GRD     509 -5.000E-04  7.51373E-01  5.81961E-01 -1.81176E-01  -32.47  8.66667E-01  4.66667E-01  7.51295E-01  2.15600E-13  2.42969E-13  0.0E+00
                        5.000E-04 -7.51373E-01 -5.81961E-01  1.81176E-01   57.53 -4.66667E-01 -8.66667E-01  7.51295E-01

           GRD     516 -5.000E-04  7.51373E-01  5.81961E-01 -1.81176E-01  -32.47  8.66667E-01  4.66667E-01  7.51295E-01  2.64063E-14  1.07152E-12 -5.0E+01(7)
                        5.000E-04 -7.51373E-01 -5.81961E-01  1.81176E-01   57.53 -4.66667E-01 -8.66667E-01  7.51295E-01

           GRD     514 -5.000E-04  7.51373E-01  5.81961E-01 -1.81176E-01  -32.47  8.66667E-01  4.66667E-01  7.51295E-01 -7.93983E-13 -3.49520E-13  5.0E+01(7)
                        5.000E-04 -7.51373E-01 -5.81961E-01  1.81176E-01   57.53 -4.66667E-01 -8.66667E-01  7.51295E-01

           GRD     515 -5.000E-04  7.51373E-01  5.81961E-01 -1.81176E-01  -32.47  8.66667E-01  4.66667E-01  7.51295E-01  3.25261E-14  3.44912E-13 -5.0E+01(7)
                        5.000E-04 -7.51373E-01 -5.81961E-01  1.81176E-01   57.53 -4.66667E-01 -8.66667E-01  7.51295E-01

       22  CENTER      -5.000E-04  6.77186E-01  6.56148E-01  1.99723E-01   43.49  8.66667E-01  4.66667E-01  7.51295E-01 -9.75782E-14  1.07065E-13
                        5.000E-04 -6.77186E-01 -6.56148E-01 -1.99723E-01  -46.51 -4.66667E-01 -8.66667E-01  7.51295E-01

           GRD     507 -5.000E-04  6.77186E-01  6.56148E-01  1.99723E-01   43.49  8.66667E-01  4.66667E-01  7.51295E-01 -2.21971E-13 -2.51038E-12  0.0E+00
                        5.000E-04 -6.77186E-01 -6.56148E-01 -1.99723E-01  -46.51 -4.66667E-01 -8.66667E-01  7.51295E-01

           GRD     501 -5.000E-04  6.77186E-01  6.56148E-01  1.99723E-01   43.49  8.66667E-01  4.66667E-01  7.51295E-01 -1.31463E-13 -2.95744E-12  3.8E+01(8)
                        5.000E-04 -6.77186E-01 -6.56148E-01 -1.99723E-01  -46.51 -4.66667E-01 -8.66667E-01  7.51295E-01

           GRD     503 -5.000E-04  6.77186E-01  6.56148E-01  1.99723E-01   43.49  8.66667E-01  4.66667E-01  7.51295E-01  4.47522E-13  1.96013E-12 -3.8E+01(8)
                        5.000E-04 -6.77186E-01 -6.56148E-01 -1.99723E-01  -46.51 -4.66667E-01 -8.66667E-01  7.51295E-01

           GRD     505 -5.000E-04  6.77186E-01  6.56148E-01  1.99723E-01   43.49  8.66667E-01  4.66667E-01  7.51295E-01 -1.30040E-12  2.69811E-12  3.8E+01(8)
                        5.000E-04 -6.77186E-01 -6.56148E-01 -1.99723E-01  -46.51 -4.66667E-01 -8.66667E-01  7.51295E-01

           GRD     512 -5.000E-04  6.77186E-01  6.56148E-01  1.99723E-01   43.49  8.66667E-01  4.66667E-01  7.51295E-01 -6.40670E-14  1.35198E-12 -3.8E+01(8)
                        5.000E-04 -6.77186E-01 -6.56148E-01 -1.99723E-01  -46.51 -4.66667E-01 -8.66667E-01  7.51295E-01

           GRD     515 -5.000E-04  6.77186E-01  6.56148E-01  1.99723E-01   43.49  8.66667E-01  4.66667E-01  7.51295E-01  5.14996E-14 -2.51399E-13  0.0E+00
                        5.000E-04 -6.77186E-01 -6.56148E-01 -1.99723E-01  -46.51 -4.66667E-01 -8.66667E-01  7.51295E-01

           GRD     519 -5.000E-04  6.77186E-01  6.56148E-01  1.99723E-01   43.49  8.66667E-01  4.66667E-01  7.51295E-01 -2.64839E-13 -1.24374E-12 -3.2E+02(7)
                        5.000E-04 -6.77186E-01 -6.56148E-01 -1.99723E-01  -46.51 -4.66667E-01 -8.66667E-01  7.51295E-01

           GRD     518 -5.000E-04  6.77186E-01  6.56148E-01  1.99723E-01   43.49  8.66667E-01  4.66667E-01  7.51295E-01 -2.38524E-13  7.48099E-13  3.2E+02(7)
                        5.000E-04 -6.77186E-01 -6.56148E-01 -1.99723E-01  -46.51 -4.66667E-01 -8.66667E-01  7.51295E-01

       23  CENTER      -5.000E-04  6.84811E-01  6.48522E-01  1.99175E-01   42.40  8.66667E-01  4.66667E-01  7.51295E-01 -1.43657E-13 -1.93124E-14
                        5.000E-04 -6.84811E-01 -6.48522E-01 -1.99175E-01  -47.60 -4.66667E-01 -8.66667E-01  7.51295E-01

           GRD     504 -5.000E-04  6.84811E-01  6.48522E-01  1.99175E-01   42.40  8.66667E-01  4.66667E-01  7.51295E-01 -1.34032E-12  4.32895E-12  3.2E+02(7)
                        5.000E-04 -6.84811E-01 -6.48522E-01 -1.99175E-01  -47.60 -4.66667E-01 -8.66667E-01  7.51295E-01

           GRD     506 -5.000E-04  6.84811E-01  6.48522E-01  1.99175E-01   42.40  8.66667E-01  4.66667E-01  7.51295E-01  1.36365E-12 -2.03780E-12  0.0E+00
                        5.000E-04 -6.84811E-01 -6.48522E-01 -1.99175E-01  -47.60 -4.66667E-01 -8.66667E-01  7.51295E-01

           GRD     505 -5.000E-04  6.84811E-01  6.48522E-01  1.99175E-01   42.40  8.66667E-01  4.66667E-01  7.51295E-01  1.29710E-12  1.21998E-12 -3.5E+02(7)
                        5.000E-04 -6.84811E-01 -6.48522E-01 -1.99175E-01  -47.60 -4.66667E-01 -8.66667E-01  7.51295E-01

           GRD     503 -5.000E-04  6.84811E-01  6.48522E-01  1.99175E-01   42.40  8.66667E-01  4.66667E-01  7.51295E-01 -9.17912E-13 -8.20920E-13  3.5E+02(7)
                        5.000E-04 -6.84811E-01 -6.48522E-01 -1.99175E-01  -47.60 -4.66667E-01 -8.66667E-01  7.51295E-01

           GRD     520 -5.000E-04  6.84811E-01  6.48522E-01  1.99175E-01   42.40  8.66667E-01  4.66667E-01  7.51295E-01 -2.81079E-14 -2.07986E-13 -3.5E+02(7)
                        5.000E-04 -6.84811E-01 -6.48522E-01 -1.99175E-01  -47.60 -4.66667E-01 -8.66667E-01  7.51295E-01

           GRD     513 -5.000E-04  6.84811E-01  6.48522E-01  1.99175E-01   42.40  8.66667E-01  4.66667E-01  7.51295E-01 -1.26593E-12 -1.45582E-12  3.5E+02(7)
                        5.000E-04 -6.84811E-01 -6.48522E-01 -1.99175E-01  -47.60 -4.66667E-01 -8.66667E-01  7.51295E-01

           GRD     519 -5.000E-04  6.84811E-01  6.48522E-01  1.99175E-01   42.40  8.66667E-01  4.66667E-01  7.51295E-01  1.88898E-13  2.18075E-13  0.0E+00
                        5.000E-04 -6.84811E-01 -6.48522E-01 -1.99175E-01  -47.60 -4.66667E-01 -8.66667E-01  7.51295E-01

           GRD     514 -5.000E-04  6.84811E-01  6.48522E-01  1.99175E-01   42.40  8.66667E-01  4.66667E-01  7.51295E-01  9.86624E-13  1.63986E-13 -2.7E+01(8)
                        5.000E-04 -6.84811E-01 -6.48522E-01 -1.99175E-01  -47.60 -4.66667E-01 -8.66667E-01  7.51295E-01

       24  CENTER      -5.000E-04  6.66667E-01  6.66667E-01  2.00000E-01   45.00  8.66667E-01  4.66667E-01  7.51295E-01  5.14996E-14  4.36391E-13
                        5.000E-04 -6.66667E-01 -6.66667E-01 -2.00000E-01  -45.00 -4.66667E-01 -8.66667E-01  7.51295E-01

           GRD     502 -5.000E-04  6.66667E-01  6.66667E-01  2.00000E-01   45.00  8.66667E-01  4.66667E-01  7.51295E-01 -1.28749E-13 -2.93277E-12 -2.7E+01(8)
                        5.000E-04 -6.66667E-01 -6.66667E-01 -2.00000E-01  -45.00 -4.66667E-01 -8.66667E-01  7.51295E-01

           GRD     508 -5.000E-04  6.66667E-01  6.66667E-01  2.00000E-01   45.00  8.66667E-01  4.66667E-01  7.51295E-01 -1.06332E-12 -4.00291E-12  2.7E+01(8)
                        5.000E-04 -6.66667E-01 -6.66667E-01 -2.00000E-01  -45.00 -4.66667E-01 -8.66667E-01  7.51295E-01

           GRD     506 -5.000E-04  6.66667E-01  6.66667E-01  2.00000E-01   45.00  8.66667E-01  4.66667E-01  7.51295E-01  9.68113E-13  9.11538E-13  0.0E+00
                        5.000E-04 -6.66667E-01 -6.66667E-01 -2.00000E-01  -45.00 -4.66667E-01 -8.66667E-01  7.51295E-01

           GRD     504 -5.000E-04  6.66667E-01  6.66667E-01  2.00000E-01   45.00  8.66667E-01  4.66667E-01  7.51295E-01  1.66696E-12 -2.92735E-13 -3.1E+01(8)
                        5.000E-04 -6.66667E-01 -6.66667E-01 -2.00000E-01  -45.00 -4.66667E-01 -8.66667E-01  7.51295E-01

           GRD     510 -5.000E-04  6.66667E-01  6.66667E-01  2.00000E-01   45.00  8.66667E-01  4.66667E-01  7.51295E-01 -5.95634E-13  1.65995E-12  3.1E+01(8)
                        5.000E-04 -6.66667E-01 -6.66667E-01 -2.00000E-01  -45.00 -4.66667E-01 -8.66667E-01  7.51295E-01

           GRD     517 -5.000E-04  6.66667E-01  6.66667E-01  2.00000E-01   45.00  8.66667E-01  4.66667E-01  7.51295E-01 -1.04172E-12  2.84018E-14 -3.1E+01(8)
                        5.000E-04 -6.66667E-01 -6.66667E-01 -2.00000E-01  -45.00 -4.66667E-01 -8.66667E-01  7.51295E-01

           GRD     520 -5.000E-04  6.66667E-01  6.66667E-01  2.00000E-01   45.00  8.66667E-01  4.66667E-01  7.51295E-01  1.26581E-12 -6.81226E-13  3.1E+01(8)
                        5.000E-04 -6.66667E-01 -6.66667E-01 -2.00000E-01  -45.00 -4.66667E-01 -8.66667E-01  7.51295E-01

           GRD     516 -5.000E-04  6.66667E-01  6.66667E-01  2.00000E-01   45.00  8.66667E-01  4.66667E-01  7.51295E-01  1.18720E-12 -7.31836E-13  0.0E+00
                        5.000E-04 -6.66667E-01 -6.66667E-01 -2.00000E-01  -45.00 -4.66667E-01 -8.66667E-01  7.51295E-01

       25  CENTER      -5.000E-04  6.20250E-01  7.13083E-01 -1.94539E-01  -51.71  8.66667E-01  4.66667E-01  7.51295E-01 -6.97955E-14  5.42101E-13
                        5.000E-04 -6.20250E-01 -7.13083E-01  1.94539E-01   38.29 -4.66667E-01 -8.66667E-01  7.51295E-01

           GRD     508 -5.000E-04  6.20250E-01  7.13083E-01 -1.94539E-01  -51.71  8.66667E-01  4.66667E-01  7.51295E-01  3.47379E-13  5.92306E-13  1.5E+02(8)
                        5.000E-04 -6.20250E-01 -7.13083E-01  1.94539E-01   38.29 -4.66667E-01 -8.66667E-01  7.51295E-01

           GRD     507 -5.000E-04  6.20250E-01  7.13083E-01 -1.94539E-01  -51.71  8.66667E-01  4.66667E-01  7.51295E-01  6.58800E-13 -1.08309E-12 -1.5E+02(8)
                        5.000E-04 -6.20250E-01 -7.13083E-01  1.94539E-01   38.29 -4.66667E-01 -8.66667E-01  7.51295E-01

           GRD     505 -5.000E-04  6.20250E-01  7.13083E-01 -1.94539E-01  -51.71  8.66667E-01  4.66667E-01  7.51295E-01  8.22124E-13 -4.31082E-12  1.5E+02(8)
                        5.000E-04 -6.20250E-01 -7.13083E-01  1.94539E-01   38.29 -4.66667E-01 -8.66667E-01  7.51295E-01

           GRD     506 -5.000E-04  6.20250E-01  7.13083E-01 -1.94539E-01  -51.71  8.66667E-01  4.66667E-01  7.51295E-01 -3.18076E-12 -1.44166E-12  0.0E+00
                        5.000E-04 -6.20250E-01 -7.13083E-01  1.94539E-01   38.29 -4.66667E-01 -8.66667E-01  7.51295E-01

           GRD     511 -5.000E-04  6.20250E-01  7.13083E-01 -1.94539E-01  -51.71  8.66667E-01  4.66667E-01  7.51295E-01  6.69679E-13  7.01765E-13 -1.7E+01(7)
                        5.000E-04 -6.20250E-01 -7.13083E-01  1.94539E-01   38.29 -4.66667E-01 -8.66667E-01  7.51295E-01

           GRD     518 -5.000E-04  6.20250E-01  7.13083E-01 -1.94539E-01  -51.71  8.66667E-01  4.66667E-01  7.51295E-01 -4.88060E-13 -1.58920E-12  1.7E+01(7)
                        5.000E-04 -6.20250E-01 -7.13083E-01  1.94539E-01   38.29 -4.66667E-01 -8.66667E-01  7.51295E-01

           GRD     513 -5.000E-04  6.20250E-01  7.13083E-01 -1.94539E-01  -51.71  8.66667E-01  4.66667E-01  7.51295E-01 -2.03352E-12  5.63336E-13 -1.7E+01(7)
                        5.000E-04 -6.20250E-01 -7.13083E-01  1.94539E-01   38.29 -4.66667E-01 -8.66667E-01  7.51295E-01

           GRD     517 -5.000E-04  6.20250E-01  7.13083E-01 -1.94539E-01  -51.71  8.66667E-01  4.66667E-01  7.51295E-01  5.70561E-13  5.42101E-14  1.7E+01(7)
                        5.000E-04 -6.20250E-01 -7.13083E-01  1.94539E-01   38.29 -4.66667E-01 -8.66667E-01  7.51295E-01
                                  ------------ ------------ ------------         ------------ ------------ ------------ ------------ ------------ --------
 MAX* :                            7.51373E-01  7.13083E-01  2.00000E-01          8.66667E-01  4.66667E-01  7.51295E-01  3.19101E-12  4.74779E-12  0.3E+03
 MIN* :                           -7.51373E-01 -7.13083E-01 -2.00000E-01         -4.66667E-01 -8.66667E-01  7.51295E-01 -3.18076E-12 -4.31082E-12 -0.3E+03

 ABS* :                            7.51373E-01  7.13083E-01  2.00000E-01          8.66667E-01  8.66667E-01  7.51295E-01  3.19101E-12  4.74779E-12  0.3E+03
 *for output set
 NOTE: Explanation of errors in the polynomial fit to extrapolate element corner point stresses from values at the Gauss points:
       (7): Polynomial fit error is in XZ shear   stress
       (8): Polynomial fit error is in YZ shear   stress

 SAP2000 PROBLEM 2-001-THICK                                                                                                     

0                                                                                                          SUBCASE        2
                                  S T R E S S E S   A T   G R I D   P O I N T S   - -     S U R F A C E     300
0                       SURFACE X-AXIS X  NORMAL(Z-AXIS)  Z         REFERENCE COORDINATE SYSTEM FOR SURFACE DEFINITION CID        0
     GRID      ELEMENT            STRESSES IN SURFACE SYSTEM           PRINCIPAL STRESSES            MAX
     ID          ID    FIBER   NORMAL-X   NORMAL-Y   SHEAR-XY     ANGLE      MAJOR      MINOR      SHEAR     VON MISES
      501        0     Z1       6.666667E-01  6.666667E-01  2.000000E-01  45.0000   8.666667E-01  4.666667E-01  2.000000E-01  7.512952E-01
                       Z2      -6.666667E-01 -6.666667E-01 -2.000000E-01 -45.0000  -4.666667E-01 -8.666667E-01  2.000000E-01  7.512952E-01
                       MID      0.0           0.0           0.0            0.0000   0.0           0.0           0.0           0.0
      502        0     Z1       6.666667E-01  6.666667E-01  2.000000E-01  45.0000   8.666667E-01  4.666667E-01  2.000000E-01  7.512952E-01
                       Z2      -6.666667E-01 -6.666667E-01 -2.000000E-01 -45.0000  -4.666667E-01 -8.666667E-01  2.000000E-01  7.512952E-01
                       MID      0.0           0.0           0.0            0.0000   0.0           0.0           0.0           0.0
      504        0     Z1       6.666667E-01  6.666667E-01  2.000000E-01  45.0000   8.666667E-01  4.666667E-01  2.000000E-01  7.512952E-01
                       Z2      -6.666667E-01 -6.666667E-01 -2.000000E-01 -45.0000  -4.666667E-01 -8.666667E-01  2.000000E-01  7.512952E-01
                       MID      0.0           0.0           0.0            0.0000   0.0           0.0           0.0           0.0
      503        0     Z1       6.666667E-01  6.666667E-01  2.000000E-01  45.0000   8.666667E-01  4.666667E-01  2.000000E-01  7.512952E-01
                       Z2      -6.666667E-01 -6.666667E-01 -2.000000E-01 -45.0000  -4.666667E-01 -8.666667E-01  2.000000E-01  7.512952E-01
                       MID      0.0           0.0           0.0            0.0000   0.0           0.0           0.0           0.0
      509        0     Z1       6.666667E-01  6.666667E-01  2.000000E-01  45.0000   8.666667E-01  4.666667E-01  2.000000E-01  7.512952E-01
                       Z2      -6.666667E-01 -6.666667E-01 -2.000000E-01 -45.0000  -4.666667E-01 -8.666667E-01  2.000000E-01  7.512952E-01
                       MID      0.0           0.0           0.0            0.0000   0.0           0.0           0.0           0.0
      516        0     Z1       6.666667E-01  6.666667E-01  2.000000E-01  45.0000   8.666667E-01  4.666667E-01  2.000000E-01  7.512952E-01
                       Z2      -6.666667E-01 -6.666667E-01 -2.000000E-01 -45.0000  -4.666667E-01 -8.666667E-01  2.000000E-01  7.512952E-01
                       MID      0.0           0.0           0.0            0.0000   0.0           0.0           0.0           0.0
      514        0     Z1       6.666667E-01  6.666667E-01  2.000000E-01  45.0000   8.666667E-01  4.666667E-01  2.000000E-01  7.512952E-01
                       Z2      -6.666667E-01 -6.666667E-01 -2.000000E-01 -45.0000  -4.666667E-01 -8.666667E-01  2.000000E-01  7.512952E-01
                       MID      0.0           0.0           0.0            0.0000   0.0           0.0           0.0           0.0
      515        0     Z1       6.666667E-01  6.666667E-01  2.000000E-01  45.0000   8.666667E-01  4.666667E-01  2.000000E-01  7.512952E-01
                       Z2      -6.666667E-01 -6.666667E-01 -2.000000E-01 -45.0000  -4.666667E-01 -8.666667E-01  2.000000E-01  7.512952E-01
                       MID      0.0           0.0           0.0            0.0000   0.0           0.0           0.0           0.0
      507        0     Z1       6.666667E-01  6.666667E-01  2.000000E-01  45.0000   8.666667E-01  4.666667E-01  2.000000E-01  7.512952E-01
                       Z2      -6.666667E-01 -6.666667E-01 -2.000000E-01 -45.0000  -4.666667E-01 -8.666667E-01  2.000000E-01  7.512952E-01
                       MID      0.0           0.0           0.0            0.0000   0.0           0.0           0.0           0.0
      505        0     Z1       6.666667E-01  6.666667E-01  2.000000E-01  45.0000   8.666667E-01  4.666667E-01  2.000000E-01  7.512952E-01
                       Z2      -6.666667E-01 -6.666667E-01 -2.000000E-01 -45.0000  -4.666667E-01 -8.666667E-01  2.000000E-01  7.512952E-01
                       MID      0.0           0.0           0.0            0.0000   0.0           0.0           0.0           0.0
      512        0     Z1       6.666667E-01  6.666667E-01  2.000000E-01  45.0000   8.666667E-01  4.666667E-01  2.000000E-01  7.512952E-01
                       Z2      -6.666667E-01 -6.666667E-01 -2.000000E-01 -45.0000  -4.666667E-01 -8.666667E-01  2.000000E-01  7.512952E-01
                       MID      0.0           0.0           0.0            0.0000   0.0           0.0           0.0           0.0
      519        0     Z1       6.666667E-01  6.666667E-01  2.000000E-01  45.0000   8.666667E-01  4.666667E-01  2.000000E-01  7.512952E-01
                       Z2      -6.666667E-01 -6.666667E-01 -2.000000E-01 -45.0000  -4.666667E-01 -8.666667E-01  2.000000E-01  7.512952E-01
                       MID      0.0           0.0           0.0            0.0000   0.0           0.0           0.0           0.0
      518        0     Z1       6.666667E-01  6.666667E-01  2.000000E-01  45.0000   8.666667E-01  4.666667E-01  2.000000E-01  7.512952E-01
                       Z2      -6.666667E-01 -6.666667E-01 -2.000000E-01 -45.0000  -4.666667E-01 -8.666667E-01  2.000000E-01  7.512952E-01
                       MID      0.0           0.0           0.0            0.0000   0.0           0.0           0.0           0.0
      506        0     Z1       6.666667E-01  6.666667E-01  2.000000E-01  45.0000   8.666667E-01  4.666667E-01  2.000000E-01  7.512952E-01
                       Z2      -6.666667E-01 -6.666667E-01 -2.000000E-01 -45.0000  -4.666667E-01 -8.666667E-01  2.000000E-01  7.512952E-01
                       MID      0.0           0.0           0.0            0.0000   0.0           0.0           0.0           0.0
      520        0     Z1       6.666667E-01  6.666667E-01  2.000000E-01  45.0000   8.666667E-01  4.666667E-01  2.000000E-01  7.512952E-01
                       Z2      -6.666667E-01 -6.666667E-01 -2.000000E-01 -45.0000  -4.666667E-01 -8.666667E-01  2.000000E-01  7.512952E-01
                       MID      0.0           0.0           0.0            0.0000   0.0           0.0           0.0           0.0
      513        0     Z1       6.666667E-01  6.666667E-01  2.000000E-01  45.0000   8.666667E-01  4.666667E-01  2.000000E-01  7.512952E-01
                       Z2      -6.666667E-01 -6.666667E-01 -2.000000E-01 -45.0000  -4.666667E-01 -8.666667E-01  2.000000E-01  7.512952E-01
                       MID      0.0           0.0           0.0            0.0000   0.0           0.0           0.0           0.0
      508        0     Z1       6.666667E-01  6.666667E-01  2.000000E-01  45.0000   8.666667E-01  4.666667E-01  2.000000E-01  7.512952E-01
                       Z2      -6.666667E-01 -6.666667E-01 -2.000000E-01 -45.0000  -4.666667E-01 -8.666667E-01  2.000000E-01  7.512952E-01
                       MID      0.0           0.0           0.0            0.0000   0.0           0.0           0.0           0.0
      510        0     Z1       6.666667E-01  6.666667E-01  2.000000E-01  45.0000   8.666667E-01  4.666667E-01  2.000000E-01  7.512952E-01
                       Z2      -6.666667E-01 -6.666667E-01 -2.000000E-01 -45.0000  -4.666667E-01 -8.666667E-01  2.000000E-01  7.512952E-01
                       MID      0.0           0.0           0.0            0.0000   0.0           0.0           0.0           0.0
      517        0     Z1       6.666667E-01  6.666667E-01  2.000000E-01  45.0000   8.666667E-01  4.666667E-01  2.000000E-01  7.512952E-01
                       Z2      -6.666667E-01 -6.666667E-01 -2.000000E-01 -45.0000  -4.666667E-01 -8.666667E-01  2.000000E-01  7.512952E-01
                       MID      0.0           0.0           0.0            0.0000   0.0           0.0           0.0           0.0
      511        0     Z1       6.666667E-01  6.666667E-01  2.000000E-01  45.0000   8.666667E-01  4.666667E-01  2.000000E-01  7.512952E-01
                       Z2      -6.666667E-01 -6.666667E-01 -2.000000E-01 -45.0000  -4.666667E-01 -8.666667E-01  2.000000E-01  7.512952E-01
                       MID      0.0           0.0           0.0            0.0000   0.0           0.0           0.0           0.0


 OUTPUT FOR SUBCASE        2
 SAP2000 PROBLEM 2-001-THICK                                                                                                                                                                                                                                     
 LC2_BENDING                                                                                                                                                                                                                                                     

                                    E L E M E N T   S T R E S S E S   I N   L O C A L   E L E M E N T   C O O R D I N A T E   S Y S T E M
                                                                 F O R   E L E M E N T   T Y P E   T R I A 3  
  Element    Location      Stress       Stresses In Reported Coord System      Principal Stresses (Zero Shear)               Transverse   Transverse
     ID                  Distance      Normal-X     Normal-Y      Shear-XY     Angle     Major        Minor      von Mises     Shear-XZ     Shear-YZ
                                                                                                                             (max through thickness)

       31    CENTER     -5.00000E-04  6.66667E-01  6.66667E-01 -2.00000E-01 -4.500E+01  8.66667E-01  4.66667E-01  7.51295E-01  5.22513E-15 -2.52257E-15        
                         5.00000E-04 -6.66667E-01 -6.66667E-01  2.00000E-01  4.500E+01 -4.66667E-01 -8.66667E-01  7.51295E-01  5.22513E-15 -2.52257E-15        

       31   GRD     103 -5.00000E-04  6.66667E-01  6.66667E-01 -2.00000E-01 -4.500E+01  8.66667E-01  4.66667E-01  7.51295E-01  5.22513E-15 -2.52257E-15        
                         5.00000E-04 -6.66667E-01 -6.66667E-01  2.00000E-01  4.500E+01 -4.66667E-01 -8.66667E-01  7.51295E-01  5.22513E-15 -2.52257E-15        

       31   GRD     102 -5.00000E-04  6.66667E-01  6.66667E-01 -2.00000E-01 -4.500E+01  8.66667E-01  4.66667E-01  7.51295E-01  5.22513E-15 -2.52257E-15        
                         5.00000E-04 -6.66667E-01 -6.66667E-01  2.00000E-01  4.500E+01 -4.66667E-01 -8.66667E-01  7.51295E-01  5.22513E-15 -2.52257E-15        

       31   GRD     104 -5.00000E-04  6.66667E-01  6.66667E-01 -2.00000E-01 -4.500E+01  8.66667E-01  4.66667E-01  7.51295E-01  5.22513E-15 -2.52257E-15        
                         5.00000E-04 -6.66667E-01 -6.66667E-01  2.00000E-01  4.500E+01 -4.66667E-01 -8.66667E-01  7.51295E-01  5.22513E-15 -2.52257E-15        

       32    CENTER     -5.00000E-04  6.66667E-01  6.66667E-01 -2.00000E-01 -4.500E+01  8.66667E-01  4.66667E-01  7.51295E-01 -4.49986E-17 -1.43996E-15        
                         5.00000E-04 -6.66667E-01 -6.66667E-01  2.00000E-01  4.500E+01 -4.66667E-01 -8.66667E-01  7.51295E-01 -4.49986E-17 -1.43996E-15        

       32   GRD     103 -5.00000E-04  6.66667E-01  6.66667E-01 -2.00000E-01 -4.500E+01  8.66667E-01  4.66667E-01  7.51295E-01 -4.49986E-17 -1.43996E-15        
                         5.00000E-04 -6.66667E-01 -6.66667E-01  2.00000E-01  4.500E+01 -4.66667E-01 -8.66667E-01  7.51295E-01 -4.49986E-17 -1.43996E-15        

       32   GRD     105 -5.00000E-04  6.66667E-01  6.66667E-01 -2.00000E-01 -4.500E+01  8.66667E-01  4.66667E-01  7.51295E-01 -4.49986E-17 -1.43996E-15        
                         5.00000E-04 -6.66667E-01 -6.66667E-01  2.00000E-01  4.500E+01 -4.66667E-01 -8.66667E-01  7.51295E-01 -4.49986E-17 -1.43996E-15        

       32   GRD     107 -5.00000E-04  6.66667E-01  6.66667E-01 -2.00000E-01 -4.500E+01  8.66667E-01  4.66667E-01  7.51295E-01 -4.49986E-17 -1.43996E-15        
                         5.00000E-04 -6.66667E-01 -6.66667E-01  2.00000E-01  4.500E+01 -4.66667E-01 -8.66667E-01  7.51295E-01 -4.49986E-17 -1.43996E-15        

       33    CENTER     -5.00000E-04  6.66667E-01  6.66667E-01 -2.00000E-01 -4.500E+01  8.66667E-01  4.66667E-01  7.51295E-01 -1.65171E-15  1.10644E-14        
                         5.00000E-04 -6.66667E-01 -6.66667E-01  2.00000E-01  4.500E+01 -4.66667E-01 -8.66667E-01  7.51295E-01 -1.65171E-15  1.10644E-14        

       33   GRD     104 -5.00000E-04  6.66667E-01  6.66667E-01 -2.00000E-01 -4.500E+01  8.66667E-01  4.66667E-01  7.51295E-01 -1.65171E-15  1.10644E-14        
                         5.00000E-04 -6.66667E-01 -6.66667E-01  2.00000E-01  4.500E+01 -4.66667E-01 -8.66667E-01  7.51295E-01 -1.65171E-15  1.10644E-14        

       33   GRD     106 -5.00000E-04  6.66667E-01  6.66667E-01 -2.00000E-01 -4.500E+01  8.66667E-01  4.66667E-01  7.51295E-01 -1.65171E-15  1.10644E-14        
                         5.00000E-04 -6.66667E-01 -6.66667E-01  2.00000E-01  4.500E+01 -4.66667E-01 -8.66667E-01  7.51295E-01 -1.65171E-15  1.10644E-14        

       33   GRD     105 -5.00000E-04  6.66667E-01  6.66667E-01 -2.00000E-01 -4.500E+01  8.66667E-01  4.66667E-01  7.51295E-01 -1.65171E-15  1.10644E-14        
                         5.00000E-04 -6.66667E-01 -6.66667E-01  2.00000E-01  4.500E+01 -4.66667E-01 -8.66667E-01  7.51295E-01 -1.65171E-15  1.10644E-14        

       34    CENTER     -5.00000E-04  6.66667E-01  6.66667E-01 -2.00000E-01 -4.500E+01  8.66667E-01  4.66667E-01  7.51295E-01 -2.83227E-16  1.75759E-15        
                         5.00000E-04 -6.66667E-01 -6.66667E-01  2.00000E-01  4.500E+01 -4.66667E-01 -8.66667E-01  7.51295E-01 -2.83227E-16  1.75759E-15        

       34   GRD     106 -5.00000E-04  6.66667E-01  6.66667E-01 -2.00000E-01 -4.500E+01  8.66667E-01  4.66667E-01  7.51295E-01 -2.83227E-16  1.75759E-15        
                         5.00000E-04 -6.66667E-01 -6.66667E-01  2.00000E-01  4.500E+01 -4.66667E-01 -8.66667E-01  7.51295E-01 -2.83227E-16  1.75759E-15        

       34   GRD     102 -5.00000E-04  6.66667E-01  6.66667E-01 -2.00000E-01 -4.500E+01  8.66667E-01  4.66667E-01  7.51295E-01 -2.83227E-16  1.75759E-15        
                         5.00000E-04 -6.66667E-01 -6.66667E-01  2.00000E-01  4.500E+01 -4.66667E-01 -8.66667E-01  7.51295E-01 -2.83227E-16  1.75759E-15        

       34   GRD     108 -5.00000E-04  6.66667E-01  6.66667E-01 -2.00000E-01 -4.500E+01  8.66667E-01  4.66667E-01  7.51295E-01 -2.83227E-16  1.75759E-15        
                         5.00000E-04 -6.66667E-01 -6.66667E-01  2.00000E-01  4.500E+01 -4.66667E-01 -8.66667E-01  7.51295E-01 -2.83227E-16  1.75759E-15        

       35    CENTER     -5.00000E-04  6.66667E-01  6.66667E-01 -2.00000E-01 -4.500E+01  8.66667E-01  4.66667E-01  7.51295E-01  5.63277E-15  6.70943E-15        
                         5.00000E-04 -6.66667E-01 -6.66667E-01  2.00000E-01  4.500E+01 -4.66667E-01 -8.66667E-01  7.51295E-01  5.63277E-15  6.70943E-15        

       35   GRD     105 -5.00000E-04  6.66667E-01  6.66667E-01 -2.00000E-01 -4.500E+01  8.66667E-01  4.66667E-01  7.51295E-01  5.63277E-15  6.70943E-15        
                         5.00000E-04 -6.66667E-01 -6.66667E-01  2.00000E-01  4.500E+01 -4.66667E-01 -8.66667E-01  7.51295E-01  5.63277E-15  6.70943E-15        

       35   GRD     106 -5.00000E-04  6.66667E-01  6.66667E-01 -2.00000E-01 -4.500E+01  8.66667E-01  4.66667E-01  7.51295E-01  5.63277E-15  6.70943E-15        
                         5.00000E-04 -6.66667E-01 -6.66667E-01  2.00000E-01  4.500E+01 -4.66667E-01 -8.66667E-01  7.51295E-01  5.63277E-15  6.70943E-15        

       35   GRD     108 -5.00000E-04  6.66667E-01  6.66667E-01 -2.00000E-01 -4.500E+01  8.66667E-01  4.66667E-01  7.51295E-01  5.63277E-15  6.70943E-15        
                         5.00000E-04 -6.66667E-01 -6.66667E-01  2.00000E-01  4.500E+01 -4.66667E-01 -8.66667E-01  7.51295E-01  5.63277E-15  6.70943E-15        

       36    CENTER     -5.00000E-04  6.66667E-01  6.66667E-01 -2.00000E-01 -4.500E+01  8.66667E-01  4.66667E-01  7.51295E-01  3.29813E-15 -4.78441E-16        
                         5.00000E-04 -6.66667E-01 -6.66667E-01  2.00000E-01  4.500E+01 -4.66667E-01 -8.66667E-01  7.51295E-01  3.29813E-15 -4.78441E-16        

       36   GRD     101 -5.00000E-04  6.66667E-01  6.66667E-01 -2.00000E-01 -4.500E+01  8.66667E-01  4.66667E-01  7.51295E-01  3.29813E-15 -4.78441E-16        
                         5.00000E-04 -6.66667E-01 -6.66667E-01  2.00000E-01  4.500E+01 -4.66667E-01 -8.66667E-01  7.51295E-01  3.29813E-15 -4.78441E-16        

       36   GRD     102 -5.00000E-04  6.66667E-01  6.66667E-01 -2.00000E-01 -4.500E+01  8.66667E-01  4.66667E-01  7.51295E-01  3.29813E-15 -4.78441E-16        
                         5.00000E-04 -6.66667E-01 -6.66667E-01  2.00000E-01  4.500E+01 -4.66667E-01 -8.66667E-01  7.51295E-01  3.29813E-15 -4.78441E-16        

       36   GRD     103 -5.00000E-04  6.66667E-01  6.66667E-01 -2.00000E-01 -4.500E+01  8.66667E-01  4.66667E-01  7.51295E-01  3.29813E-15 -4.78441E-16        
                         5.00000E-04 -6.66667E-01 -6.66667E-01  2.00000E-01  4.500E+01 -4.66667E-01 -8.66667E-01  7.51295E-01  3.29813E-15 -4.78441E-16        

       37    CENTER     -5.00000E-04  6.66667E-01  6.66667E-01 -2.00000E-01 -4.500E+01  8.66667E-01  4.66667E-01  7.51295E-01 -4.23516E-17  2.81638E-15        
                         5.00000E-04 -6.66667E-01 -6.66667E-01  2.00000E-01  4.500E+01 -4.66667E-01 -8.66667E-01  7.51295E-01 -4.23516E-17  2.81638E-15        

       37   GRD     104 -5.00000E-04  6.66667E-01  6.66667E-01 -2.00000E-01 -4.500E+01  8.66667E-01  4.66667E-01  7.51295E-01 -4.23516E-17  2.81638E-15        
                         5.00000E-04 -6.66667E-01 -6.66667E-01  2.00000E-01  4.500E+01 -4.66667E-01 -8.66667E-01  7.51295E-01 -4.23516E-17  2.81638E-15        

       37   GRD     102 -5.00000E-04  6.66667E-01  6.66667E-01 -2.00000E-01 -4.500E+01  8.66667E-01  4.66667E-01  7.51295E-01 -4.23516E-17  2.81638E-15        
                         5.00000E-04 -6.66667E-01 -6.66667E-01  2.00000E-01  4.500E+01 -4.66667E-01 -8.66667E-01  7.51295E-01 -4.23516E-17  2.81638E-15        

       37   GRD     106 -5.00000E-04  6.66667E-01  6.66667E-01 -2.00000E-01 -4.500E+01  8.66667E-01  4.66667E-01  7.51295E-01 -4.23516E-17  2.81638E-15        
                         5.00000E-04 -6.66667E-01 -6.66667E-01  2.00000E-01  4.500E+01 -4.66667E-01 -8.66667E-01  7.51295E-01 -4.23516E-17  2.81638E-15        

       38    CENTER     -5.00000E-04  6.66667E-01  6.66667E-01 -2.00000E-01 -4.500E+01  8.66667E-01  4.66667E-01  7.51295E-01 -3.28225E-16 -4.47339E-16        
                         5.00000E-04 -6.66667E-01 -6.66667E-01  2.00000E-01  4.500E+01 -4.66667E-01 -8.66667E-01  7.51295E-01 -3.28225E-16 -4.47339E-16        

       38   GRD     105 -5.00000E-04  6.66667E-01  6.66667E-01 -2.00000E-01 -4.500E+01  8.66667E-01  4.66667E-01  7.51295E-01 -3.28225E-16 -4.47339E-16        
                         5.00000E-04 -6.66667E-01 -6.66667E-01  2.00000E-01  4.500E+01 -4.66667E-01 -8.66667E-01  7.51295E-01 -3.28225E-16 -4.47339E-16        

       38   GRD     108 -5.00000E-04  6.66667E-01  6.66667E-01 -2.00000E-01 -4.500E+01  8.66667E-01  4.66667E-01  7.51295E-01 -3.28225E-16 -4.47339E-16        
                         5.00000E-04 -6.66667E-01 -6.66667E-01  2.00000E-01  4.500E+01 -4.66667E-01 -8.66667E-01  7.51295E-01 -3.28225E-16 -4.47339E-16        

       38   GRD     107 -5.00000E-04  6.66667E-01  6.66667E-01 -2.00000E-01 -4.500E+01  8.66667E-01  4.66667E-01  7.51295E-01 -3.28225E-16 -4.47339E-16        
                         5.00000E-04 -6.66667E-01 -6.66667E-01  2.00000E-01  4.500E+01 -4.66667E-01 -8.66667E-01  7.51295E-01 -3.28225E-16 -4.47339E-16        

       39    CENTER     -5.00000E-04  6.66667E-01  6.66667E-01 -2.00000E-01 -4.500E+01  8.66667E-01  4.66667E-01  7.51295E-01  2.87197E-16 -5.91335E-15        
                         5.00000E-04 -6.66667E-01 -6.66667E-01  2.00000E-01  4.500E+01 -4.66667E-01 -8.66667E-01  7.51295E-01  2.87197E-16 -5.91335E-15        

       39   GRD     101 -5.00000E-04  6.66667E-01  6.66667E-01 -2.00000E-01 -4.500E+01  8.66667E-01  4.66667E-01  7.51295E-01  2.87197E-16 -5.91335E-15        
                         5.00000E-04 -6.66667E-01 -6.66667E-01  2.00000E-01  4.500E+01 -4.66667E-01 -8.66667E-01  7.51295E-01  2.87197E-16 -5.91335E-15        

       39   GRD     103 -5.00000E-04  6.66667E-01  6.66667E-01 -2.00000E-01 -4.500E+01  8.66667E-01  4.66667E-01  7.51295E-01  2.87197E-16 -5.91335E-15        
                         5.00000E-04 -6.66667E-01 -6.66667E-01  2.00000E-01  4.500E+01 -4.66667E-01 -8.66667E-01  7.51295E-01  2.87197E-16 -5.91335E-15        

       39   GRD     107 -5.00000E-04  6.66667E-01  6.66667E-01 -2.00000E-01 -4.500E+01  8.66667E-01  4.66667E-01  7.51295E-01  2.87197E-16 -5.91335E-15        
                         5.00000E-04 -6.66667E-01 -6.66667E-01  2.00000E-01  4.500E+01 -4.66667E-01 -8.66667E-01  7.51295E-01  2.87197E-16 -5.91335E-15        

       40    CENTER     -5.00000E-04  6.66667E-01  6.66667E-01 -2.00000E-01 -4.500E+01  8.66667E-01  4.66667E-01  7.51295E-01  8.81444E-16 -3.35637E-15        
                         5.00000E-04 -6.66667E-01 -6.66667E-01  2.00000E-01  4.500E+01 -4.66667E-01 -8.66667E-01  7.51295E-01  8.81444E-16 -3.35637E-15        

       40   GRD     103 -5.00000E-04  6.66667E-01  6.66667E-01 -2.00000E-01 -4.500E+01  8.66667E-01  4.66667E-01  7.51295E-01  8.81444E-16 -3.35637E-15        
                         5.00000E-04 -6.66667E-01 -6.66667E-01  2.00000E-01  4.500E+01 -4.66667E-01 -8.66667E-01  7.51295E-01  8.81444E-16 -3.35637E-15        

       40   GRD     104 -5.00000E-04  6.66667E-01  6.66667E-01 -2.00000E-01 -4.500E+01  8.66667E-01  4.66667E-01  7.51295E-01  8.81444E-16 -3.35637E-15        
                         5.00000E-04 -6.66667E-01 -6.66667E-01  2.00000E-01  4.500E+01 -4.66667E-01 -8.66667E-01  7.51295E-01  8.81444E-16 -3.35637E-15        

       40   GRD     105 -5.00000E-04  6.66667E-01  6.66667E-01 -2.00000E-01 -4.500E+01  8.66667E-01  4.66667E-01  7.51295E-01  8.81444E-16 -3.35637E-15        
                         5.00000E-04 -6.66667E-01 -6.66667E-01  2.00000E-01  4.500E+01 -4.66667E-01 -8.66667E-01  7.51295E-01  8.81444E-16 -3.35637E-15        

       41    CENTER     -5.00000E-04  6.66667E-01  6.66667E-01 -2.00000E-01 -4.500E+01  8.66667E-01  4.66667E-01  7.51295E-01 -1.05879E-17 -4.36751E-17        
                         5.00000E-04 -6.66667E-01 -6.66667E-01  2.00000E-01  4.500E+01 -4.66667E-01 -8.66667E-01  7.51295E-01 -1.05879E-17 -4.36751E-17        

       41   GRD     209 -5.00000E-04  6.66667E-01  6.66667E-01 -2.00000E-01 -4.500E+01  8.66667E-01  4.66667E-01  7.51295E-01 -1.05879E-17 -4.36751E-17        
                         5.00000E-04 -6.66667E-01 -6.66667E-01  2.00000E-01  4.500E+01 -4.66667E-01 -8.66667E-01  7.51295E-01 -1.05879E-17 -4.36751E-17        

       41   GRD     202 -5.00000E-04  6.66667E-01  6.66667E-01 -2.00000E-01 -4.500E+01  8.66667E-01  4.66667E-01  7.51295E-01 -1.05879E-17 -4.36751E-17        
                         5.00000E-04 -6.66667E-01 -6.66667E-01  2.00000E-01  4.500E+01 -4.66667E-01 -8.66667E-01  7.51295E-01 -1.05879E-17 -4.36751E-17        

       41   GRD     214 -5.00000E-04  6.66667E-01  6.66667E-01 -2.00000E-01 -4.500E+01  8.66667E-01  4.66667E-01  7.51295E-01 -1.05879E-17 -4.36751E-17        
                         5.00000E-04 -6.66667E-01 -6.66667E-01  2.00000E-01  4.500E+01 -4.66667E-01 -8.66667E-01  7.51295E-01 -1.05879E-17 -4.36751E-17        

       42    CENTER     -5.00000E-04  6.66667E-01  6.66667E-01 -2.00000E-01 -4.500E+01  8.66667E-01  4.66667E-01  7.51295E-01 -5.29396E-18 -1.05879E-17        
                         5.00000E-04 -6.66667E-01 -6.66667E-01  2.00000E-01  4.500E+01 -4.66667E-01 -8.66667E-01  7.51295E-01 -5.29396E-18 -1.05879E-17        

       42   GRD     201 -5.00000E-04  6.66667E-01  6.66667E-01 -2.00000E-01 -4.500E+01  8.66667E-01  4.66667E-01  7.51295E-01 -5.29396E-18 -1.05879E-17        
                         5.00000E-04 -6.66667E-01 -6.66667E-01  2.00000E-01  4.500E+01 -4.66667E-01 -8.66667E-01  7.51295E-01 -5.29396E-18 -1.05879E-17        

       42   GRD     214 -5.00000E-04  6.66667E-01  6.66667E-01 -2.00000E-01 -4.500E+01  8.66667E-01  4.66667E-01  7.51295E-01 -5.29396E-18 -1.05879E-17        
                         5.00000E-04 -6.66667E-01 -6.66667E-01  2.00000E-01  4.500E+01 -4.66667E-01 -8.66667E-01  7.51295E-01 -5.29396E-18 -1.05879E-17        

       42   GRD     212 -5.00000E-04  6.66667E-01  6.66667E-01 -2.00000E-01 -4.500E+01  8.66667E-01  4.66667E-01  7.51295E-01 -5.29396E-18 -1.05879E-17        
                         5.00000E-04 -6.66667E-01 -6.66667E-01  2.00000E-01  4.500E+01 -4.66667E-01 -8.66667E-01  7.51295E-01 -5.29396E-18 -1.05879E-17        

       43    CENTER     -5.00000E-04  6.66667E-01  6.66667E-01 -2.00000E-01 -4.500E+01  8.66667E-01  4.66667E-01  7.51295E-01 -1.58819E-17 -2.64698E-17        
                         5.00000E-04 -6.66667E-01 -6.66667E-01  2.00000E-01  4.500E+01 -4.66667E-01 -8.66667E-01  7.51295E-01 -1.58819E-17 -2.64698E-17        

       43   GRD     212 -5.00000E-04  6.66667E-01  6.66667E-01 -2.00000E-01 -4.500E+01  8.66667E-01  4.66667E-01  7.51295E-01 -1.58819E-17 -2.64698E-17        
                         5.00000E-04 -6.66667E-01 -6.66667E-01  2.00000E-01  4.500E+01 -4.66667E-01 -8.66667E-01  7.51295E-01 -1.58819E-17 -2.64698E-17        

       43   GRD     214 -5.00000E-04  6.66667E-01  6.66667E-01 -2.00000E-01 -4.500E+01  8.66667E-01  4.66667E-01  7.51295E-01 -1.58819E-17 -2.64698E-17        
                         5.00000E-04 -6.66667E-01 -6.66667E-01  2.00000E-01  4.500E+01 -4.66667E-01 -8.66667E-01  7.51295E-01 -1.58819E-17 -2.64698E-17        

       43   GRD     210 -5.00000E-04  6.66667E-01  6.66667E-01 -2.00000E-01 -4.500E+01  8.66667E-01  4.66667E-01  7.51295E-01 -1.58819E-17 -2.64698E-17        
                         5.00000E-04 -6.66667E-01 -6.66667E-01  2.00000E-01  4.500E+01 -4.66667E-01 -8.66667E-01  7.51295E-01 -1.58819E-17 -2.64698E-17        

       44    CENTER     -5.00000E-04  6.66667E-01  6.66667E-01 -2.00000E-01 -4.500E+01  8.66667E-01  4.66667E-01  7.51295E-01  1.93759E-15 -5.92261E-17        
                         5.00000E-04 -6.66667E-01 -6.66667E-01  2.00000E-01  4.500E+01 -4.66667E-01 -8.66667E-01  7.51295E-01  1.93759E-15 -5.92261E-17        

       44   GRD     212 -5.00000E-04  6.66667E-01  6.66667E-01 -2.00000E-01 -4.500E+01  8.66667E-01  4.66667E-01  7.51295E-01  1.93759E-15 -5.92261E-17        
                         5.00000E-04 -6.66667E-01 -6.66667E-01  2.00000E-01  4.500E+01 -4.66667E-01 -8.66667E-01  7.51295E-01  1.93759E-15 -5.92261E-17        

       44   GRD     210 -5.00000E-04  6.66667E-01  6.66667E-01 -2.00000E-01 -4.500E+01  8.66667E-01  4.66667E-01  7.51295E-01  1.93759E-15 -5.92261E-17        
                         5.00000E-04 -6.66667E-01 -6.66667E-01  2.00000E-01  4.500E+01 -4.66667E-01 -8.66667E-01  7.51295E-01  1.93759E-15 -5.92261E-17        

       44   GRD     213 -5.00000E-04  6.66667E-01  6.66667E-01 -2.00000E-01 -4.500E+01  8.66667E-01  4.66667E-01  7.51295E-01  1.93759E-15 -5.92261E-17        
                         5.00000E-04 -6.66667E-01 -6.66667E-01  2.00000E-01  4.500E+01 -4.66667E-01 -8.66667E-01  7.51295E-01  1.93759E-15 -5.92261E-17        

       45    CENTER     -5.00000E-04  6.66667E-01  6.66667E-01 -2.00000E-01 -4.500E+01  8.66667E-01  4.66667E-01  7.51295E-01  2.64698E-16 -8.99973E-17        
                         5.00000E-04 -6.66667E-01 -6.66667E-01  2.00000E-01  4.500E+01 -4.66667E-01 -8.66667E-01  7.51295E-01  2.64698E-16 -8.99973E-17        

       45   GRD     213 -5.00000E-04  6.66667E-01  6.66667E-01 -2.00000E-01 -4.500E+01  8.66667E-01  4.66667E-01  7.51295E-01  2.64698E-16 -8.99973E-17        
                         5.00000E-04 -6.66667E-01 -6.66667E-01  2.00000E-01  4.500E+01 -4.66667E-01 -8.66667E-01  7.51295E-01  2.64698E-16 -8.99973E-17        

       45   GRD     208 -5.00000E-04  6.66667E-01  6.66667E-01 -2.00000E-01 -4.500E+01  8.66667E-01  4.66667E-01  7.51295E-01  2.64698E-16 -8.99973E-17        
                         5.00000E-04 -6.66667E-01 -6.66667E-01  2.00000E-01  4.500E+01 -4.66667E-01 -8.66667E-01  7.51295E-01  2.64698E-16 -8.99973E-17        

       45   GRD     211 -5.00000E-04  6.66667E-01  6.66667E-01 -2.00000E-01 -4.500E+01  8.66667E-01  4.66667E-01  7.51295E-01  2.64698E-16 -8.99973E-17        
                         5.00000E-04 -6.66667E-01 -6.66667E-01  2.00000E-01  4.500E+01 -4.66667E-01 -8.66667E-01  7.51295E-01  2.64698E-16 -8.99973E-17        

       46    CENTER     -5.00000E-04  6.66667E-01  6.66667E-01 -2.00000E-01 -4.500E+01  8.66667E-01  4.66667E-01  7.51295E-01 -3.70577E-17 -2.44845E-17        
                         5.00000E-04 -6.66667E-01 -6.66667E-01  2.00000E-01  4.500E+01 -4.66667E-01 -8.66667E-01  7.51295E-01 -3.70577E-17 -2.44845E-17        

       46   GRD     201 -5.00000E-04  6.66667E-01  6.66667E-01 -2.00000E-01 -4.500E+01  8.66667E-01  4.66667E-01  7.51295E-01 -3.70577E-17 -2.44845E-17        
                         5.00000E-04 -6.66667E-01 -6.66667E-01  2.00000E-01  4.500E+01 -4.66667E-01 -8.66667E-01  7.51295E-01 -3.70577E-17 -2.44845E-17        

       46   GRD     209 -5.00000E-04  6.66667E-01  6.66667E-01 -2.00000E-01 -4.500E+01  8.66667E-01  4.66667E-01  7.51295E-01 -3.70577E-17 -2.44845E-17        
                         5.00000E-04 -6.66667E-01 -6.66667E-01  2.00000E-01  4.500E+01 -4.66667E-01 -8.66667E-01  7.51295E-01 -3.70577E-17 -2.44845E-17        

       46   GRD     214 -5.00000E-04  6.66667E-01  6.66667E-01 -2.00000E-01 -4.500E+01  8.66667E-01  4.66667E-01  7.51295E-01 -3.70577E-17 -2.44845E-17        
                         5.00000E-04 -6.66667E-01 -6.66667E-01  2.00000E-01  4.500E+01 -4.66667E-01 -8.66667E-01  7.51295E-01 -3.70577E-17 -2.44845E-17        

       47    CENTER     -5.00000E-04  6.66667E-01  6.66667E-01 -2.00000E-01 -4.500E+01  8.66667E-01  4.66667E-01  7.51295E-01  2.11758E-17 -3.44107E-17        
                         5.00000E-04 -6.66667E-01 -6.66667E-01  2.00000E-01  4.500E+01 -4.66667E-01 -8.66667E-01  7.51295E-01  2.11758E-17 -3.44107E-17        

       47   GRD     214 -5.00000E-04  6.66667E-01  6.66667E-01 -2.00000E-01 -4.500E+01  8.66667E-01  4.66667E-01  7.51295E-01  2.11758E-17 -3.44107E-17        
                         5.00000E-04 -6.66667E-01 -6.66667E-01  2.00000E-01  4.500E+01 -4.66667E-01 -8.66667E-01  7.51295E-01  2.11758E-17 -3.44107E-17        

       47   GRD     202 -5.00000E-04  6.66667E-01  6.66667E-01 -2.00000E-01 -4.500E+01  8.66667E-01  4.66667E-01  7.51295E-01  2.11758E-17 -3.44107E-17        
                         5.00000E-04 -6.66667E-01 -6.66667E-01  2.00000E-01  4.500E+01 -4.66667E-01 -8.66667E-01  7.51295E-01  2.11758E-17 -3.44107E-17        

       47   GRD     210 -5.00000E-04  6.66667E-01  6.66667E-01 -2.00000E-01 -4.500E+01  8.66667E-01  4.66667E-01  7.51295E-01  2.11758E-17 -3.44107E-17        
                         5.00000E-04 -6.66667E-01 -6.66667E-01  2.00000E-01  4.500E+01 -4.66667E-01 -8.66667E-01  7.51295E-01  2.11758E-17 -3.44107E-17        

       48    CENTER     -5.00000E-04  6.66667E-01  6.66667E-01 -2.00000E-01 -4.500E+01  8.66667E-01  4.66667E-01  7.51295E-01  2.27640E-16  6.56451E-16        
                         5.00000E-04 -6.66667E-01 -6.66667E-01  2.00000E-01  4.500E+01 -4.66667E-01 -8.66667E-01  7.51295E-01  2.27640E-16  6.56451E-16        

       48   GRD     213 -5.00000E-04  6.66667E-01  6.66667E-01 -2.00000E-01 -4.500E+01  8.66667E-01  4.66667E-01  7.51295E-01  2.27640E-16  6.56451E-16        
                         5.00000E-04 -6.66667E-01 -6.66667E-01  2.00000E-01  4.500E+01 -4.66667E-01 -8.66667E-01  7.51295E-01  2.27640E-16  6.56451E-16        

       48   GRD     210 -5.00000E-04  6.66667E-01  6.66667E-01 -2.00000E-01 -4.500E+01  8.66667E-01  4.66667E-01  7.51295E-01  2.27640E-16  6.56451E-16        
                         5.00000E-04 -6.66667E-01 -6.66667E-01  2.00000E-01  4.500E+01 -4.66667E-01 -8.66667E-01  7.51295E-01  2.27640E-16  6.56451E-16        

       48   GRD     208 -5.00000E-04  6.66667E-01  6.66667E-01 -2.00000E-01 -4.500E+01  8.66667E-01  4.66667E-01  7.51295E-01  2.27640E-16  6.56451E-16        
                         5.00000E-04 -6.66667E-01 -6.66667E-01  2.00000E-01  4.500E+01 -4.66667E-01 -8.66667E-01  7.51295E-01  2.27640E-16  6.56451E-16        

       49    CENTER     -5.00000E-04  6.66667E-01  6.66667E-01 -2.00000E-01 -4.500E+01  8.66667E-01  4.66667E-01  7.51295E-01  2.11758E-16 -1.58819E-17        
                         5.00000E-04 -6.66667E-01 -6.66667E-01  2.00000E-01  4.500E+01 -4.66667E-01 -8.66667E-01  7.51295E-01  2.11758E-16 -1.58819E-17        

       49   GRD     207 -5.00000E-04  6.66667E-01  6.66667E-01 -2.00000E-01 -4.500E+01  8.66667E-01  4.66667E-01  7.51295E-01  2.11758E-16 -1.58819E-17        
                         5.00000E-04 -6.66667E-01 -6.66667E-01  2.00000E-01  4.500E+01 -4.66667E-01 -8.66667E-01  7.51295E-01  2.11758E-16 -1.58819E-17        

       49   GRD     213 -5.00000E-04  6.66667E-01  6.66667E-01 -2.00000E-01 -4.500E+01  8.66667E-01  4.66667E-01  7.51295E-01  2.11758E-16 -1.58819E-17        
                         5.00000E-04 -6.66667E-01 -6.66667E-01  2.00000E-01  4.500E+01 -4.66667E-01 -8.66667E-01  7.51295E-01  2.11758E-16 -1.58819E-17        

       49   GRD     211 -5.00000E-04  6.66667E-01  6.66667E-01 -2.00000E-01 -4.500E+01  8.66667E-01  4.66667E-01  7.51295E-01  2.11758E-16 -1.58819E-17        
                         5.00000E-04 -6.66667E-01 -6.66667E-01  2.00000E-01  4.500E+01 -4.66667E-01 -8.66667E-01  7.51295E-01  2.11758E-16 -1.58819E-17        

       50    CENTER     -5.00000E-04  6.66667E-01  6.66667E-01 -2.00000E-01 -4.500E+01  8.66667E-01  4.66667E-01  7.51295E-01  2.91168E-16 -8.52327E-16        
                         5.00000E-04 -6.66667E-01 -6.66667E-01  2.00000E-01  4.500E+01 -4.66667E-01 -8.66667E-01  7.51295E-01  2.91168E-16 -8.52327E-16        

       50   GRD     212 -5.00000E-04  6.66667E-01  6.66667E-01 -2.00000E-01 -4.500E+01  8.66667E-01  4.66667E-01  7.51295E-01  2.91168E-16 -8.52327E-16        
                         5.00000E-04 -6.66667E-01 -6.66667E-01  2.00000E-01  4.500E+01 -4.66667E-01 -8.66667E-01  7.51295E-01  2.91168E-16 -8.52327E-16        

       50   GRD     213 -5.00000E-04  6.66667E-01  6.66667E-01 -2.00000E-01 -4.500E+01  8.66667E-01  4.66667E-01  7.51295E-01  2.91168E-16 -8.52327E-16        
                         5.00000E-04 -6.66667E-01 -6.66667E-01  2.00000E-01  4.500E+01 -4.66667E-01 -8.66667E-01  7.51295E-01  2.91168E-16 -8.52327E-16        

       50   GRD     207 -5.00000E-04  6.66667E-01  6.66667E-01 -2.00000E-01 -4.500E+01  8.66667E-01  4.66667E-01  7.51295E-01  2.91168E-16 -8.52327E-16        
                         5.00000E-04 -6.66667E-01 -6.66667E-01  2.00000E-01  4.500E+01 -4.66667E-01 -8.66667E-01  7.51295E-01  2.91168E-16 -8.52327E-16        
                                     ------------ ------------ ------------          ------------ ------------ ------------ ------------ ------------
 MAX* :                               6.66667E-01  6.66667E-01  2.00000E-01           8.66667E-01  4.66667E-01  7.51295E-01  5.22513E-15  1.10644E-14
 MIN* :                              -6.66667E-01 -6.66667E-01 -2.00000E-01          -4.66667E-01 -8.66667E-01  7.51295E-01 -1.65171E-15 -2.52257E-15

 ABS* :                               6.66667E-01  6.66667E-01  2.00000E-01           8.66667E-01  8.66667E-01  7.51295E-01  5.22513E-15  1.10644E-14
 *for output set

 SAP2000 PROBLEM 2-001-THICK                                                                                                     

0                                                                                                          SUBCASE        2
                                  S T R E S S E S   A T   G R I D   P O I N T S   - -     S U R F A C E     400
0                       SURFACE X-AXIS X  NORMAL(Z-AXIS)  Z         REFERENCE COORDINATE SYSTEM FOR SURFACE DEFINITION CID        0
     GRID      ELEMENT            STRESSES IN SURFACE SYSTEM           PRINCIPAL STRESSES            MAX
     ID          ID    FIBER   NORMAL-X   NORMAL-Y   SHEAR-XY     ANGLE      MAJOR      MINOR      SHEAR     VON MISES
      103        0     Z1       6.666667E-01  6.666667E-01  2.000000E-01  45.0000   8.666667E-01  4.666667E-01  2.000000E-01  7.512952E-01
                       Z2      -6.666667E-01 -6.666667E-01 -2.000000E-01 -45.0000  -4.666667E-01 -8.666667E-01  2.000000E-01  7.512952E-01
                       MID      0.0           0.0           0.0            0.0000   0.0           0.0           0.0           0.0
      102        0     Z1       6.666667E-01  6.666667E-01  2.000000E-01  45.0000   8.666667E-01  4.666667E-01  2.000000E-01  7.512952E-01
                       Z2      -6.666667E-01 -6.666667E-01 -2.000000E-01 -45.0000  -4.666667E-01 -8.666667E-01  2.000000E-01  7.512952E-01
                       MID      0.0           0.0           0.0            0.0000   0.0           0.0           0.0           0.0
      104        0     Z1       6.666667E-01  6.666667E-01  2.000000E-01  45.0000   8.666667E-01  4.666667E-01  2.000000E-01  7.512952E-01
                       Z2      -6.666667E-01 -6.666667E-01 -2.000000E-01 -45.0000  -4.666667E-01 -8.666667E-01  2.000000E-01  7.512952E-01
                       MID      0.0           0.0           0.0            0.0000   0.0           0.0           0.0           0.0
      105        0     Z1       6.666667E-01  6.666667E-01  2.000000E-01  45.0000   8.666667E-01  4.666667E-01  2.000000E-01  7.512952E-01
                       Z2      -6.666667E-01 -6.666667E-01 -2.000000E-01 -45.0000  -4.666667E-01 -8.666667E-01  2.000000E-01  7.512952E-01
                       MID      0.0           0.0           0.0            0.0000   0.0           0.0           0.0           0.0
      107        0     Z1       6.666667E-01  6.666667E-01  2.000000E-01  45.0000   8.666667E-01  4.666667E-01  2.000000E-01  7.512952E-01
                       Z2      -6.666667E-01 -6.666667E-01 -2.000000E-01 -45.0000  -4.666667E-01 -8.666667E-01  2.000000E-01  7.512952E-01
                       MID      0.0           0.0           0.0            0.0000   0.0           0.0           0.0           0.0
      106        0     Z1       6.666667E-01  6.666667E-01  2.000000E-01  45.0000   8.666667E-01  4.666667E-01  2.000000E-01  7.512952E-01
                       Z2      -6.666667E-01 -6.666667E-01 -2.000000E-01 -45.0000  -4.666667E-01 -8.666667E-01  2.000000E-01  7.512952E-01
                       MID      0.0           0.0           0.0            0.0000   0.0           0.0           0.0           0.0
      108        0     Z1       6.666667E-01  6.666667E-01  2.000000E-01  45.0000   8.666667E-01  4.666667E-01  2.000000E-01  7.512952E-01
                       Z2      -6.666667E-01 -6.666667E-01 -2.000000E-01 -45.0000  -4.666667E-01 -8.666667E-01  2.000000E-01  7.512952E-01
                       MID      0.0           0.0           0.0            0.0000   0.0           0.0           0.0           0.0
      101        0     Z1       6.666667E-01  6.666667E-01  2.000000E-01  45.0000   8.666667E-01  4.666667E-01  2.000000E-01  7.512952E-01
                       Z2      -6.666667E-01 -6.666667E-01 -2.000000E-01 -45.0000  -4.666667E-01 -8.666667E-01  2.000000E-01  7.512952E-01
                       MID      0.0           0.0           0.0            0.0000   0.0           0.0           0.0           0.0

 SAP2000 PROBLEM 2-001-THICK                                                                                                     

0                                                                                                          SUBCASE        2
                                  S T R E S S E S   A T   G R I D   P O I N T S   - -     S U R F A C E     500
0                       SURFACE X-AXIS X  NORMAL(Z-AXIS)  Z         REFERENCE COORDINATE SYSTEM FOR SURFACE DEFINITION CID        0
     GRID      ELEMENT            STRESSES IN SURFACE SYSTEM           PRINCIPAL STRESSES            MAX
     ID          ID    FIBER   NORMAL-X   NORMAL-Y   SHEAR-XY     ANGLE      MAJOR      MINOR      SHEAR     VON MISES
      209        0     Z1       6.666667E-01  6.666667E-01  2.000000E-01  45.0000   8.666667E-01  4.666667E-01  2.000000E-01  7.512952E-01
                       Z2      -6.666667E-01 -6.666667E-01 -2.000000E-01 -45.0000  -4.666667E-01 -8.666667E-01  2.000000E-01  7.512952E-01
                       MID      0.0           0.0           0.0            0.0000   0.0           0.0           0.0           0.0
      202        0     Z1       6.666667E-01  6.666667E-01  2.000000E-01  45.0000   8.666667E-01  4.666667E-01  2.000000E-01  7.512952E-01
                       Z2      -6.666667E-01 -6.666667E-01 -2.000000E-01 -45.0000  -4.666667E-01 -8.666667E-01  2.000000E-01  7.512952E-01
                       MID      0.0           0.0           0.0            0.0000   0.0           0.0           0.0           0.0
      214        0     Z1       6.666667E-01  6.666667E-01  2.000000E-01  45.0000   8.666667E-01  4.666667E-01  2.000000E-01  7.512952E-01
                       Z2      -6.666667E-01 -6.666667E-01 -2.000000E-01 -45.0000  -4.666667E-01 -8.666667E-01  2.000000E-01  7.512952E-01
                       MID      0.0           0.0           0.0            0.0000   0.0           0.0           0.0           0.0
      201        0     Z1       6.666667E-01  6.666667E-01  2.000000E-01  45.0000   8.666667E-01  4.666667E-01  2.000000E-01  7.512952E-01
                       Z2      -6.666667E-01 -6.666667E-01 -2.000000E-01 -45.0000  -4.666667E-01 -8.666667E-01  2.000000E-01  7.512952E-01
                       MID      0.0           0.0           0.0            0.0000   0.0           0.0           0.0           0.0
      212        0     Z1       6.666667E-01  6.666667E-01  2.000000E-01  45.0000   8.666667E-01  4.666667E-01  2.000000E-01  7.512952E-01
                       Z2      -6.666667E-01 -6.666667E-01 -2.000000E-01 -45.0000  -4.666667E-01 -8.666667E-01  2.000000E-01  7.512952E-01
                       MID      0.0           0.0           0.0            0.0000   0.0           0.0           0.0           0.0
      210        0     Z1       6.666667E-01  6.666667E-01  2.000000E-01  45.0000   8.666667E-01  4.666667E-01  2.000000E-01  7.512952E-01
                       Z2      -6.666667E-01 -6.666667E-01 -2.000000E-01 -45.0000  -4.666667E-01 -8.666667E-01  2.000000E-01  7.512952E-01
                       MID      0.0           0.0           0.0            0.0000   0.0           0.0           0.0           0.0
      213        0     Z1       6.666667E-01  6.666667E-01  2.000000E-01  45.0000   8.666667E-01  4.666667E-01  2.000000E-01  7.512952E-01
                       Z2      -6.666667E-01 -6.666667E-01 -2.000000E-01 -45.0000  -4.666667E-01 -8.666667E-01  2.000000E-01  7.512952E-01
                       MID      0.0           0.0           0.0            0.0000   0.0           0.0           0.0           0.0
      208        0     Z1       6.666667E-01  6.666667E-01  2.000000E-01  45.0000   8.666667E-01  4.666667E-01  2.000000E-01  7.512952E-01
                       Z2      -6.666667E-01 -6.666667E-01 -2.000000E-01 -45.0000  -4.666667E-01 -8.666667E-01  2.000000E-01  7.512952E-01
                       MID      0.0           0.0           0.0            0.0000   0.0           0.0           0.0           0.0
      211        0     Z1       6.666667E-01  6.666667E-01  2.000000E-01  45.0000   8.666667E-01  4.666667E-01  2.000000E-01  7.512952E-01
                       Z2      -6.666667E-01 -6.666667E-01 -2.000000E-01 -45.0000  -4.666667E-01 -8.666667E-01  2.000000E-01  7.512952E-01
                       MID      0.0           0.0           0.0            0.0000   0.0           0.0           0.0           0.0
      207        0     Z1       6.666667E-01  6.666667E-01  2.000000E-01  45.0000   8.666667E-01  4.666667E-01  2.000000E-01  7.512952E-01
                       Z2      -6.666667E-01 -6.666667E-01 -2.000000E-01 -45.0000  -4.666667E-01 -8.666667E-01  2.000000E-01  7.512952E-01
                       MID      0.0           0.0           0.0            0.0000   0.0           0.0           0.0           0.0


 OUTPUT FOR SUBCASE        2
 SAP2000 PROBLEM 2-001-THICK                                                                                                                                                                                                                                     
 LC2_BENDING                                                                                                                                                                                                                                                     

                                    E L E M E N T   S T R E S S E S   I N   L O C A L   E L E M E N T   C O O R D I N A T E   S Y S T E M
                                                                 F O R   E L E M E N T   T Y P E   T R I A 6  
  Element    Location      Stress       Stresses In Reported Coord System      Principal Stresses (Zero Shear)               Transverse   Transverse
     ID                  Distance      Normal-X     Normal-Y      Shear-XY     Angle     Major        Minor      von Mises     Shear-XZ     Shear-YZ
                                                                                                                             (max through thickness)

       51    CENTER     -5.00000E-04  5.28736E-01  8.04598E-01 -1.44828E-01 -6.680E+01  8.66667E-01  4.66667E-01  7.51295E-01 -1.78012E-12 -1.65612E-12        
                         5.00000E-04 -5.28736E-01 -8.04598E-01  1.44828E-01  2.320E+01 -4.66667E-01 -8.66667E-01  7.51295E-01 -1.78012E-12 -1.65612E-12        

       51   GRD     303 -5.00000E-04  5.28736E-01  8.04598E-01 -1.44828E-01 -6.680E+01  8.66667E-01  4.66667E-01  7.51295E-01  4.79771E-12  9.82723E-12        
                         5.00000E-04 -5.28736E-01 -8.04598E-01  1.44828E-01  2.320E+01 -4.66667E-01 -8.66667E-01  7.51295E-01  4.79771E-12  9.82723E-12        

       51   GRD     302 -5.00000E-04  5.28736E-01  8.04598E-01 -1.44828E-01 -6.680E+01  8.66667E-01  4.66667E-01  7.51295E-01 -1.01032E-12  3.95370E-12        
                         5.00000E-04 -5.28736E-01 -8.04598E-01  1.44828E-01  2.320E+01 -4.66667E-01 -8.66667E-01  7.51295E-01 -1.01032E-12  3.95370E-12        

       51   GRD     304 -5.00000E-04  5.28736E-01  8.04598E-01 -1.44828E-01 -6.680E+01  8.66667E-01  4.66667E-01  7.51295E-01  8.00230E-12  1.18686E-12        
                         5.00000E-04 -5.28736E-01 -8.04598E-01  1.44828E-01  2.320E+01 -4.66667E-01 -8.66667E-01  7.51295E-01  8.00230E-12  1.18686E-12        

       51   GRD     321 -5.00000E-04  5.28736E-01  8.04598E-01 -1.44828E-01 -6.680E+01  8.66667E-01  4.66667E-01  7.51295E-01  1.90142E-12 -4.97378E-12        
                         5.00000E-04 -5.28736E-01 -8.04598E-01  1.44828E-01  2.320E+01 -4.66667E-01 -8.66667E-01  7.51295E-01  1.90142E-12 -4.97378E-12        

       51   GRD     316 -5.00000E-04  5.28736E-01  8.04598E-01 -1.44828E-01 -6.680E+01  8.66667E-01  4.66667E-01  7.51295E-01  3.40341E-13  6.12944E-12        
                         5.00000E-04 -5.28736E-01 -8.04598E-01  1.44828E-01  2.320E+01 -4.66667E-01 -8.66667E-01  7.51295E-01  3.40341E-13  6.12944E-12        

       51   GRD     314 -5.00000E-04  5.28736E-01  8.04598E-01 -1.44828E-01 -6.680E+01  8.66667E-01  4.66667E-01  7.51295E-01 -3.30953E-12 -1.16281E-12        
                         5.00000E-04 -5.28736E-01 -8.04598E-01  1.44828E-01  2.320E+01 -4.66667E-01 -8.66667E-01  7.51295E-01 -3.30953E-12 -1.16281E-12        

       52    CENTER     -5.00000E-04  6.95093E-01  6.38240E-01  1.97970E-01  4.091E+01  8.66667E-01  4.66667E-01  7.51295E-01  1.13841E-12  1.67679E-12        
                         5.00000E-04 -6.95093E-01 -6.38240E-01 -1.97970E-01 -4.909E+01 -4.66667E-01 -8.66667E-01  7.51295E-01  1.13841E-12  1.67679E-12        

       52   GRD     303 -5.00000E-04  6.95093E-01  6.38240E-01  1.97970E-01  4.091E+01  8.66667E-01  4.66667E-01  7.51295E-01  3.15178E-13 -6.67869E-12        
                         5.00000E-04 -6.95093E-01 -6.38240E-01 -1.97970E-01 -4.909E+01 -4.66667E-01 -8.66667E-01  7.51295E-01  3.15178E-13 -6.67869E-12        

       52   GRD     305 -5.00000E-04  6.95093E-01  6.38240E-01  1.97970E-01  4.091E+01  8.66667E-01  4.66667E-01  7.51295E-01 -3.06335E-12  4.70781E-13        
                         5.00000E-04 -6.95093E-01 -6.38240E-01 -1.97970E-01 -4.909E+01 -4.66667E-01 -8.66667E-01  7.51295E-01 -3.06335E-12  4.70781E-13        

       52   GRD     307 -5.00000E-04  6.95093E-01  6.38240E-01  1.97970E-01  4.091E+01  8.66667E-01  4.66667E-01  7.51295E-01  7.80626E-13 -9.50845E-12        
                         5.00000E-04 -6.95093E-01 -6.38240E-01 -1.97970E-01 -4.909E+01 -4.66667E-01 -8.66667E-01  7.51295E-01  7.80626E-13 -9.50845E-12        

       52   GRD     319 -5.00000E-04  6.95093E-01  6.38240E-01  1.97970E-01  4.091E+01  8.66667E-01  4.66667E-01  7.51295E-01 -1.39422E-12 -2.99240E-12        
                         5.00000E-04 -6.95093E-01 -6.38240E-01 -1.97970E-01 -4.909E+01 -4.66667E-01 -8.66667E-01  7.51295E-01 -1.39422E-12 -2.99240E-12        

       52   GRD     318 -5.00000E-04  6.95093E-01  6.38240E-01  1.97970E-01  4.091E+01  8.66667E-01  4.66667E-01  7.51295E-01  8.89046E-13 -1.10589E-12        
                         5.00000E-04 -6.95093E-01 -6.38240E-01 -1.97970E-01 -4.909E+01 -4.66667E-01 -8.66667E-01  7.51295E-01  8.89046E-13 -1.10589E-12        

       52   GRD     324 -5.00000E-04  6.95093E-01  6.38240E-01  1.97970E-01  4.091E+01  8.66667E-01  4.66667E-01  7.51295E-01  2.59260E-12  3.83808E-12        
                         5.00000E-04 -6.95093E-01 -6.38240E-01 -1.97970E-01 -4.909E+01 -4.66667E-01 -8.66667E-01  7.51295E-01  2.59260E-12  3.83808E-12        

       53    CENTER     -5.00000E-04  6.66667E-01  6.66667E-01  2.00000E-01  4.500E+01  8.66667E-01  4.66667E-01  7.51295E-01  7.69784E-13  3.55478E-12        
                         5.00000E-04 -6.66667E-01 -6.66667E-01 -2.00000E-01 -4.500E+01 -4.66667E-01 -8.66667E-01  7.51295E-01  7.69784E-13  3.55478E-12        

       53   GRD     304 -5.00000E-04  6.66667E-01  6.66667E-01  2.00000E-01  4.500E+01  8.66667E-01  4.66667E-01  7.51295E-01 -5.65954E-12 -2.17491E-11        
                         5.00000E-04 -6.66667E-01 -6.66667E-01 -2.00000E-01 -4.500E+01 -4.66667E-01 -8.66667E-01  7.51295E-01 -5.65954E-12 -2.17491E-11        

       53   GRD     306 -5.00000E-04  6.66667E-01  6.66667E-01  2.00000E-01  4.500E+01  8.66667E-01  4.66667E-01  7.51295E-01 -6.07153E-13 -2.93572E-12        
                         5.00000E-04 -6.66667E-01 -6.66667E-01 -2.00000E-01 -4.500E+01 -4.66667E-01 -8.66667E-01  7.51295E-01 -6.07153E-13 -2.93572E-12        

       53   GRD     305 -5.00000E-04  6.66667E-01  6.66667E-01  2.00000E-01  4.500E+01  8.66667E-01  4.66667E-01  7.51295E-01  5.09575E-13 -6.01190E-12        
                         5.00000E-04 -6.66667E-01 -6.66667E-01 -2.00000E-01 -4.500E+01 -4.66667E-01 -8.66667E-01  7.51295E-01  5.09575E-13 -6.01190E-12        

       53   GRD     320 -5.00000E-04  6.66667E-01  6.66667E-01  2.00000E-01  4.500E+01  8.66667E-01  4.66667E-01  7.51295E-01 -3.13414E-12  3.48029E-12        
                         5.00000E-04 -6.66667E-01 -6.66667E-01 -2.00000E-01 -4.500E+01 -4.66667E-01 -8.66667E-01  7.51295E-01 -3.13414E-12  3.48029E-12        

       53   GRD     313 -5.00000E-04  6.66667E-01  6.66667E-01  2.00000E-01  4.500E+01  8.66667E-01  4.66667E-01  7.51295E-01 -1.98409E-12 -5.34512E-12        
                         5.00000E-04 -6.66667E-01 -6.66667E-01 -2.00000E-01 -4.500E+01 -4.66667E-01 -8.66667E-01  7.51295E-01 -1.98409E-12 -5.34512E-12        

       53   GRD     325 -5.00000E-04  6.66667E-01  6.66667E-01  2.00000E-01  4.500E+01  8.66667E-01  4.66667E-01  7.51295E-01  5.33970E-12  2.06541E-12        
                         5.00000E-04 -6.66667E-01 -6.66667E-01 -2.00000E-01 -4.500E+01 -4.66667E-01 -8.66667E-01  7.51295E-01  5.33970E-12  2.06541E-12        

       54    CENTER     -5.00000E-04  5.72549E-01  7.60784E-01  1.76471E-01  5.904E+01  8.66667E-01  4.66667E-01  7.51295E-01 -1.40946E-13 -9.75782E-13        
                         5.00000E-04 -5.72549E-01 -7.60784E-01 -1.76471E-01 -3.096E+01 -4.66667E-01 -8.66667E-01  7.51295E-01 -1.40946E-13 -9.75782E-13        

       54   GRD     306 -5.00000E-04  5.72549E-01  7.60784E-01  1.76471E-01  5.904E+01  8.66667E-01  4.66667E-01  7.51295E-01  2.20933E-12  2.41777E-12        
                         5.00000E-04 -5.72549E-01 -7.60784E-01 -1.76471E-01 -3.096E+01 -4.66667E-01 -8.66667E-01  7.51295E-01  2.20933E-12  2.41777E-12        

       54   GRD     302 -5.00000E-04  5.72549E-01  7.60784E-01  1.76471E-01  5.904E+01  8.66667E-01  4.66667E-01  7.51295E-01 -6.49840E-13  3.19360E-12        
                         5.00000E-04 -5.72549E-01 -7.60784E-01 -1.76471E-01 -3.096E+01 -4.66667E-01 -8.66667E-01  7.51295E-01 -6.49840E-13  3.19360E-12        

       54   GRD     308 -5.00000E-04  5.72549E-01  7.60784E-01  1.76471E-01  5.904E+01  8.66667E-01  4.66667E-01  7.51295E-01 -9.08019E-13 -5.74627E-13        
                         5.00000E-04 -5.72549E-01 -7.60784E-01 -1.76471E-01 -3.096E+01 -4.66667E-01 -8.66667E-01  7.51295E-01 -9.08019E-13 -5.74627E-13        

       54   GRD     322 -5.00000E-04  5.72549E-01  7.60784E-01  1.76471E-01  5.904E+01  8.66667E-01  4.66667E-01  7.51295E-01  7.60797E-13 -2.32019E-12        
                         5.00000E-04 -5.72549E-01 -7.60784E-01 -1.76471E-01 -3.096E+01 -4.66667E-01 -8.66667E-01  7.51295E-01  7.60797E-13 -2.32019E-12        

       54   GRD     310 -5.00000E-04  5.72549E-01  7.60784E-01  1.76471E-01  5.904E+01  8.66667E-01  4.66667E-01  7.51295E-01 -2.41235E-13 -1.00831E-12        
                         5.00000E-04 -5.72549E-01 -7.60784E-01 -1.76471E-01 -3.096E+01 -4.66667E-01 -8.66667E-01  7.51295E-01 -2.41235E-13 -1.00831E-12        

       54   GRD     317 -5.00000E-04  5.72549E-01  7.60784E-01  1.76471E-01  5.904E+01  8.66667E-01  4.66667E-01  7.51295E-01 -6.39679E-13  2.32019E-12        
                         5.00000E-04 -5.72549E-01 -7.60784E-01 -1.76471E-01 -3.096E+01 -4.66667E-01 -8.66667E-01  7.51295E-01 -6.39679E-13  2.32019E-12        

       55    CENTER     -5.00000E-04  5.28736E-01  8.04598E-01 -1.44828E-01 -6.680E+01  8.66667E-01  4.66667E-01  7.51295E-01  1.04897E-12  5.09575E-13        
                         5.00000E-04 -5.28736E-01 -8.04598E-01  1.44828E-01  2.320E+01 -4.66667E-01 -8.66667E-01  7.51295E-01  1.04897E-12  5.09575E-13        

       55   GRD     305 -5.00000E-04  5.28736E-01  8.04598E-01 -1.44828E-01 -6.680E+01  8.66667E-01  4.66667E-01  7.51295E-01 -4.19333E-12 -1.42573E-12        
                         5.00000E-04 -5.28736E-01 -8.04598E-01  1.44828E-01  2.320E+01 -4.66667E-01 -8.66667E-01  7.51295E-01 -4.19333E-12 -1.42573E-12        

       55   GRD     306 -5.00000E-04  5.28736E-01  8.04598E-01 -1.44828E-01 -6.680E+01  8.66667E-01  4.66667E-01  7.51295E-01 -5.20496E-12 -1.58583E-12        
                         5.00000E-04 -5.28736E-01 -8.04598E-01  1.44828E-01  2.320E+01 -4.66667E-01 -8.66667E-01  7.51295E-01 -5.20496E-12 -1.58583E-12        

       55   GRD     308 -5.00000E-04  5.28736E-01  8.04598E-01 -1.44828E-01 -6.680E+01  8.66667E-01  4.66667E-01  7.51295E-01 -5.88722E-12 -5.56331E-13        
                         5.00000E-04 -5.28736E-01 -8.04598E-01  1.44828E-01  2.320E+01 -4.66667E-01 -8.66667E-01  7.51295E-01 -5.88722E-12 -5.56331E-13        

       55   GRD     313 -5.00000E-04  5.28736E-01  8.04598E-01 -1.44828E-01 -6.680E+01  8.66667E-01  4.66667E-01  7.51295E-01 -4.73514E-12 -2.51535E-12        
                         5.00000E-04 -5.28736E-01 -8.04598E-01  1.44828E-01  2.320E+01 -4.66667E-01 -8.66667E-01  7.51295E-01 -4.73514E-12 -2.51535E-12        

       55   GRD     317 -5.00000E-04  5.28736E-01  8.04598E-01 -1.44828E-01 -6.680E+01  8.66667E-01  4.66667E-01  7.51295E-01  2.14672E-12 -4.82470E-13        
                         5.00000E-04 -5.28736E-01 -8.04598E-01  1.44828E-01  2.320E+01 -4.66667E-01 -8.66667E-01  7.51295E-01  2.14672E-12 -4.82470E-13        

       55   GRD     323 -5.00000E-04  5.28736E-01  8.04598E-01 -1.44828E-01 -6.680E+01  8.66667E-01  4.66667E-01  7.51295E-01  8.13152E-13  3.11708E-12        
                         5.00000E-04 -5.28736E-01 -8.04598E-01  1.44828E-01  2.320E+01 -4.66667E-01 -8.66667E-01  7.51295E-01  8.13152E-13  3.11708E-12        

       56    CENTER     -5.00000E-04  6.66667E-01  6.66667E-01 -2.00000E-01 -4.500E+01  8.66667E-01  4.66667E-01  7.51295E-01 -4.99411E-13  6.85080E-13        
                         5.00000E-04 -6.66667E-01 -6.66667E-01  2.00000E-01  4.500E+01 -4.66667E-01 -8.66667E-01  7.51295E-01 -4.99411E-13  6.85080E-13        

       56   GRD     301 -5.00000E-04  6.66667E-01  6.66667E-01 -2.00000E-01 -4.500E+01  8.66667E-01  4.66667E-01  7.51295E-01 -3.52366E-14  1.98070E-12        
                         5.00000E-04 -6.66667E-01 -6.66667E-01  2.00000E-01  4.500E+01 -4.66667E-01 -8.66667E-01  7.51295E-01 -3.52366E-14  1.98070E-12        

       56   GRD     302 -5.00000E-04  6.66667E-01  6.66667E-01 -2.00000E-01 -4.500E+01  8.66667E-01  4.66667E-01  7.51295E-01  8.67362E-14 -2.10534E-12        
                         5.00000E-04 -6.66667E-01 -6.66667E-01  2.00000E-01  4.500E+01 -4.66667E-01 -8.66667E-01  7.51295E-01  8.67362E-14 -2.10534E-12        

       56   GRD     303 -5.00000E-04  6.66667E-01  6.66667E-01 -2.00000E-01 -4.500E+01  8.66667E-01  4.66667E-01  7.51295E-01  5.66123E-12 -3.00053E-12        
                         5.00000E-04 -6.66667E-01 -6.66667E-01  2.00000E-01  4.500E+01 -4.66667E-01 -8.66667E-01  7.51295E-01  5.66123E-12 -3.00053E-12        

       56   GRD     309 -5.00000E-04  6.66667E-01  6.66667E-01 -2.00000E-01 -4.500E+01  8.66667E-01  4.66667E-01  7.51295E-01  2.71051E-14 -1.07065E-12        
                         5.00000E-04 -6.66667E-01 -6.66667E-01  2.00000E-01  4.500E+01 -4.66667E-01 -8.66667E-01  7.51295E-01  2.71051E-14 -1.07065E-12        

       56   GRD     321 -5.00000E-04  6.66667E-01  6.66667E-01 -2.00000E-01 -4.500E+01  8.66667E-01  4.66667E-01  7.51295E-01  3.33900E-13  3.76252E-12        
                         5.00000E-04 -6.66667E-01 -6.66667E-01  2.00000E-01  4.500E+01 -4.66667E-01 -8.66667E-01  7.51295E-01  3.33900E-13  3.76252E-12        

       56   GRD     315 -5.00000E-04  6.66667E-01  6.66667E-01 -2.00000E-01 -4.500E+01  8.66667E-01  4.66667E-01  7.51295E-01 -5.74288E-14 -1.94326E-12        
                         5.00000E-04 -6.66667E-01 -6.66667E-01  2.00000E-01  4.500E+01 -4.66667E-01 -8.66667E-01  7.51295E-01 -5.74288E-14 -1.94326E-12        

       57    CENTER     -5.00000E-04  5.06667E-01  8.26667E-01  1.20000E-01  7.157E+01  8.66667E-01  4.66667E-01  7.51295E-01 -2.39067E-12  2.71051E-12        
                         5.00000E-04 -5.06667E-01 -8.26667E-01 -1.20000E-01 -1.843E+01 -4.66667E-01 -8.66667E-01  7.51295E-01 -2.39067E-12  2.71051E-12        

       57   GRD     304 -5.00000E-04  5.06667E-01  8.26667E-01  1.20000E-01  7.157E+01  8.66667E-01  4.66667E-01  7.51295E-01  7.10800E-12 -1.73792E-12        
                         5.00000E-04 -5.06667E-01 -8.26667E-01 -1.20000E-01 -1.843E+01 -4.66667E-01 -8.66667E-01  7.51295E-01  7.10800E-12 -1.73792E-12        

       57   GRD     302 -5.00000E-04  5.06667E-01  8.26667E-01  1.20000E-01  7.157E+01  8.66667E-01  4.66667E-01  7.51295E-01  3.93393E-13  3.20803E-13        
                         5.00000E-04 -5.06667E-01 -8.26667E-01 -1.20000E-01 -1.843E+01 -4.66667E-01 -8.66667E-01  7.51295E-01  3.93393E-13  3.20803E-13        

       57   GRD     306 -5.00000E-04  5.06667E-01  8.26667E-01  1.20000E-01  7.157E+01  8.66667E-01  4.66667E-01  7.51295E-01  8.05333E-12 -2.73707E-11        
                         5.00000E-04 -5.06667E-01 -8.26667E-01 -1.20000E-01 -1.843E+01 -4.66667E-01 -8.66667E-01  7.51295E-01  8.05333E-12 -2.73707E-11        

       57   GRD     316 -5.00000E-04  5.06667E-01  8.26667E-01  1.20000E-01  7.157E+01  8.66667E-01  4.66667E-01  7.51295E-01  3.74109E-12 -1.90603E-11        
                         5.00000E-04 -5.06667E-01 -8.26667E-01 -1.20000E-01 -1.843E+01 -4.66667E-01 -8.66667E-01  7.51295E-01  3.74109E-12 -1.90603E-11        

       57   GRD     322 -5.00000E-04  5.06667E-01  8.26667E-01  1.20000E-01  7.157E+01  8.66667E-01  4.66667E-01  7.51295E-01 -6.46874E-13  8.11596E-12        
                         5.00000E-04 -5.06667E-01 -8.26667E-01 -1.20000E-01 -1.843E+01 -4.66667E-01 -8.66667E-01  7.51295E-01 -6.46874E-13  8.11596E-12        

       57   GRD     320 -5.00000E-04  5.06667E-01  8.26667E-01  1.20000E-01  7.157E+01  8.66667E-01  4.66667E-01  7.51295E-01 -4.62954E-12  9.69277E-12        
                         5.00000E-04 -5.06667E-01 -8.26667E-01 -1.20000E-01 -1.843E+01 -4.66667E-01 -8.66667E-01  7.51295E-01 -4.62954E-12  9.69277E-12        

       58    CENTER     -5.00000E-04  8.51282E-01  4.82051E-01 -7.69231E-02 -1.131E+01  8.66667E-01  4.66667E-01  7.51295E-01 -5.61075E-13  1.63172E-12        
                         5.00000E-04 -8.51282E-01 -4.82051E-01  7.69231E-02  7.869E+01 -4.66667E-01 -8.66667E-01  7.51295E-01 -5.61075E-13  1.63172E-12        

       58   GRD     305 -5.00000E-04  8.51282E-01  4.82051E-01 -7.69231E-02 -1.131E+01  8.66667E-01  4.66667E-01  7.51295E-01  6.61363E-13 -2.84061E-12        
                         5.00000E-04 -8.51282E-01 -4.82051E-01  7.69231E-02  7.869E+01 -4.66667E-01 -8.66667E-01  7.51295E-01  6.61363E-13 -2.84061E-12        

       58   GRD     308 -5.00000E-04  8.51282E-01  4.82051E-01 -7.69231E-02 -1.131E+01  8.66667E-01  4.66667E-01  7.51295E-01  4.33761E-12 -5.08658E-12        
                         5.00000E-04 -8.51282E-01 -4.82051E-01  7.69231E-02  7.869E+01 -4.66667E-01 -8.66667E-01  7.51295E-01  4.33761E-12 -5.08658E-12        

       58   GRD     307 -5.00000E-04  8.51282E-01  4.82051E-01 -7.69231E-02 -1.131E+01  8.66667E-01  4.66667E-01  7.51295E-01 -1.84314E-13 -2.98156E-12        
                         5.00000E-04 -8.51282E-01 -4.82051E-01  7.69231E-02  7.869E+01 -4.66667E-01 -8.66667E-01  7.51295E-01 -1.84314E-13 -2.98156E-12        

       58   GRD     323 -5.00000E-04  8.51282E-01  4.82051E-01 -7.69231E-02 -1.131E+01  8.66667E-01  4.66667E-01  7.51295E-01  2.43957E-12  1.53957E-12        
                         5.00000E-04 -8.51282E-01 -4.82051E-01  7.69231E-02  7.869E+01 -4.66667E-01 -8.66667E-01  7.51295E-01  2.43957E-12  1.53957E-12        

       58   GRD     311 -5.00000E-04  8.51282E-01  4.82051E-01 -7.69231E-02 -1.131E+01  8.66667E-01  4.66667E-01  7.51295E-01 -2.15756E-12  2.17383E-12        
                         5.00000E-04 -8.51282E-01 -4.82051E-01  7.69231E-02  7.869E+01 -4.66667E-01 -8.66667E-01  7.51295E-01 -2.15756E-12  2.17383E-12        

       58   GRD     318 -5.00000E-04  8.51282E-01  4.82051E-01 -7.69231E-02 -1.131E+01  8.66667E-01  4.66667E-01  7.51295E-01 -4.63496E-13 -2.95987E-12        
                         5.00000E-04 -8.51282E-01 -4.82051E-01  7.69231E-02  7.869E+01 -4.66667E-01 -8.66667E-01  7.51295E-01 -4.63496E-13 -2.95987E-12        

       59    CENTER     -5.00000E-04  8.26667E-01  5.06667E-01  1.20000E-01  1.843E+01  8.66667E-01  4.66667E-01  7.51295E-01  1.16281E-12  4.33681E-13        
                         5.00000E-04 -8.26667E-01 -5.06667E-01 -1.20000E-01 -7.157E+01 -4.66667E-01 -8.66667E-01  7.51295E-01  1.16281E-12  4.33681E-13        

       59   GRD     301 -5.00000E-04  8.26667E-01  5.06667E-01  1.20000E-01  1.843E+01  8.66667E-01  4.66667E-01  7.51295E-01  3.89002E-12  3.27429E-12        
                         5.00000E-04 -8.26667E-01 -5.06667E-01 -1.20000E-01 -7.157E+01 -4.66667E-01 -8.66667E-01  7.51295E-01  3.89002E-12  3.27429E-12        

       59   GRD     303 -5.00000E-04  8.26667E-01  5.06667E-01  1.20000E-01  1.843E+01  8.66667E-01  4.66667E-01  7.51295E-01 -5.26978E-12 -5.17602E-12        
                         5.00000E-04 -8.26667E-01 -5.06667E-01 -1.20000E-01 -7.157E+01 -4.66667E-01 -8.66667E-01  7.51295E-01 -5.26978E-12 -5.17602E-12        

       59   GRD     307 -5.00000E-04  8.26667E-01  5.06667E-01  1.20000E-01  1.843E+01  8.66667E-01  4.66667E-01  7.51295E-01 -4.66207E-12 -6.57027E-12        
                         5.00000E-04 -8.26667E-01 -5.06667E-01 -1.20000E-01 -7.157E+01 -4.66667E-01 -8.66667E-01  7.51295E-01 -4.66207E-12 -6.57027E-12        

       59   GRD     315 -5.00000E-04  8.26667E-01  5.06667E-01  1.20000E-01  1.843E+01  8.66667E-01  4.66667E-01  7.51295E-01 -6.93374E-13 -4.57533E-12        
                         5.00000E-04 -8.26667E-01 -5.06667E-01 -1.20000E-01 -7.157E+01 -4.66667E-01 -8.66667E-01  7.51295E-01 -6.93374E-13 -4.57533E-12        

       59   GRD     324 -5.00000E-04  8.26667E-01  5.06667E-01  1.20000E-01  1.843E+01  8.66667E-01  4.66667E-01  7.51295E-01  3.00324E-12  6.80879E-12        
                         5.00000E-04 -8.26667E-01 -5.06667E-01 -1.20000E-01 -7.157E+01 -4.66667E-01 -8.66667E-01  7.51295E-01  3.00324E-12  6.80879E-12        

       59   GRD     312 -5.00000E-04  8.26667E-01  5.06667E-01  1.20000E-01  1.843E+01  8.66667E-01  4.66667E-01  7.51295E-01 -1.18178E-12 -3.25261E-12        
                         5.00000E-04 -8.26667E-01 -5.06667E-01 -1.20000E-01 -7.157E+01 -4.66667E-01 -8.66667E-01  7.51295E-01 -1.18178E-12 -3.25261E-12        

       60    CENTER     -5.00000E-04  8.51282E-01  4.82051E-01 -7.69231E-02 -1.131E+01  8.66667E-01  4.66667E-01  7.51295E-01  2.81215E-12  2.52077E-13        
                         5.00000E-04 -8.51282E-01 -4.82051E-01  7.69231E-02  7.869E+01 -4.66667E-01 -8.66667E-01  7.51295E-01  2.81215E-12  2.52077E-13        

       60   GRD     303 -5.00000E-04  8.51282E-01  4.82051E-01 -7.69231E-02 -1.131E+01  8.66667E-01  4.66667E-01  7.51295E-01 -2.64234E-12  3.17671E-12        
                         5.00000E-04 -8.51282E-01 -4.82051E-01  7.69231E-02  7.869E+01 -4.66667E-01 -8.66667E-01  7.51295E-01 -2.64234E-12  3.17671E-12        

       60   GRD     304 -5.00000E-04  8.51282E-01  4.82051E-01 -7.69231E-02 -1.131E+01  8.66667E-01  4.66667E-01  7.51295E-01 -9.00701E-12  3.42467E-12        
                         5.00000E-04 -8.51282E-01 -4.82051E-01  7.69231E-02  7.869E+01 -4.66667E-01 -8.66667E-01  7.51295E-01 -9.00701E-12  3.42467E-12        

       60   GRD     305 -5.00000E-04  8.51282E-01  4.82051E-01 -7.69231E-02 -1.131E+01  8.66667E-01  4.66667E-01  7.51295E-01 -1.57806E-11 -4.05221E-12        
                         5.00000E-04 -8.51282E-01 -4.82051E-01  7.69231E-02  7.869E+01 -4.66667E-01 -8.66667E-01  7.51295E-01 -1.57806E-11 -4.05221E-12        

       60   GRD     314 -5.00000E-04  8.51282E-01  4.82051E-01 -7.69231E-02 -1.131E+01  8.66667E-01  4.66667E-01  7.51295E-01 -5.84385E-12 -5.72459E-12        
                         5.00000E-04 -8.51282E-01 -4.82051E-01  7.69231E-02  7.869E+01 -4.66667E-01 -8.66667E-01  7.51295E-01 -5.84385E-12 -5.72459E-12        

       60   GRD     325 -5.00000E-04  8.51282E-01  4.82051E-01 -7.69231E-02 -1.131E+01  8.66667E-01  4.66667E-01  7.51295E-01  8.02310E-12  2.23752E-12        
                         5.00000E-04 -8.51282E-01 -4.82051E-01  7.69231E-02  7.869E+01 -4.66667E-01 -8.66667E-01  7.51295E-01  8.02310E-12  2.23752E-12        

       60   GRD     319 -5.00000E-04  8.51282E-01  4.82051E-01 -7.69231E-02 -1.131E+01  8.66667E-01  4.66667E-01  7.51295E-01 -2.65358E-12  4.62141E-12        
                         5.00000E-04 -8.51282E-01 -4.82051E-01  7.69231E-02  7.869E+01 -4.66667E-01 -8.66667E-01  7.51295E-01 -2.65358E-12  4.62141E-12        
                                     ------------ ------------ ------------          ------------ ------------ ------------ ------------ ------------
 MAX* :                               6.95093E-01  8.04598E-01  1.97970E-01           8.66667E-01  4.66667E-01  7.51295E-01  8.00230E-12  9.82723E-12
 MIN* :                              -6.95093E-01 -8.04598E-01 -1.97970E-01          -4.66667E-01 -8.66667E-01  7.51295E-01 -3.30953E-12 -6.67869E-12

 ABS* :                               6.95093E-01  8.04598E-01  1.97970E-01           8.66667E-01  8.66667E-01  7.51295E-01  8.00230E-12  9.82723E-12
 *for output set

 SAP2000 PROBLEM 2-001-THICK                                                                                                     

0                                                                                                          SUBCASE        2
                                  S T R E S S E S   A T   G R I D   P O I N T S   - -     S U R F A C E     600
0                       SURFACE X-AXIS X  NORMAL(Z-AXIS)  Z         REFERENCE COORDINATE SYSTEM FOR SURFACE DEFINITION CID        0
     GRID      ELEMENT            STRESSES IN SURFACE SYSTEM           PRINCIPAL STRESSES            MAX
     ID          ID    FIBER   NORMAL-X   NORMAL-Y   SHEAR-XY     ANGLE      MAJOR      MINOR      SHEAR     VON MISES
      303        0     Z1       6.666667E-01  6.666667E-01  2.000000E-01  45.0000   8.666667E-01  4.666667E-01  2.000000E-01  7.512952E-01
                       Z2      -6.666667E-01 -6.666667E-01 -2.000000E-01 -45.0000  -4.666667E-01 -8.666667E-01  2.000000E-01  7.512952E-01
                       MID      0.0           0.0           0.0            0.0000   0.0           0.0           0.0           0.0
      302        0     Z1       6.666667E-01  6.666667E-01  2.000000E-01  45.0000   8.666667E-01  4.666667E-01  2.000000E-01  7.512952E-01
                       Z2      -6.666667E-01 -6.666667E-01 -2.000000E-01 -45.0000  -4.666667E-01 -8.666667E-01  2.000000E-01  7.512952E-01
                       MID      0.0           0.0           0.0            0.0000   0.0           0.0           0.0           0.0
      304        0     Z1       6.666667E-01  6.666667E-01  2.000000E-01  45.0000   8.666667E-01  4.666667E-01  2.000000E-01  7.512952E-01
                       Z2      -6.666667E-01 -6.666667E-01 -2.000000E-01 -45.0000  -4.666667E-01 -8.666667E-01  2.000000E-01  7.512952E-01
                       MID      0.0           0.0           0.0            0.0000   0.0           0.0           0.0           0.0
      321        0     Z1       6.666667E-01  6.666667E-01  2.000000E-01  45.0000   8.666667E-01  4.666667E-01  2.000000E-01  7.512952E-01
                       Z2      -6.666667E-01 -6.666667E-01 -2.000000E-01 -45.0000  -4.666667E-01 -8.666667E-01  2.000000E-01  7.512952E-01
                       MID      0.0           0.0           0.0            0.0000   0.0           0.0           0.0           0.0
      316        0     Z1       6.666667E-01  6.666667E-01  2.000000E-01  45.0000   8.666667E-01  4.666667E-01  2.000000E-01  7.512952E-01
                       Z2      -6.666667E-01 -6.666667E-01 -2.000000E-01 -45.0000  -4.666667E-01 -8.666667E-01  2.000000E-01  7.512952E-01
                       MID      0.0           0.0           0.0            0.0000   0.0           0.0           0.0           0.0
      314        0     Z1       6.666667E-01  6.666667E-01  2.000000E-01  45.0000   8.666667E-01  4.666667E-01  2.000000E-01  7.512952E-01
                       Z2      -6.666667E-01 -6.666667E-01 -2.000000E-01 -45.0000  -4.666667E-01 -8.666667E-01  2.000000E-01  7.512952E-01
                       MID      0.0           0.0           0.0            0.0000   0.0           0.0           0.0           0.0
      305        0     Z1       6.666667E-01  6.666667E-01  2.000000E-01  45.0000   8.666667E-01  4.666667E-01  2.000000E-01  7.512952E-01
                       Z2      -6.666667E-01 -6.666667E-01 -2.000000E-01 -45.0000  -4.666667E-01 -8.666667E-01  2.000000E-01  7.512952E-01
                       MID      0.0           0.0           0.0            0.0000   0.0           0.0           0.0           0.0
      307        0     Z1       6.666667E-01  6.666667E-01  2.000000E-01  45.0000   8.666667E-01  4.666667E-01  2.000000E-01  7.512952E-01
                       Z2      -6.666667E-01 -6.666667E-01 -2.000000E-01 -45.0000  -4.666667E-01 -8.666667E-01  2.000000E-01  7.512952E-01
                       MID      0.0           0.0           0.0            0.0000   0.0           0.0           0.0           0.0
      319        0     Z1       6.666667E-01  6.666667E-01  2.000000E-01  45.0000   8.666667E-01  4.666667E-01  2.000000E-01  7.512952E-01
                       Z2      -6.666667E-01 -6.666667E-01 -2.000000E-01 -45.0000  -4.666667E-01 -8.666667E-01  2.000000E-01  7.512952E-01
                       MID      0.0           0.0           0.0            0.0000   0.0           0.0           0.0           0.0
      318        0     Z1       6.666667E-01  6.666667E-01  2.000000E-01  45.0000   8.666667E-01  4.666667E-01  2.000000E-01  7.512952E-01
                       Z2      -6.666667E-01 -6.666667E-01 -2.000000E-01 -45.0000  -4.666667E-01 -8.666667E-01  2.000000E-01  7.512952E-01
                       MID      0.0           0.0           0.0            0.0000   0.0           0.0           0.0           0.0
      324        0     Z1       6.666667E-01  6.666667E-01  2.000000E-01  45.0000   8.666667E-01  4.666667E-01  2.000000E-01  7.512952E-01
                       Z2      -6.666667E-01 -6.666667E-01 -2.000000E-01 -45.0000  -4.666667E-01 -8.666667E-01  2.000000E-01  7.512952E-01
                       MID      0.0           0.0           0.0            0.0000   0.0           0.0           0.0           0.0
      306        0     Z1       6.666667E-01  6.666667E-01  2.000000E-01  45.0000   8.666667E-01  4.666667E-01  2.000000E-01  7.512952E-01
                       Z2      -6.666667E-01 -6.666667E-01 -2.000000E-01 -45.0000  -4.666667E-01 -8.666667E-01  2.000000E-01  7.512952E-01
                       MID      0.0           0.0           0.0            0.0000   0.0           0.0           0.0           0.0
      320        0     Z1       6.666667E-01  6.666667E-01  2.000000E-01  45.0000   8.666667E-01  4.666667E-01  2.000000E-01  7.512952E-01
                       Z2      -6.666667E-01 -6.666667E-01 -2.000000E-01 -45.0000  -4.666667E-01 -8.666667E-01  2.000000E-01  7.512952E-01
                       MID      0.0           0.0           0.0            0.0000   0.0           0.0           0.0           0.0
      313        0     Z1       6.666667E-01  6.666667E-01  2.000000E-01  45.0000   8.666667E-01  4.666667E-01  2.000000E-01  7.512952E-01
                       Z2      -6.666667E-01 -6.666667E-01 -2.000000E-01 -45.0000  -4.666667E-01 -8.666667E-01  2.000000E-01  7.512952E-01
                       MID      0.0           0.0           0.0            0.0000   0.0           0.0           0.0           0.0
      325        0     Z1       6.666667E-01  6.666667E-01  2.000000E-01  45.0000   8.666667E-01  4.666667E-01  2.000000E-01  7.512952E-01
                       Z2      -6.666667E-01 -6.666667E-01 -2.000000E-01 -45.0000  -4.666667E-01 -8.666667E-01  2.000000E-01  7.512952E-01
                       MID      0.0           0.0           0.0            0.0000   0.0           0.0           0.0           0.0
      308        0     Z1       6.666667E-01  6.666667E-01  2.000000E-01  45.0000   8.666667E-01  4.666667E-01  2.000000E-01  7.512952E-01
                       Z2      -6.666667E-01 -6.666667E-01 -2.000000E-01 -45.0000  -4.666667E-01 -8.666667E-01  2.000000E-01  7.512952E-01
                       MID      0.0           0.0           0.0            0.0000   0.0           0.0           0.0           0.0
      322        0     Z1       6.666667E-01  6.666667E-01  2.000000E-01  45.0000   8.666667E-01  4.666667E-01  2.000000E-01  7.512952E-01
                       Z2      -6.666667E-01 -6.666667E-01 -2.000000E-01 -45.0000  -4.666667E-01 -8.666667E-01  2.000000E-01  7.512952E-01
                       MID      0.0           0.0           0.0            0.0000   0.0           0.0           0.0           0.0
      310        0     Z1       6.666667E-01  6.666667E-01  2.000000E-01  45.0000   8.666667E-01  4.666667E-01  2.000000E-01  7.512952E-01
                       Z2      -6.666667E-01 -6.666667E-01 -2.000000E-01 -45.0000  -4.666667E-01 -8.666667E-01  2.000000E-01  7.512952E-01
                       MID      0.0           0.0           0.0            0.0000   0.0           0.0           0.0           0.0
      317        0     Z1       6.666667E-01  6.666667E-01  2.000000E-01  45.0000   8.666667E-01  4.666667E-01  2.000000E-01  7.512952E-01
                       Z2      -6.666667E-01 -6.666667E-01 -2.000000E-01 -45.0000  -4.666667E-01 -8.666667E-01  2.000000E-01  7.512952E-01
                       MID      0.0           0.0           0.0            0.0000   0.0           0.0           0.0           0.0
      323        0     Z1       6.666667E-01  6.666667E-01  2.000000E-01  45.0000   8.666667E-01  4.666667E-01  2.000000E-01  7.512952E-01
                       Z2      -6.666667E-01 -6.666667E-01 -2.000000E-01 -45.0000  -4.666667E-01 -8.666667E-01  2.000000E-01  7.512952E-01
                       MID      0.0           0.0           0.0            0.0000   0.0           0.0           0.0           0.0
      301        0     Z1       6.666667E-01  6.666667E-01  2.000000E-01  45.0000   8.666667E-01  4.666667E-01  2.000000E-01  7.512952E-01
                       Z2      -6.666667E-01 -6.666667E-01 -2.000000E-01 -45.0000  -4.666667E-01 -8.666667E-01  2.000000E-01  7.512952E-01
                       MID      0.0           0.0           0.0            0.0000   0.0           0.0           0.0           0.0
      309        0     Z1       6.666667E-01  6.666667E-01  2.000000E-01  45.0000   8.666667E-01  4.666667E-01  2.000000E-01  7.512952E-01
                       Z2      -6.666667E-01 -6.666667E-01 -2.000000E-01 -45.0000  -4.666667E-01 -8.666667E-01  2.000000E-01  7.512952E-01
                       MID      0.0           0.0           0.0            0.0000   0.0           0.0           0.0           0.0
      315        0     Z1       6.666667E-01  6.666667E-01  2.000000E-01  45.0000   8.666667E-01  4.666667E-01  2.000000E-01  7.512952E-01
                       Z2      -6.666667E-01 -6.666667E-01 -2.000000E-01 -45.0000  -4.666667E-01 -8.666667E-01  2.000000E-01  7.512952E-01
                       MID      0.0           0.0           0.0            0.0000   0.0           0.0           0.0           0.0
      311        0     Z1       6.666667E-01  6.666667E-01  2.000000E-01  45.0000   8.666667E-01  4.666667E-01  2.000000E-01  7.512952E-01
                       Z2      -6.666667E-01 -6.666667E-01 -2.000000E-01 -45.0000  -4.666667E-01 -8.666667E-01  2.000000E-01  7.512952E-01
                       MID      0.0           0.0           0.0            0.0000   0.0           0.0           0.0           0.0
      312        0     Z1       6.666667E-01  6.666667E-01  2.000000E-01  45.0000   8.666667E-01  4.666667E-01  2.000000E-01  7.512952E-01
                       Z2      -6.666667E-01 -6.666667E-01 -2.000000E-01 -45.0000  -4.666667E-01 -8.666667E-01  2.000000E-01  7.512952E-01
                       MID      0.0           0.0           0.0            0.0000   0.0           0.0           0.0           0.0

 >> LINK  9 END

    Total CPU time =  1.72E-01 seconds

 >> MYSTRAN END    : 10/ 7/2026 at  1:38:36.308

                                          * * * END OF JOB * * *
